{"id":"0750df68-94ec-48f5-9510-ce81234abe24","name":"hom","values":[{"key":"user_name","value":"rodrigo.antunes-rodrigues@itau-unibanco.com.br","enabled":true,"type":"default"},{"key":"onpremisessamaccountname","value":"rcanlxv","enabled":true,"type":"default"},{"key":"employeeid","value":"987331825","enabled":true,"type":"default"},{"key":"client_id","value":"6072fbfd-db17-4937-8b20-10399771ccc0","enabled":true,"type":"default"},{"key":"client_secret","value":"vbe8Q~96YQbOk0lrG1jXpZeDQQA0IAzIBK8hccjC","enabled":true,"type":"default"},{"key":"tenant_azure","value":"591669a0-183f-49a5-98f4-9aa0d0b63d81","enabled":true,"type":"default"},{"key":"access_token","value":"","enabled":true,"type":"default"},{"key":"refresh_token","value":"","enabled":true,"type":"default"},{"key":"id_token","value":"","enabled":true,"type":"default"},{"key":"url_iubot","value":"https://iubotapi-dev.cloud.itau.com.br/onboarding","enabled":true,"type":"default"},{"key":"x-itau-correlationID","value":"af1ea2f3-c55e-4903-805d-854d5b4babf0","enabled":true,"type":"default"},{"key":"x-origin-cf-apigw","value":"yJ34Pdr4mmQbcWcX0E8k6ObAKN0A4hpegHZpJ9f7PVH5wxJg8uAGT7s8ezjQJg1Lp0GA8Mddm1AM5cIKtjr/5w==","enabled":true,"type":"default"},{"key":"x-itau-apikey","value":"2651e12b-f293-4a0f-8da6-43abe7c980ec","enabled":true,"type":"default"}]}