{"id":"0f21200d-b649-4433-bc6b-1eecc1cf929b","name":"FU5 - 01 - Desenvolvimento","values":[{"key":"HOST-STS","value":"https://des-sts-int.mbi.cloud.ihf","enabled":true},{"key":"HOST-GTW-OUT","value":"https://des-apigateway-out.mbi.cloud.ihf","enabled":true},{"key":"HOST-GTW-AWS","value":"https://api-sp.dev.aws.cloud.ihf/dev","enabled":true},{"key":"APLICACAO-AWS","value":"/gestaofilas-apigateway-aws","enabled":true},{"key":"STS-ClientId","value":"8ea55cc8-032a-4dc8-b198-c291c5ec7cd4","enabled":true},{"key":"STS-ClientSecret","value":"9ae4b808-e03c-4de5-8924-f165cff3e66d","enabled":true},{"key":"x-itau-apikey","value":"8ea55cc8-032a-4dc8-b198-c291c5ec7cd4","enabled":true},{"key":"x-itau-correlationId","value":"{{$guid}}","enabled":true},{"key":"x-itau-flowId","value":"5abb0b74-7125-4df3-af03-496578007f63","enabled":true},{"key":"x-apigw-api-id","value":"gsv6i42il1","enabled":true},{"key":"BearerToken","value":"","enabled":true}]}