{"id":"1cf62356-6484-428f-ac05-9a2575a3b4ab","name":"Homologação","values":[{"key":"url_sts","value":"hom-sts-int.mbi.cloud.ihf","enabled":true},{"key":"client_id","value":"7656c092-deb5-4dc1-9339-100c093400ef","enabled":true},{"key":"client_secret","value":"cbfb5ce7-8a2b-4b21-8005-951499a0e3f2","enabled":true},{"key":"token_bre","value":"","enabled":true},{"key":"token_bre_vendatudo","value":"","enabled":true},{"key":"url_bre","value":"service.bre.hom.aws.cloud.ihf","enabled":true},{"key":"client_bearer","value":"","enabled":true},{"key":"client_id_bre","value":"8cf21cd2-d4bf-4791-b8f8-03958b3dbfa8","enabled":true},{"key":"client_secret_bre","value":"df9c8607-d1a8-4acb-a74a-d90d98bcbbd6","enabled":true},{"key":"client_bearer_bre","value":"","enabled":true},{"key":"url-api-front","value":"api-sp.hom.aws.cloud.ihf/hom/parametrizador-parametrizador-aws","enabled":true},{"key":"api-gateway-id","value":"86p5kfip67","enabled":true},{"key":"servidor_ura","value":"POSTMAN","enabled":true},{"key":"ip_ura","value":"1.2.3.4","enabled":true},{"key":"ddi","value":"55","enabled":true},{"key":"ddd","value":"11","enabled":true},{"key":"telefone","value":"999998047","enabled":true}]}