{"id":"1fb0dd1a-07ac-4494-a142-37d0157d0e93","name":"Homologação","values":[{"key":"url_sts","value":"hom-sts-int.mbi.cloud.ihf","enabled":true},{"key":"client_id","value":"7656c092-deb5-4dc1-9339-100c093400ef","enabled":true},{"key":"client_secret","value":"cbfb5ce7-8a2b-4b21-8005-951499a0e3f2","enabled":true},{"key":"token_bre","value":"","enabled":true},{"key":"token_bre_vendatudo","value":"","enabled":true},{"key":"url_bre","value":"service.bre.hom.aws.cloud.ihf","enabled":true},{"key":"client_bearer","value":"","enabled":true},{"key":"client_id_bre","value":"8cf21cd2-d4bf-4791-b8f8-03958b3dbfa8","enabled":true},{"key":"client_secret_bre","value":"df9c8607-d1a8-4acb-a74a-d90d98bcbbd6","enabled":true},{"key":"client_bearer_bre","value":"","enabled":true},{"key":"url-api-front","value":"api-sp.hom.aws.cloud.ihf/hom/parametrizador-parametrizador-aws","enabled":true},{"key":"api-gateway-id","value":"86p5kfip67","enabled":true},{"key":"servidor_ura","value":"POSTMAN","enabled":true},{"key":"ip_ura","value":"1.2.3.4","enabled":true},{"key":"ddi","value":"55","enabled":true},{"key":"ddd","value":"11","enabled":true},{"key":"telefone","value":"999998047","enabled":true},{"key":"fu5_client_id","value":"","enabled":true},{"key":"fu5_client_secret","value":"","enabled":true},{"key":"fu5_api_gateway_id","value":"","enabled":true},{"key":"fu5_client_bearer","value":"","enabled":true},{"key":"url_mbi","value":"","enabled":true},{"key":"url_api_gateway","value":"hom-h1-apigateway-int.mbi.cloud.ihf","enabled":true},{"key":"hc8_bearer_bre_rsa","value":"","enabled":true},{"key":"hc8_client_id_bre_rsa","value":"6da58e4c-c421-4aad-a0ce-ef4dd16f4ff2","enabled":true},{"key":"hc8_client_secret_bre_rsa","value":"7504d14e-3082-49d2-8696-d97286238576","enabled":true},{"key":"time_stamp","value":"","enabled":true},{"key":"HC8-P.client_id","value":"7656c092-deb5-4dc1-9339-100c093400ef","enabled":true},{"key":"HC8-P.client_secret","value":"cbfb5ce7-8a2b-4b21-8005-951499a0e3f2","enabled":true}]}