{"id":"3756eda8-984d-4a52-b7db-6d7f1c528e36","name":"01 - Desenvolvimento","values":[{"key":"HOST-IAM","value":"https://servicos-atendimento.ctsp.des.cloud.ihf/iam","enabled":true},{"key":"HOST-STS","value":"https://des-sts-int.mbi.cloud.ihf","enabled":true},{"key":"HOST-WS","value":"https://tubo-atendimento-ws.ctsp.des.cloud.ihf","enabled":true},{"key":"HOST-TUBO","value":"https://tubo-atendimento-mf.ctsp.des.cloud.ihf","enabled":true},{"key":"HOST-GTW","value":"https://des-apigateway-int.mbi.cloud.ihf","enabled":true},{"key":"HOST-UDIAL","value":"http://10.59.10.19:9000","enabled":true},{"key":"x-itau-apikey","value":"fd983166-6c2c-4e3e-a759-e8ec1ec537b0","enabled":true},{"key":"x-itau-apikey-gvp","value":"6697384b-31ad-4fb1-999b-eb7e243219c7","enabled":true},{"key":"x-itau-correlationid","value":"9c7f0e98-da5f-4cf6-81c7-19aa19b2174a","enabled":true},{"key":"x-itau-flowID","value":"5abb0b74-7125-4df3-af03-496578007f63","enabled":true},{"key":"x-itau-flowID-gvp","value":"1437c6b0-b689-4be8-ae7c-37b76715fc12","enabled":true},{"key":"x-itau-internalroute","value":"ura","enabled":true},{"key":"BearerToken","value":"","enabled":true}]}