{"id":"397f07c0-e7ea-45e8-9264-a58d646f27d5","name":"FU5 - 00 - Local","values":[{"key":"HOST-STS","value":"https://des-sts-int.mbi.cloud.ihf","enabled":true},{"key":"HOST-GTW-OUT","value":"https://des-apigateway-out.mbi.cloud.ihf","enabled":true},{"key":"HOST-GTW-AWS","value":"https://localhost:5001","enabled":true},{"key":"APLICACAO-AWS","value":"","enabled":true},{"key":"STS-ClientId","value":"8ea55cc8-032a-4dc8-b198-c291c5ec7cd4","enabled":true},{"key":"STS-ClientSecret","value":"9ae4b808-e03c-4de5-8924-f165cff3e66d","enabled":true},{"key":"x-itau-apikey","value":"8ea55cc8-032a-4dc8-b198-c291c5ec7cd4","enabled":true},{"key":"x-itau-correlationId","value":"{{$guid}}","enabled":true},{"key":"x-itau-flowId","value":"5abb0b74-7125-4df3-af03-496578007f63","enabled":true},{"key":"x-apigw-api-id","value":"gsv6i42il1","enabled":true},{"key":"BearerToken","value":"","enabled":true}]}