{"id":"8160c2f0-45a2-4e91-b22e-fa4b7c7f1d86","name":"Develop","values":[{"key":"oauth","value":"https://des-sts-int.mbi.cloud.ihf/api/oauth/token","enabled":true},{"key":"client_id","value":"04a32ce9-9c50-439a-af56-9b7e80708843","enabled":true},{"key":"client_secret","value":"ab92e05e-42e3-402c-b6a0-c0b3c542c8f9","enabled":true},{"key":"token-expire","value":"token-expire","enabled":true},{"key":"access_token","value":"","enabled":true},{"key":"flow_id","value":"7a66dad2-6f10-4d47-82fb-27ad5f199c5b","enabled":true},{"key":"correlation_id","value":"eeba1025-48c8-45d1-b3c2-e4d60dbc7752","enabled":true}]}