{"id":"84274bff-ef76-4243-a262-d2924e0ec8b0","name":"HC8 - 00 - Local","values":[{"key":"HOST-STS","value":"https://des-sts-int.mbi.cloud.ihf","enabled":true},{"key":"HOST-GTW-INT","value":"https://des-apigateway-int.mbi.cloud.ihf","enabled":true},{"key":"HOST-GTW-AWS","value":"https://localhost:5001","enabled":true},{"key":"APLICACAO-AWS","value":"","enabled":true},{"key":"STS-ClientId","value":"63c4f0ac-1de0-4e55-bd23-0d2b5175b287","enabled":true},{"key":"STS-ClientSecret","value":"89d6f22f-e0b9-4e57-8e16-c7770a496c7c","enabled":true},{"key":"x-itau-apikey","value":"63c4f0ac-1de0-4e55-bd23-0d2b5175b287","enabled":true},{"key":"x-itau-appid","value":"cfcbc4b4-3337-4b4e-b65d-f2160bf8f791","enabled":true},{"key":"x-itau-correlationId","value":"{{$guid}}","enabled":true},{"key":"x-itau-flowId","value":"5abb0b74-7125-4df3-af03-496578007f63","enabled":true},{"key":"x-apigw-api-id","value":"hh34ynutp8","enabled":true},{"key":"id_ligacao","value":"","enabled":true},{"key":"BearerToken","value":"","enabled":true},{"key":"timestamp","value":"","enabled":true}]}