{"id":"cc52277b-0c07-413f-839e-a6a84f8a6c73","name":"HC8 - 02 - Homologação","values":[{"key":"HOST-STS","value":"https://hom-sts-int.mbi.cloud.ihf","enabled":true},{"key":"HOST-GTW-INT","value":"https://hom-apigateway-int.mbi.cloud.ihf","enabled":true},{"key":"HOST-GTW-AWS","value":"https://api-sp.hom.aws.cloud.ihf/hom","enabled":true},{"key":"APLICACAO-AWS","value":"/parametrizador-parametrizador-aws","enabled":true},{"key":"STS-ClientId","value":"7656c092-deb5-4dc1-9339-100c093400ef","enabled":true},{"key":"STS-ClientSecret","value":"cbfb5ce7-8a2b-4b21-8005-951499a0e3f2","enabled":true},{"key":"x-itau-apikey","value":"7656c092-deb5-4dc1-9339-100c093400ef","enabled":true},{"key":"x-itau-appid","value":"cfcbc4b4-3337-4b4e-b65d-f2160bf8f791","enabled":true},{"key":"x-itau-correlationId","value":"{{$guid}}","enabled":true},{"key":"x-itau-flowId","value":"5abb0b74-7125-4df3-af03-496578007f63","enabled":true},{"key":"x-apigw-api-id","value":"86p5kfip67","enabled":true},{"key":"id_ligacao","value":"","enabled":true},{"key":"BearerToken","value":"","enabled":true}]}