{"id":"d06e005b-1c46-4812-88ea-b1803cac0b53","name":"FU5 - 02 - Homologação","values":[{"key":"HOST-STS","value":"https://hom-sts-int.mbi.cloud.ihf","enabled":true},{"key":"HOST-GTW-OUT","value":"https://hom-apigateway-out.mbi.cloud.ihf","enabled":true},{"key":"HOST-GTW-AWS","value":"https://api-sp.hom.aws.cloud.ihf/hom","enabled":true},{"key":"APLICACAO-AWS","value":"/gestaofilas-apigateway-aws","enabled":true},{"key":"STS-ClientId","value":"fc689ac0-45f6-4aad-b6f5-9d8e77282032","enabled":true},{"key":"STS-ClientSecret","value":"0dbe9681-8504-4b8b-a81e-02489b9ee211","enabled":true},{"key":"x-itau-apikey","value":"fc689ac0-45f6-4aad-b6f5-9d8e77282032","enabled":true},{"key":"x-itau-correlationId","value":"{{$guid}}","enabled":true},{"key":"x-itau-flowId","value":"5abb0b74-7125-4df3-af03-496578007f63","enabled":true},{"key":"x-apigw-api-id","value":"q6kmf2kayi","enabled":true},{"key":"BearerToken","value":"","enabled":true}]}