{"id":"d0c81bb3-7ab7-493d-8579-e77dbc7def0e","name":"Homolog","values":[{"key":"oauth","value":"https://hom-sts-int.mbi.cloud.ihf/api/oauth/token","enabled":true,"type":"default"},{"key":"client_id","value":"fc689ac0-45f6-4aad-b6f5-9d8e77282032","enabled":true,"type":"default"},{"key":"client_secret","value":"0dbe9681-8504-4b8b-a81e-02489b9ee211","enabled":true,"type":"default"},{"key":"token-expire","value":"","enabled":true,"type":"default"},{"key":"access_token","value":"","enabled":true,"type":"default"},{"key":"url_ga","value":"https://hom-apigateway-out.mbi.cloud.ihf","enabled":true,"type":"default"},{"key":"api-gateway-id","value":"q6kmf2kayi","enabled":true,"type":"default"}]}