{"info":{"_postman_id":"0e78b1da-488c-4cb3-ab95-517a93541098","name":"HC8 api historico","description":"Itaú - API de Histórico - Itau.HC8.Historico.Api - build: 1.0.0.1","schema":"https://schema.getpostman.com/json/collection/v2.1.0/collection.json"},"item":[{"name":"api","item":[],"id":"281ceabe-a467-4ff9-890d-fd3e36001ae9","description":"Folder for api"},{"name":"/v1","item":[{"name":"/ligacoes","item":[{"name":"Seguros","item":[{"name":"ID=10 OK!","id":"b38c5489-6c6b-4070-b75f-0cbd9fd627a7","protocolProfileBehavior":{"disableBodyPruning":true},"request":{"method":"GET","header":[{"key":"Accept","value":"application/json"}],"url":{"raw":"http://{{url_container_api_historico}}/api/v1/ligacoes/10","protocol":"http","host":["{{url_container_api_historico}}"],"path":["api","v1","ligacoes","10"]}},"response":[]},{"name":"Tentativa de chamada na historico","event":[{"listen":"test","script":{"id":"0493a490-2ae7-49e5-a13b-c854519b6488","exec":["var json = JSON.parse(responseBody);\r","\r","pm.test(\"Status code is 200\", function () {\r","    pm.response.to.have.status(200);});\r","    \r","pm.test(\"listaFilaDerivacao.cdn = 0000\", function () {\r","    pm.expect(json.data.listaFilaDerivacao[0].cdn).to.eql(\"0000\");\r","});\r","\r","pm.test(\"listaFilaDerivacao.routingPoint = 0019\", function () {\r","    pm.expect(json.data.listaFilaDerivacao[0].routingPoint).to.eql(\"0019\");\r","});"],"type":"text/javascript"}},{"listen":"prerequest","script":{"id":"e1af3723-b48e-4b3b-b8ea-5fdc431fa546","exec":["var time_stamp=new Date().toISOString().replace(/\\-/g,'').replace('T','').replace(/\\:/g,'').replace('.','').replace('Z','');","","pm.globals.set('time_stamp',time_stamp);"],"type":"text/javascript"}}],"id":"7f913c8d-449b-43b6-b1c3-246fad9af1b5","protocolProfileBehavior":{"disableBodyPruning":true},"request":{"auth":{"type":"noauth"},"method":"POST","header":[{"key":"Content-Type","name":"Content-Type","type":"text","value":"application/json"},{"key":"x-itau-apikey","type":"text","value":"{{client_id}}"},{"key":"x-itau-correlationID","type":"text","value":"{{$guid}}"},{"key":"x-apigw-api-id","type":"text","value":"{{api-gateway-id}}"},{"key":"Authorization","type":"text","value":"Bearer {{client_bearer}}","warning":"This is a duplicate header and will be overridden by the Authorization header generated by Postman."}],"body":{"mode":"raw","raw":"{\n    \"numero_identificacao\": 4225633476241032.0,\n    \"data_inicial_ligacao\": \"2022-04-19T09:54:44.7502533-03:00\",\n    \"servidor\": {\n        \"nome_servidor_atendente_eletronico\": \"05764\",\n        \"numero_internet_protocol_atendente_eletronico\": \"10.59.59.62\",\n        \"grupo\": {\n            \"id_grupo_atendente_eletronico\": 8\n        }\n    },\n    \"cliente\": {\n        \"id_identificacao_pessoa\": \"\",\n        \"numero_cpf\": \"12859367870\"\n    },\n    \"conta\": {\n        \"id_tipo_empresa_conglomerado\": \"\",\n        \"id_empresa_conglomerado\": \"\",\n        \"numero_unidade_atendimento_conglomerado\": \"\",\n        \"numero_conta\": \"\",\n        \"numero_digito_verificador_conta\": \"\"\n    },\n    \"cartao_credito\": {\n        \"hash_cartao_credito\": null,\n        \"numero_cartao\": \"\"\n    },\n    \"telefone_chamador\": {\n        \"codigo_ddi_telefone\": 55,\n        \"codigo_ddd_telefone\": 55,\n        \"numero_telefone\": 1137442188\n    },\n    \"chaves_eletronicas\": [\n        {\n            \"nome_chave_eletronica\": \"CDN\",\n            \"texto_chave_eletronica\": \"6051\"\n        }\n    ],\n    \"campanhas\": []\n}"},"url":{"raw":"http://nlb-awsnlbhistorico-203dc6c4306d13c5.elb.sa-east-1.amazonaws.com:443/api/v1/ligacoes/","protocol":"http","host":["nlb-awsnlbhistorico-203dc6c4306d13c5","elb","sa-east-1","amazonaws","com"],"port":"443","path":["api","v1","ligacoes",""]}},"response":[]},{"name":"health-check Copy","event":[{"listen":"test","script":{"exec":["var json = JSON.parse(responseBody);\r","\r","pm.test(\"Status code is 200\", function () {\r","    pm.response.to.have.status(200);});\r","    \r","pm.test(\"ok\", function () {\r","    pm.expect(json.data.mensagem).to.eql(\"OK!\");\r","});"],"type":"text/javascript","id":"eb1eb2c5-462d-4a2a-b259-780b588cce87"}}],"id":"cdd535fb-9ed1-4a2a-a05a-8a9edfc04a9b","protocolProfileBehavior":{"disableBodyPruning":true},"request":{"auth":{"type":"noauth"},"method":"GET","header":[{"key":"x-itau-apikey","value":"{{client_id}}","type":"text"},{"key":"x-itau-correlationID","value":"{{$guid}}","type":"text"},{"key":"x-apigw-api-id","value":"{{api-gateway-id}}","type":"text"},{"warning":"This is a duplicate header and will be overridden by the Authorization header generated by Postman.","key":"Authorization","value":"Bearer {{client_bearer}}","type":"text"}],"url":{"raw":"https://{{url-api-front}}/v1/validacoes","protocol":"https","host":["{{url-api-front}}"],"path":["v1","validacoes"]}},"response":[]}],"id":"65843965-883a-4f57-92ce-b2584549187f"},{"name":"","id":"a19d785e-1375-435a-9066-b939c482ebfc","protocolProfileBehavior":{"disableBodyPruning":true},"request":{"method":"POST","header":[{"key":"Accept","value":"application/json"},{"key":"Content-Type","value":"application/json-patch+json; v=1"}],"body":{"mode":"raw","raw":""},"url":{"raw":"https://localhost:5001/api/v:version/ligacoes","protocol":"https","host":["localhost"],"port":"5001","path":["api","v:version","ligacoes"],"variable":[{"id":"c92907a5-a070-4656-b330-ed4471515700","key":"version","value":"{{version}}"}]}},"response":[]},{"name":"ConnID 1000000000000013628","id":"0b0ffdfd-6643-4dc8-aeb5-84a0c8d93388","protocolProfileBehavior":{"disableBodyPruning":true},"request":{"method":"GET","header":[{"key":"Accept","value":"application/json"}],"url":{"raw":"http://{{url_container_api_historico}}/api/v1/ligacoes/numero_identificacao/1000000000000013628","protocol":"http","host":["{{url_container_api_historico}}"],"path":["api","v1","ligacoes","numero_identificacao","1000000000000013628"]}},"response":[]},{"name":"","id":"f756a258-1cbc-4c6e-ae33-778060ecf09a","protocolProfileBehavior":{"disableBodyPruning":true},"request":{"method":"PATCH","header":[{"key":"Accept","value":"application/json"},{"key":"Content-Type","value":"application/json-patch+json; v=1"}],"body":{"mode":"raw","raw":""},"url":{"raw":"https://localhost:5001/api/v:version/ligacoes/numero_identificacao/:numeroIdentificacao","protocol":"https","host":["localhost"],"port":"5001","path":["api","v:version","ligacoes","numero_identificacao",":numeroIdentificacao"],"variable":[{"id":"dd68e1ef-f6f9-4c36-a477-ec3e10c07960","key":"numeroIdentificacao","value":"{{numeroIdentificacao}}"},{"id":"6b08836e-1603-4add-854f-0177def450f3","key":"version","value":"{{version}}"}]}},"response":[]}],"id":"dd2a5d13-ae88-488e-9935-e0d8f6273e1c"},{"name":"/historicos","item":[{"name":"","id":"4e81009f-ad14-4532-8dd1-0ee4f1a7ac5e","protocolProfileBehavior":{"disableBodyPruning":true},"request":{"method":"GET","header":[{"key":"Accept","value":"application/json"},{"key":"","value":"","type":"text","disabled":true}],"url":{"raw":"http://{{url_container_api_historico}}/api/v1/historicos/detal?pessoa=1&grupo=3&data=2021-06-08","protocol":"http","host":["{{url_container_api_historico}}"],"path":["api","v1","historicos","detal"],"query":[{"key":"pessoa","value":"1"},{"key":"grupo","value":"3"},{"key":"data","value":"2021-06-08"}]}},"response":[]}],"id":"5e02a896-c9c7-4677-a97f-04a044ee7a5a"},{"name":"Health Check OK","id":"88a7abc8-40bb-40a8-8c3d-44e435d1d58c","protocolProfileBehavior":{"disableBodyPruning":true},"request":{"method":"GET","header":[{"key":"Accept","value":"application/json"}],"url":{"raw":"http://{{url_container_api_historico}}/healthchecks","protocol":"http","host":["{{url_container_api_historico}}"],"path":["healthchecks"]}},"response":[]}],"id":"78fbd743-c501-4e01-9488-7df1edf11335","event":[{"listen":"prerequest","script":{"id":"7b01474d-24f5-48a6-b465-4e6c0daa40b4","type":"text/javascript","exec":[""]}},{"listen":"test","script":{"id":"9cc65f03-57ac-48f2-986c-ee55a767fc68","type":"text/javascript","exec":[""]}}]}],"event":[{"listen":"prerequest","script":{"id":"58f98900-6fe0-4da0-a020-7d81014e1226","type":"text/javascript","exec":[""]}},{"listen":"test","script":{"id":"be412804-68e1-439c-ad5b-f377cdc8dbe5","type":"text/javascript","exec":[""]}}]}