{"info":{"_postman_id":"0f26fb56-a373-4b95-b248-c6ba8f4cc271","name":"GTW_HOM_EXPOSICAO_MC4","description":"GTW Governado do repositorio openbanking-meioscontatos-tecext-aws-master da conta 548419872919. Swagger: Production/openbanking-meioscontatos-tecext-aws-hom-1.13.0.json","schema":"https://schema.getpostman.com/json/collection/v2.1.0/collection.json"},"item":[{"name":"open-banking/channels/v1","item":[{"name":"electronic-channels","item":[{"name":"/open-banking/channels/v1/electronic-channels","id":"c07eb27e-7ef2-452d-b470-da8a1d51e8d4","protocolProfileBehavior":{"disableBodyPruning":true},"request":{"method":"GET","header":[{"description":"(Required) ","key":"x-itau-correlationID","value":"<string>","disabled":true},{"description":"(Required) ","key":"x-itau-apikey","value":"<string>","disabled":true},{"key":"x-origin-cf-apigw","value":"IcZAKrfA8qUAzgQT7cClxhS2ObEaWxhYgJEAUI6OohDcYnL3JHK/9DAuCt3J589mF6KIjhN5UuqsVvjOPF5SNw==,cUUmvOfL0PPJTfZozk1Rc7OvbEff3Vz3Mpc/B9ghZbYGjiWoCIdsLcGbnfxDKQsGGOiW74uRUvW5ueOsPcf9Uw==","type":"text"}],"url":{"raw":"{{baseUrl}}/open-banking/channels/v1/electronic-channels?page-size=75&page=1","host":["{{baseUrl}}"],"path":["open-banking","channels","v1","electronic-channels"],"query":[{"key":"page-size","value":"75"},{"key":"page","value":"1"},{"key":"","value":"","disabled":true}]}},"response":[{"id":"09649a91-8a5b-48fa-b807-1d4136fac2c6","name":"405 response","originalRequest":{"method":"GET","header":[{"description":"(Required) ","key":"x-itau-correlationID","value":"<string>"},{"description":"(Required) ","key":"x-itau-apikey","value":"<string>"}],"url":{"raw":"{{baseUrl}}/open-banking/channels/v1/electronic-channels?page-size=<string>&page=<string>","host":["{{baseUrl}}"],"path":["open-banking","channels","v1","electronic-channels"],"query":[{"key":"page-size","value":"<string>"},{"key":"page","value":"<string>"}]}},"status":"Method Not Allowed","code":405,"_postman_previewlanguage":"json","header":[{"key":"Content-Type","value":"application/json"}],"cookie":[],"responseTime":null,"body":"{\n \"messages\": [\n  {\n   \"codigo\": \"eu quis deserunt laborum\",\n   \"mensagem\": \"sit laboris labore aute\",\n   \"campos\": [\n    {\n     \"mensagem\": \"cillum eu cons\",\n     \"valor\": \"dolor elit culpa\",\n     \"campo\": \"incididunt enim ipsum elit ut\"\n    },\n    {\n     \"mensagem\": \"ut Duis sunt officia nostrud\",\n     \"valor\": \"amet ut sunt ullamco\",\n     \"campo\": \"Excepteur nulla\"\n    }\n   ]\n  },\n  {\n   \"codigo\": \"Lorem est\",\n   \"mensagem\": \"officia nulla ut\",\n   \"campos\": [\n    {\n     \"mensagem\": \"occaecat est mollit quis\",\n     \"valor\": \"in veniam anim\",\n     \"campo\": \"ut \"\n    },\n    {\n     \"mensagem\": \"dolore adi\",\n     \"valor\": \"minim labore et Excepteur\",\n     \"campo\": \"aliqua\"\n    }\n   ]\n  }\n ]\n}"},{"id":"9730e056-10e8-4d93-bd63-64938f8da73b","name":"404 response","originalRequest":{"method":"GET","header":[{"description":"(Required) ","key":"x-itau-correlationID","value":"<string>"},{"description":"(Required) ","key":"x-itau-apikey","value":"<string>"}],"url":{"raw":"{{baseUrl}}/open-banking/channels/v1/electronic-channels?page-size=<string>&page=<string>","host":["{{baseUrl}}"],"path":["open-banking","channels","v1","electronic-channels"],"query":[{"key":"page-size","value":"<string>"},{"key":"page","value":"<string>"}]}},"status":"Not Found","code":404,"_postman_previewlanguage":"json","header":[{"key":"Content-Type","value":"application/json"}],"cookie":[],"responseTime":null,"body":"{\n \"messages\": [\n  {\n   \"codigo\": \"eu quis deserunt laborum\",\n   \"mensagem\": \"sit laboris labore aute\",\n   \"campos\": [\n    {\n     \"mensagem\": \"cillum eu cons\",\n     \"valor\": \"dolor elit culpa\",\n     \"campo\": \"incididunt enim ipsum elit ut\"\n    },\n    {\n     \"mensagem\": \"ut Duis sunt officia nostrud\",\n     \"valor\": \"amet ut sunt ullamco\",\n     \"campo\": \"Excepteur nulla\"\n    }\n   ]\n  },\n  {\n   \"codigo\": \"Lorem est\",\n   \"mensagem\": \"officia nulla ut\",\n   \"campos\": [\n    {\n     \"mensagem\": \"occaecat est mollit quis\",\n     \"valor\": \"in veniam anim\",\n     \"campo\": \"ut \"\n    },\n    {\n     \"mensagem\": \"dolore adi\",\n     \"valor\": \"minim labore et Excepteur\",\n     \"campo\": \"aliqua\"\n    }\n   ]\n  }\n ]\n}"},{"id":"03fba30d-292d-4449-b697-a80108e535ea","name":"503 response","originalRequest":{"method":"GET","header":[{"description":"(Required) ","key":"x-itau-correlationID","value":"<string>"},{"description":"(Required) ","key":"x-itau-apikey","value":"<string>"}],"url":{"raw":"{{baseUrl}}/open-banking/channels/v1/electronic-channels?page-size=<string>&page=<string>","host":["{{baseUrl}}"],"path":["open-banking","channels","v1","electronic-channels"],"query":[{"key":"page-size","value":"<string>"},{"key":"page","value":"<string>"}]}},"status":"Service Unavailable","code":503,"_postman_previewlanguage":"json","header":[{"key":"Content-Type","value":"application/json"}],"cookie":[],"responseTime":null,"body":"{\n \"messages\": [\n  {\n   \"codigo\": \"eu quis deserunt laborum\",\n   \"mensagem\": \"sit laboris labore aute\",\n   \"campos\": [\n    {\n     \"mensagem\": \"cillum eu cons\",\n     \"valor\": \"dolor elit culpa\",\n     \"campo\": \"incididunt enim ipsum elit ut\"\n    },\n    {\n     \"mensagem\": \"ut Duis sunt officia nostrud\",\n     \"valor\": \"amet ut sunt ullamco\",\n     \"campo\": \"Excepteur nulla\"\n    }\n   ]\n  },\n  {\n   \"codigo\": \"Lorem est\",\n   \"mensagem\": \"officia nulla ut\",\n   \"campos\": [\n    {\n     \"mensagem\": \"occaecat est mollit quis\",\n     \"valor\": \"in veniam anim\",\n     \"campo\": \"ut \"\n    },\n    {\n     \"mensagem\": \"dolore adi\",\n     \"valor\": \"minim labore et Excepteur\",\n     \"campo\": \"aliqua\"\n    }\n   ]\n  }\n ]\n}"},{"id":"dd44e38e-882c-4d90-9856-34012a304601","name":"400 response","originalRequest":{"method":"GET","header":[{"description":"(Required) ","key":"x-itau-correlationID","value":"<string>"},{"description":"(Required) ","key":"x-itau-apikey","value":"<string>"}],"url":{"raw":"{{baseUrl}}/open-banking/channels/v1/electronic-channels?page-size=<string>&page=<string>","host":["{{baseUrl}}"],"path":["open-banking","channels","v1","electronic-channels"],"query":[{"key":"page-size","value":"<string>"},{"key":"page","value":"<string>"}]}},"status":"Bad Request","code":400,"_postman_previewlanguage":"json","header":[{"key":"Content-Type","value":"application/json"}],"cookie":[],"responseTime":null,"body":"{\n \"messages\": [\n  {\n   \"codigo\": \"eu quis deserunt laborum\",\n   \"mensagem\": \"sit laboris labore aute\",\n   \"campos\": [\n    {\n     \"mensagem\": \"cillum eu cons\",\n     \"valor\": \"dolor elit culpa\",\n     \"campo\": \"incididunt enim ipsum elit ut\"\n    },\n    {\n     \"mensagem\": \"ut Duis sunt officia nostrud\",\n     \"valor\": \"amet ut sunt ullamco\",\n     \"campo\": \"Excepteur nulla\"\n    }\n   ]\n  },\n  {\n   \"codigo\": \"Lorem est\",\n   \"mensagem\": \"officia nulla ut\",\n   \"campos\": [\n    {\n     \"mensagem\": \"occaecat est mollit quis\",\n     \"valor\": \"in veniam anim\",\n     \"campo\": \"ut \"\n    },\n    {\n     \"mensagem\": \"dolore adi\",\n     \"valor\": \"minim labore et Excepteur\",\n     \"campo\": \"aliqua\"\n    }\n   ]\n  }\n ]\n}"},{"id":"59745487-d475-4b7f-923a-cbf3ae0985e3","name":"422 response","originalRequest":{"method":"GET","header":[{"description":"(Required) ","key":"x-itau-correlationID","value":"<string>"},{"description":"(Required) ","key":"x-itau-apikey","value":"<string>"}],"url":{"raw":"{{baseUrl}}/open-banking/channels/v1/electronic-channels?page-size=<string>&page=<string>","host":["{{baseUrl}}"],"path":["open-banking","channels","v1","electronic-channels"],"query":[{"key":"page-size","value":"<string>"},{"key":"page","value":"<string>"}]}},"status":"Unprocessable Entity (WebDAV) (RFC 4918)","code":422,"_postman_previewlanguage":"json","header":[{"key":"Content-Type","value":"application/json"}],"cookie":[],"responseTime":null,"body":"{\n \"messages\": [\n  {\n   \"codigo\": \"eu quis deserunt laborum\",\n   \"mensagem\": \"sit laboris labore aute\",\n   \"campos\": [\n    {\n     \"mensagem\": \"cillum eu cons\",\n     \"valor\": \"dolor elit culpa\",\n     \"campo\": \"incididunt enim ipsum elit ut\"\n    },\n    {\n     \"mensagem\": \"ut Duis sunt officia nostrud\",\n     \"valor\": \"amet ut sunt ullamco\",\n     \"campo\": \"Excepteur nulla\"\n    }\n   ]\n  },\n  {\n   \"codigo\": \"Lorem est\",\n   \"mensagem\": \"officia nulla ut\",\n   \"campos\": [\n    {\n     \"mensagem\": \"occaecat est mollit quis\",\n     \"valor\": \"in veniam anim\",\n     \"campo\": \"ut \"\n    },\n    {\n     \"mensagem\": \"dolore adi\",\n     \"valor\": \"minim labore et Excepteur\",\n     \"campo\": \"aliqua\"\n    }\n   ]\n  }\n ]\n}"},{"id":"bf02e150-9d46-432e-9828-bb02fae22662","name":"403 response","originalRequest":{"method":"GET","header":[{"description":"(Required) ","key":"x-itau-correlationID","value":"<string>"},{"description":"(Required) ","key":"x-itau-apikey","value":"<string>"}],"url":{"raw":"{{baseUrl}}/open-banking/channels/v1/electronic-channels?page-size=<string>&page=<string>","host":["{{baseUrl}}"],"path":["open-banking","channels","v1","electronic-channels"],"query":[{"key":"page-size","value":"<string>"},{"key":"page","value":"<string>"}]}},"status":"Forbidden","code":403,"_postman_previewlanguage":"json","header":[{"key":"Content-Type","value":"application/json"}],"cookie":[],"responseTime":null,"body":"{\n \"messages\": [\n  {\n   \"codigo\": \"eu quis deserunt laborum\",\n   \"mensagem\": \"sit laboris labore aute\",\n   \"campos\": [\n    {\n     \"mensagem\": \"cillum eu cons\",\n     \"valor\": \"dolor elit culpa\",\n     \"campo\": \"incididunt enim ipsum elit ut\"\n    },\n    {\n     \"mensagem\": \"ut Duis sunt officia nostrud\",\n     \"valor\": \"amet ut sunt ullamco\",\n     \"campo\": \"Excepteur nulla\"\n    }\n   ]\n  },\n  {\n   \"codigo\": \"Lorem est\",\n   \"mensagem\": \"officia nulla ut\",\n   \"campos\": [\n    {\n     \"mensagem\": \"occaecat est mollit quis\",\n     \"valor\": \"in veniam anim\",\n     \"campo\": \"ut \"\n    },\n    {\n     \"mensagem\": \"dolore adi\",\n     \"valor\": \"minim labore et Excepteur\",\n     \"campo\": \"aliqua\"\n    }\n   ]\n  }\n ]\n}"},{"id":"78dd7866-1b9f-4a21-9f9c-f73894b1558d","name":"200 response","originalRequest":{"method":"GET","header":[{"description":"(Required) ","key":"x-itau-correlationID","value":"<string>"},{"description":"(Required) ","key":"x-itau-apikey","value":"<string>"}],"url":{"raw":"{{baseUrl}}/open-banking/channels/v1/electronic-channels?page-size=<string>&page=<string>","host":["{{baseUrl}}"],"path":["open-banking","channels","v1","electronic-channels"],"query":[{"key":"page-size","value":"<string>"},{"key":"page","value":"<string>"}]}},"status":"OK","code":200,"_postman_previewlanguage":"json","header":[{"key":"Access-Control-Allow-Origin","value":"qui sed","description":""},{"key":"Content-Location","value":"qui sed","description":""},{"key":"Access-Control-Allow-Methods","value":"qui sed","description":""},{"key":"Access-Control-Allow-Headers","value":"qui sed","description":""},{"key":"Content-Type","value":"application/json"}],"cookie":[],"responseTime":null,"body":"{\n \"data\": {\n  \"links\": {},\n  \"meta\": {},\n  \"data\": {}\n }\n}"},{"id":"49a385b8-c5c0-4d7e-8243-4047b1d4de9a","name":"500 response","originalRequest":{"method":"GET","header":[{"description":"(Required) ","key":"x-itau-correlationID","value":"<string>"},{"description":"(Required) ","key":"x-itau-apikey","value":"<string>"}],"url":{"raw":"{{baseUrl}}/open-banking/channels/v1/electronic-channels?page-size=<string>&page=<string>","host":["{{baseUrl}}"],"path":["open-banking","channels","v1","electronic-channels"],"query":[{"key":"page-size","value":"<string>"},{"key":"page","value":"<string>"}]}},"status":"Internal Server Error","code":500,"_postman_previewlanguage":"json","header":[{"key":"Content-Type","value":"application/json"}],"cookie":[],"responseTime":null,"body":"{\n \"messages\": [\n  {\n   \"codigo\": \"eu quis deserunt laborum\",\n   \"mensagem\": \"sit laboris labore aute\",\n   \"campos\": [\n    {\n     \"mensagem\": \"cillum eu cons\",\n     \"valor\": \"dolor elit culpa\",\n     \"campo\": \"incididunt enim ipsum elit ut\"\n    },\n    {\n     \"mensagem\": \"ut Duis sunt officia nostrud\",\n     \"valor\": \"amet ut sunt ullamco\",\n     \"campo\": \"Excepteur nulla\"\n    }\n   ]\n  },\n  {\n   \"codigo\": \"Lorem est\",\n   \"mensagem\": \"officia nulla ut\",\n   \"campos\": [\n    {\n     \"mensagem\": \"occaecat est mollit quis\",\n     \"valor\": \"in veniam anim\",\n     \"campo\": \"ut \"\n    },\n    {\n     \"mensagem\": \"dolore adi\",\n     \"valor\": \"minim labore et Excepteur\",\n     \"campo\": \"aliqua\"\n    }\n   ]\n  }\n ]\n}"},{"id":"dd86b1b3-96bf-4e6e-8491-07945ad10607","name":"304 response","originalRequest":{"method":"GET","header":[{"description":"(Required) ","key":"x-itau-correlationID","value":"<string>"},{"description":"(Required) ","key":"x-itau-apikey","value":"<string>"}],"url":{"raw":"{{baseUrl}}/open-banking/channels/v1/electronic-channels?page-size=<string>&page=<string>","host":["{{baseUrl}}"],"path":["open-banking","channels","v1","electronic-channels"],"query":[{"key":"page-size","value":"<string>"},{"key":"page","value":"<string>"}]}},"status":"Not Modified","code":304,"_postman_previewlanguage":"text","header":[{"key":"Content-Location","value":"qui sed","description":""},{"key":"Content-Type","value":"text/plain"}],"cookie":[],"responseTime":null,"body":""},{"id":"c3ca8f86-4f76-49f0-a60b-9721e5b1e10f","name":"501 response","originalRequest":{"method":"GET","header":[{"description":"(Required) ","key":"x-itau-correlationID","value":"<string>"},{"description":"(Required) ","key":"x-itau-apikey","value":"<string>"}],"url":{"raw":"{{baseUrl}}/open-banking/channels/v1/electronic-channels?page-size=<string>&page=<string>","host":["{{baseUrl}}"],"path":["open-banking","channels","v1","electronic-channels"],"query":[{"key":"page-size","value":"<string>"},{"key":"page","value":"<string>"}]}},"status":"Not Implemented","code":501,"_postman_previewlanguage":"json","header":[{"key":"Content-Type","value":"application/json"}],"cookie":[],"responseTime":null,"body":"{\n \"messages\": [\n  {\n   \"codigo\": \"eu quis deserunt laborum\",\n   \"mensagem\": \"sit laboris labore aute\",\n   \"campos\": [\n    {\n     \"mensagem\": \"cillum eu cons\",\n     \"valor\": \"dolor elit culpa\",\n     \"campo\": \"incididunt enim ipsum elit ut\"\n    },\n    {\n     \"mensagem\": \"ut Duis sunt officia nostrud\",\n     \"valor\": \"amet ut sunt ullamco\",\n     \"campo\": \"Excepteur nulla\"\n    }\n   ]\n  },\n  {\n   \"codigo\": \"Lorem est\",\n   \"mensagem\": \"officia nulla ut\",\n   \"campos\": [\n    {\n     \"mensagem\": \"occaecat est mollit quis\",\n     \"valor\": \"in veniam anim\",\n     \"campo\": \"ut \"\n    },\n    {\n     \"mensagem\": \"dolore adi\",\n     \"valor\": \"minim labore et Excepteur\",\n     \"campo\": \"aliqua\"\n    }\n   ]\n  }\n ]\n}"},{"id":"86f772a6-b497-4700-9cd1-f5b9147c99c2","name":"204 response","originalRequest":{"method":"GET","header":[{"description":"(Required) ","key":"x-itau-correlationID","value":"<string>"},{"description":"(Required) ","key":"x-itau-apikey","value":"<string>"}],"url":{"raw":"{{baseUrl}}/open-banking/channels/v1/electronic-channels?page-size=<string>&page=<string>","host":["{{baseUrl}}"],"path":["open-banking","channels","v1","electronic-channels"],"query":[{"key":"page-size","value":"<string>"},{"key":"page","value":"<string>"}]}},"status":"No Content","code":204,"_postman_previewlanguage":"text","header":[{"key":"Content-Location","value":"qui sed","description":""},{"key":"Content-Type","value":"text/plain"}],"cookie":[],"responseTime":null,"body":""},{"id":"2c67f783-ce29-47dd-98ac-dd423cb38ffb","name":"401 response","originalRequest":{"method":"GET","header":[{"description":"(Required) ","key":"x-itau-correlationID","value":"<string>"},{"description":"(Required) ","key":"x-itau-apikey","value":"<string>"}],"url":{"raw":"{{baseUrl}}/open-banking/channels/v1/electronic-channels?page-size=<string>&page=<string>","host":["{{baseUrl}}"],"path":["open-banking","channels","v1","electronic-channels"],"query":[{"key":"page-size","value":"<string>"},{"key":"page","value":"<string>"}]}},"status":"Unauthorized","code":401,"_postman_previewlanguage":"json","header":[{"key":"Content-Type","value":"application/json"}],"cookie":[],"responseTime":null,"body":"{\n \"messages\": [\n  {\n   \"codigo\": \"eu quis deserunt laborum\",\n   \"mensagem\": \"sit laboris labore aute\",\n   \"campos\": [\n    {\n     \"mensagem\": \"cillum eu cons\",\n     \"valor\": \"dolor elit culpa\",\n     \"campo\": \"incididunt enim ipsum elit ut\"\n    },\n    {\n     \"mensagem\": \"ut Duis sunt officia nostrud\",\n     \"valor\": \"amet ut sunt ullamco\",\n     \"campo\": \"Excepteur nulla\"\n    }\n   ]\n  },\n  {\n   \"codigo\": \"Lorem est\",\n   \"mensagem\": \"officia nulla ut\",\n   \"campos\": [\n    {\n     \"mensagem\": \"occaecat est mollit quis\",\n     \"valor\": \"in veniam anim\",\n     \"campo\": \"ut \"\n    },\n    {\n     \"mensagem\": \"dolore adi\",\n     \"valor\": \"minim labore et Excepteur\",\n     \"campo\": \"aliqua\"\n    }\n   ]\n  }\n ]\n}"},{"id":"86a1c5b0-d9d6-40af-94cc-afdf66b45e50","name":"303 response","originalRequest":{"method":"GET","header":[{"description":"(Required) ","key":"x-itau-correlationID","value":"<string>"},{"description":"(Required) ","key":"x-itau-apikey","value":"<string>"}],"url":{"raw":"{{baseUrl}}/open-banking/channels/v1/electronic-channels?page-size=<string>&page=<string>","host":["{{baseUrl}}"],"path":["open-banking","channels","v1","electronic-channels"],"query":[{"key":"page-size","value":"<string>"},{"key":"page","value":"<string>"}]}},"status":"See Other","code":303,"_postman_previewlanguage":"text","header":[{"key":"Content-Location","value":"qui sed","description":""},{"key":"Location","value":"qui sed","description":""},{"key":"Content-Type","value":"text/plain"}],"cookie":[],"responseTime":null,"body":""},{"id":"21829cb4-dd1b-4a06-9377-698fb602088d","name":"428 response","originalRequest":{"method":"GET","header":[{"description":"(Required) ","key":"x-itau-correlationID","value":"<string>"},{"description":"(Required) ","key":"x-itau-apikey","value":"<string>"}],"url":{"raw":"{{baseUrl}}/open-banking/channels/v1/electronic-channels?page-size=<string>&page=<string>","host":["{{baseUrl}}"],"path":["open-banking","channels","v1","electronic-channels"],"query":[{"key":"page-size","value":"<string>"},{"key":"page","value":"<string>"}]}},"status":"Precondition Required","code":428,"_postman_previewlanguage":"json","header":[{"key":"Content-Type","value":"application/json"}],"cookie":[],"responseTime":null,"body":"{\n \"messages\": [\n  {\n   \"codigo\": \"eu quis deserunt laborum\",\n   \"mensagem\": \"sit laboris labore aute\",\n   \"campos\": [\n    {\n     \"mensagem\": \"cillum eu cons\",\n     \"valor\": \"dolor elit culpa\",\n     \"campo\": \"incididunt enim ipsum elit ut\"\n    },\n    {\n     \"mensagem\": \"ut Duis sunt officia nostrud\",\n     \"valor\": \"amet ut sunt ullamco\",\n     \"campo\": \"Excepteur nulla\"\n    }\n   ]\n  },\n  {\n   \"codigo\": \"Lorem est\",\n   \"mensagem\": \"officia nulla ut\",\n   \"campos\": [\n    {\n     \"mensagem\": \"occaecat est mollit quis\",\n     \"valor\": \"in veniam anim\",\n     \"campo\": \"ut \"\n    },\n    {\n     \"mensagem\": \"dolore adi\",\n     \"valor\": \"minim labore et Excepteur\",\n     \"campo\": \"aliqua\"\n    }\n   ]\n  }\n ]\n}"}]},{"name":"/open-banking/channels/v1/electronic-channels","id":"e587dd5b-6ae3-4bcb-b617-11d92b380fd8","protocolProfileBehavior":{"disableBodyPruning":true},"request":{"method":"OPTIONS","header":[],"url":{"raw":"{{baseUrl}}/open-banking/channels/v1/electronic-channels","host":["{{baseUrl}}"],"path":["open-banking","channels","v1","electronic-channels"]}},"response":[{"id":"f842f20c-a7d5-4a02-85f6-2b9336a57637","name":"200 response","originalRequest":{"method":"OPTIONS","header":[],"url":{"raw":"{{baseUrl}}/open-banking/channels/v1/electronic-channels","host":["{{baseUrl}}"],"path":["open-banking","channels","v1","electronic-channels"]}},"status":"OK","code":200,"_postman_previewlanguage":"text","header":[{"key":"Access-Control-Allow-Origin","value":"qui sed","description":""},{"key":"Access-Control-Allow-Methods","value":"qui sed","description":""},{"key":"Access-Control-Allow-Headers","value":"qui sed","description":""},{"key":"Content-Type","value":"text/plain"}],"cookie":[],"responseTime":null,"body":""}]}],"id":"8a75b6be-f740-4213-8830-4b919654d406"},{"name":"phone-channels","item":[{"name":"/open-banking/channels/v1/phone-channels","id":"1d8e9c28-11bd-4e12-9996-f9cf23498b92","protocolProfileBehavior":{"disableBodyPruning":true},"request":{"method":"GET","header":[{"description":"(Required) ","key":"x-itau-correlationID","value":"123","disabled":true},{"description":"(Required) ","key":"x-itau-apikey","value":"456","disabled":true},{"key":"x-origin-cf-apigw","value":"IcZAKrfA8qUAzgQT7cClxhS2ObEaWxhYgJEAUI6OohDcYnL3JHK/9DAuCt3J589mF6KIjhN5UuqsVvjOPF5SNw==,cUUmvOfL0PPJTfZozk1Rc7OvbEff3Vz3Mpc/B9ghZbYGjiWoCIdsLcGbnfxDKQsGGOiW74uRUvW5ueOsPcf9Uw==","type":"text"}],"url":{"raw":"{{baseUrl}}/open-banking/channels/v1/phone-channels?page-size=50&page=1","host":["{{baseUrl}}"],"path":["open-banking","channels","v1","phone-channels"],"query":[{"key":"page-size","value":"50"},{"key":"page","value":"1"}]}},"response":[{"id":"623bdc41-de06-4d29-a458-05b3f277f58d","name":"503 response","originalRequest":{"method":"GET","header":[{"description":"(Required) ","key":"x-itau-correlationID","value":"<string>"},{"description":"(Required) ","key":"x-itau-apikey","value":"<string>"}],"url":{"raw":"{{baseUrl}}/open-banking/channels/v1/phone-channels?page-size=<string>&page=<string>","host":["{{baseUrl}}"],"path":["open-banking","channels","v1","phone-channels"],"query":[{"key":"page-size","value":"<string>"},{"key":"page","value":"<string>"}]}},"status":"Service Unavailable","code":503,"_postman_previewlanguage":"json","header":[{"key":"Content-Type","value":"application/json"}],"cookie":[],"responseTime":null,"body":"{\n \"messages\": [\n  {\n   \"codigo\": \"eu quis deserunt laborum\",\n   \"mensagem\": \"sit laboris labore aute\",\n   \"campos\": [\n    {\n     \"mensagem\": \"cillum eu cons\",\n     \"valor\": \"dolor elit culpa\",\n     \"campo\": \"incididunt enim ipsum elit ut\"\n    },\n    {\n     \"mensagem\": \"ut Duis sunt officia nostrud\",\n     \"valor\": \"amet ut sunt ullamco\",\n     \"campo\": \"Excepteur nulla\"\n    }\n   ]\n  },\n  {\n   \"codigo\": \"Lorem est\",\n   \"mensagem\": \"officia nulla ut\",\n   \"campos\": [\n    {\n     \"mensagem\": \"occaecat est mollit quis\",\n     \"valor\": \"in veniam anim\",\n     \"campo\": \"ut \"\n    },\n    {\n     \"mensagem\": \"dolore adi\",\n     \"valor\": \"minim labore et Excepteur\",\n     \"campo\": \"aliqua\"\n    }\n   ]\n  }\n ]\n}"},{"id":"b628869c-ac39-46e0-8528-4f8336cf7141","name":"403 response","originalRequest":{"method":"GET","header":[{"description":"(Required) ","key":"x-itau-correlationID","value":"<string>"},{"description":"(Required) ","key":"x-itau-apikey","value":"<string>"}],"url":{"raw":"{{baseUrl}}/open-banking/channels/v1/phone-channels?page-size=<string>&page=<string>","host":["{{baseUrl}}"],"path":["open-banking","channels","v1","phone-channels"],"query":[{"key":"page-size","value":"<string>"},{"key":"page","value":"<string>"}]}},"status":"Forbidden","code":403,"_postman_previewlanguage":"json","header":[{"key":"Content-Type","value":"application/json"}],"cookie":[],"responseTime":null,"body":"{\n \"messages\": [\n  {\n   \"codigo\": \"eu quis deserunt laborum\",\n   \"mensagem\": \"sit laboris labore aute\",\n   \"campos\": [\n    {\n     \"mensagem\": \"cillum eu cons\",\n     \"valor\": \"dolor elit culpa\",\n     \"campo\": \"incididunt enim ipsum elit ut\"\n    },\n    {\n     \"mensagem\": \"ut Duis sunt officia nostrud\",\n     \"valor\": \"amet ut sunt ullamco\",\n     \"campo\": \"Excepteur nulla\"\n    }\n   ]\n  },\n  {\n   \"codigo\": \"Lorem est\",\n   \"mensagem\": \"officia nulla ut\",\n   \"campos\": [\n    {\n     \"mensagem\": \"occaecat est mollit quis\",\n     \"valor\": \"in veniam anim\",\n     \"campo\": \"ut \"\n    },\n    {\n     \"mensagem\": \"dolore adi\",\n     \"valor\": \"minim labore et Excepteur\",\n     \"campo\": \"aliqua\"\n    }\n   ]\n  }\n ]\n}"},{"id":"80c3df05-937d-4bbf-ae07-44eea49154cd","name":"500 response","originalRequest":{"method":"GET","header":[{"description":"(Required) ","key":"x-itau-correlationID","value":"<string>"},{"description":"(Required) ","key":"x-itau-apikey","value":"<string>"}],"url":{"raw":"{{baseUrl}}/open-banking/channels/v1/phone-channels?page-size=<string>&page=<string>","host":["{{baseUrl}}"],"path":["open-banking","channels","v1","phone-channels"],"query":[{"key":"page-size","value":"<string>"},{"key":"page","value":"<string>"}]}},"status":"Internal Server Error","code":500,"_postman_previewlanguage":"json","header":[{"key":"Content-Type","value":"application/json"}],"cookie":[],"responseTime":null,"body":"{\n \"messages\": [\n  {\n   \"codigo\": \"eu quis deserunt laborum\",\n   \"mensagem\": \"sit laboris labore aute\",\n   \"campos\": [\n    {\n     \"mensagem\": \"cillum eu cons\",\n     \"valor\": \"dolor elit culpa\",\n     \"campo\": \"incididunt enim ipsum elit ut\"\n    },\n    {\n     \"mensagem\": \"ut Duis sunt officia nostrud\",\n     \"valor\": \"amet ut sunt ullamco\",\n     \"campo\": \"Excepteur nulla\"\n    }\n   ]\n  },\n  {\n   \"codigo\": \"Lorem est\",\n   \"mensagem\": \"officia nulla ut\",\n   \"campos\": [\n    {\n     \"mensagem\": \"occaecat est mollit quis\",\n     \"valor\": \"in veniam anim\",\n     \"campo\": \"ut \"\n    },\n    {\n     \"mensagem\": \"dolore adi\",\n     \"valor\": \"minim labore et Excepteur\",\n     \"campo\": \"aliqua\"\n    }\n   ]\n  }\n ]\n}"},{"id":"5be2f01d-b1b1-4e48-8510-c8e0579de64a","name":"422 response","originalRequest":{"method":"GET","header":[{"description":"(Required) ","key":"x-itau-correlationID","value":"<string>"},{"description":"(Required) ","key":"x-itau-apikey","value":"<string>"}],"url":{"raw":"{{baseUrl}}/open-banking/channels/v1/phone-channels?page-size=<string>&page=<string>","host":["{{baseUrl}}"],"path":["open-banking","channels","v1","phone-channels"],"query":[{"key":"page-size","value":"<string>"},{"key":"page","value":"<string>"}]}},"status":"Unprocessable Entity (WebDAV) (RFC 4918)","code":422,"_postman_previewlanguage":"json","header":[{"key":"Content-Type","value":"application/json"}],"cookie":[],"responseTime":null,"body":"{\n \"messages\": [\n  {\n   \"codigo\": \"eu quis deserunt laborum\",\n   \"mensagem\": \"sit laboris labore aute\",\n   \"campos\": [\n    {\n     \"mensagem\": \"cillum eu cons\",\n     \"valor\": \"dolor elit culpa\",\n     \"campo\": \"incididunt enim ipsum elit ut\"\n    },\n    {\n     \"mensagem\": \"ut Duis sunt officia nostrud\",\n     \"valor\": \"amet ut sunt ullamco\",\n     \"campo\": \"Excepteur nulla\"\n    }\n   ]\n  },\n  {\n   \"codigo\": \"Lorem est\",\n   \"mensagem\": \"officia nulla ut\",\n   \"campos\": [\n    {\n     \"mensagem\": \"occaecat est mollit quis\",\n     \"valor\": \"in veniam anim\",\n     \"campo\": \"ut \"\n    },\n    {\n     \"mensagem\": \"dolore adi\",\n     \"valor\": \"minim labore et Excepteur\",\n     \"campo\": \"aliqua\"\n    }\n   ]\n  }\n ]\n}"},{"id":"b5fd2986-cff1-4f20-943c-4129f57fead4","name":"405 response","originalRequest":{"method":"GET","header":[{"description":"(Required) ","key":"x-itau-correlationID","value":"<string>"},{"description":"(Required) ","key":"x-itau-apikey","value":"<string>"}],"url":{"raw":"{{baseUrl}}/open-banking/channels/v1/phone-channels?page-size=<string>&page=<string>","host":["{{baseUrl}}"],"path":["open-banking","channels","v1","phone-channels"],"query":[{"key":"page-size","value":"<string>"},{"key":"page","value":"<string>"}]}},"status":"Method Not Allowed","code":405,"_postman_previewlanguage":"json","header":[{"key":"Content-Type","value":"application/json"}],"cookie":[],"responseTime":null,"body":"{\n \"messages\": [\n  {\n   \"codigo\": \"eu quis deserunt laborum\",\n   \"mensagem\": \"sit laboris labore aute\",\n   \"campos\": [\n    {\n     \"mensagem\": \"cillum eu cons\",\n     \"valor\": \"dolor elit culpa\",\n     \"campo\": \"incididunt enim ipsum elit ut\"\n    },\n    {\n     \"mensagem\": \"ut Duis sunt officia nostrud\",\n     \"valor\": \"amet ut sunt ullamco\",\n     \"campo\": \"Excepteur nulla\"\n    }\n   ]\n  },\n  {\n   \"codigo\": \"Lorem est\",\n   \"mensagem\": \"officia nulla ut\",\n   \"campos\": [\n    {\n     \"mensagem\": \"occaecat est mollit quis\",\n     \"valor\": \"in veniam anim\",\n     \"campo\": \"ut \"\n    },\n    {\n     \"mensagem\": \"dolore adi\",\n     \"valor\": \"minim labore et Excepteur\",\n     \"campo\": \"aliqua\"\n    }\n   ]\n  }\n ]\n}"},{"id":"2f19fa07-6a61-4362-a108-f6b342cc3866","name":"401 response","originalRequest":{"method":"GET","header":[{"description":"(Required) ","key":"x-itau-correlationID","value":"<string>"},{"description":"(Required) ","key":"x-itau-apikey","value":"<string>"}],"url":{"raw":"{{baseUrl}}/open-banking/channels/v1/phone-channels?page-size=<string>&page=<string>","host":["{{baseUrl}}"],"path":["open-banking","channels","v1","phone-channels"],"query":[{"key":"page-size","value":"<string>"},{"key":"page","value":"<string>"}]}},"status":"Unauthorized","code":401,"_postman_previewlanguage":"json","header":[{"key":"Content-Type","value":"application/json"}],"cookie":[],"responseTime":null,"body":"{\n \"messages\": [\n  {\n   \"codigo\": \"eu quis deserunt laborum\",\n   \"mensagem\": \"sit laboris labore aute\",\n   \"campos\": [\n    {\n     \"mensagem\": \"cillum eu cons\",\n     \"valor\": \"dolor elit culpa\",\n     \"campo\": \"incididunt enim ipsum elit ut\"\n    },\n    {\n     \"mensagem\": \"ut Duis sunt officia nostrud\",\n     \"valor\": \"amet ut sunt ullamco\",\n     \"campo\": \"Excepteur nulla\"\n    }\n   ]\n  },\n  {\n   \"codigo\": \"Lorem est\",\n   \"mensagem\": \"officia nulla ut\",\n   \"campos\": [\n    {\n     \"mensagem\": \"occaecat est mollit quis\",\n     \"valor\": \"in veniam anim\",\n     \"campo\": \"ut \"\n    },\n    {\n     \"mensagem\": \"dolore adi\",\n     \"valor\": \"minim labore et Excepteur\",\n     \"campo\": \"aliqua\"\n    }\n   ]\n  }\n ]\n}"},{"id":"fc8d4c56-2394-407e-9f92-03a91d81d546","name":"428 response","originalRequest":{"method":"GET","header":[{"description":"(Required) ","key":"x-itau-correlationID","value":"<string>"},{"description":"(Required) ","key":"x-itau-apikey","value":"<string>"}],"url":{"raw":"{{baseUrl}}/open-banking/channels/v1/phone-channels?page-size=<string>&page=<string>","host":["{{baseUrl}}"],"path":["open-banking","channels","v1","phone-channels"],"query":[{"key":"page-size","value":"<string>"},{"key":"page","value":"<string>"}]}},"status":"Precondition Required","code":428,"_postman_previewlanguage":"json","header":[{"key":"Content-Type","value":"application/json"}],"cookie":[],"responseTime":null,"body":"{\n \"messages\": [\n  {\n   \"codigo\": \"eu quis deserunt laborum\",\n   \"mensagem\": \"sit laboris labore aute\",\n   \"campos\": [\n    {\n     \"mensagem\": \"cillum eu cons\",\n     \"valor\": \"dolor elit culpa\",\n     \"campo\": \"incididunt enim ipsum elit ut\"\n    },\n    {\n     \"mensagem\": \"ut Duis sunt officia nostrud\",\n     \"valor\": \"amet ut sunt ullamco\",\n     \"campo\": \"Excepteur nulla\"\n    }\n   ]\n  },\n  {\n   \"codigo\": \"Lorem est\",\n   \"mensagem\": \"officia nulla ut\",\n   \"campos\": [\n    {\n     \"mensagem\": \"occaecat est mollit quis\",\n     \"valor\": \"in veniam anim\",\n     \"campo\": \"ut \"\n    },\n    {\n     \"mensagem\": \"dolore adi\",\n     \"valor\": \"minim labore et Excepteur\",\n     \"campo\": \"aliqua\"\n    }\n   ]\n  }\n ]\n}"},{"id":"aae3666b-fcff-4b12-95fd-8d44b453cb2c","name":"400 response","originalRequest":{"method":"GET","header":[{"description":"(Required) ","key":"x-itau-correlationID","value":"<string>"},{"description":"(Required) ","key":"x-itau-apikey","value":"<string>"}],"url":{"raw":"{{baseUrl}}/open-banking/channels/v1/phone-channels?page-size=<string>&page=<string>","host":["{{baseUrl}}"],"path":["open-banking","channels","v1","phone-channels"],"query":[{"key":"page-size","value":"<string>"},{"key":"page","value":"<string>"}]}},"status":"Bad Request","code":400,"_postman_previewlanguage":"json","header":[{"key":"Content-Type","value":"application/json"}],"cookie":[],"responseTime":null,"body":"{\n \"messages\": [\n  {\n   \"codigo\": \"eu quis deserunt laborum\",\n   \"mensagem\": \"sit laboris labore aute\",\n   \"campos\": [\n    {\n     \"mensagem\": \"cillum eu cons\",\n     \"valor\": \"dolor elit culpa\",\n     \"campo\": \"incididunt enim ipsum elit ut\"\n    },\n    {\n     \"mensagem\": \"ut Duis sunt officia nostrud\",\n     \"valor\": \"amet ut sunt ullamco\",\n     \"campo\": \"Excepteur nulla\"\n    }\n   ]\n  },\n  {\n   \"codigo\": \"Lorem est\",\n   \"mensagem\": \"officia nulla ut\",\n   \"campos\": [\n    {\n     \"mensagem\": \"occaecat est mollit quis\",\n     \"valor\": \"in veniam anim\",\n     \"campo\": \"ut \"\n    },\n    {\n     \"mensagem\": \"dolore adi\",\n     \"valor\": \"minim labore et Excepteur\",\n     \"campo\": \"aliqua\"\n    }\n   ]\n  }\n ]\n}"},{"id":"35d64005-7da5-4860-956b-2423b5bfb8a6","name":"303 response","originalRequest":{"method":"GET","header":[{"description":"(Required) ","key":"x-itau-correlationID","value":"<string>"},{"description":"(Required) ","key":"x-itau-apikey","value":"<string>"}],"url":{"raw":"{{baseUrl}}/open-banking/channels/v1/phone-channels?page-size=<string>&page=<string>","host":["{{baseUrl}}"],"path":["open-banking","channels","v1","phone-channels"],"query":[{"key":"page-size","value":"<string>"},{"key":"page","value":"<string>"}]}},"status":"See Other","code":303,"_postman_previewlanguage":"text","header":[{"key":"Content-Location","value":"qui sed","description":""},{"key":"Location","value":"qui sed","description":""},{"key":"Content-Type","value":"text/plain"}],"cookie":[],"responseTime":null,"body":""},{"id":"dd60d70c-7c41-4437-b539-d24621448ad6","name":"404 response","originalRequest":{"method":"GET","header":[{"description":"(Required) ","key":"x-itau-correlationID","value":"<string>"},{"description":"(Required) ","key":"x-itau-apikey","value":"<string>"}],"url":{"raw":"{{baseUrl}}/open-banking/channels/v1/phone-channels?page-size=<string>&page=<string>","host":["{{baseUrl}}"],"path":["open-banking","channels","v1","phone-channels"],"query":[{"key":"page-size","value":"<string>"},{"key":"page","value":"<string>"}]}},"status":"Not Found","code":404,"_postman_previewlanguage":"json","header":[{"key":"Content-Type","value":"application/json"}],"cookie":[],"responseTime":null,"body":"{\n \"messages\": [\n  {\n   \"codigo\": \"eu quis deserunt laborum\",\n   \"mensagem\": \"sit laboris labore aute\",\n   \"campos\": [\n    {\n     \"mensagem\": \"cillum eu cons\",\n     \"valor\": \"dolor elit culpa\",\n     \"campo\": \"incididunt enim ipsum elit ut\"\n    },\n    {\n     \"mensagem\": \"ut Duis sunt officia nostrud\",\n     \"valor\": \"amet ut sunt ullamco\",\n     \"campo\": \"Excepteur nulla\"\n    }\n   ]\n  },\n  {\n   \"codigo\": \"Lorem est\",\n   \"mensagem\": \"officia nulla ut\",\n   \"campos\": [\n    {\n     \"mensagem\": \"occaecat est mollit quis\",\n     \"valor\": \"in veniam anim\",\n     \"campo\": \"ut \"\n    },\n    {\n     \"mensagem\": \"dolore adi\",\n     \"valor\": \"minim labore et Excepteur\",\n     \"campo\": \"aliqua\"\n    }\n   ]\n  }\n ]\n}"},{"id":"9d8b5606-a718-4586-9aa8-b8ba0cc13f5a","name":"304 response","originalRequest":{"method":"GET","header":[{"description":"(Required) ","key":"x-itau-correlationID","value":"<string>"},{"description":"(Required) ","key":"x-itau-apikey","value":"<string>"}],"url":{"raw":"{{baseUrl}}/open-banking/channels/v1/phone-channels?page-size=<string>&page=<string>","host":["{{baseUrl}}"],"path":["open-banking","channels","v1","phone-channels"],"query":[{"key":"page-size","value":"<string>"},{"key":"page","value":"<string>"}]}},"status":"Not Modified","code":304,"_postman_previewlanguage":"text","header":[{"key":"Content-Location","value":"qui sed","description":""},{"key":"Content-Type","value":"text/plain"}],"cookie":[],"responseTime":null,"body":""},{"id":"2681c9cc-50dd-4e61-8b10-8101863d0815","name":"200 response","originalRequest":{"method":"GET","header":[{"description":"(Required) ","key":"x-itau-correlationID","value":"<string>"},{"description":"(Required) ","key":"x-itau-apikey","value":"<string>"}],"url":{"raw":"{{baseUrl}}/open-banking/channels/v1/phone-channels?page-size=<string>&page=<string>","host":["{{baseUrl}}"],"path":["open-banking","channels","v1","phone-channels"],"query":[{"key":"page-size","value":"<string>"},{"key":"page","value":"<string>"}]}},"status":"OK","code":200,"_postman_previewlanguage":"json","header":[{"key":"Access-Control-Allow-Origin","value":"qui sed","description":""},{"key":"Content-Location","value":"qui sed","description":""},{"key":"Access-Control-Allow-Methods","value":"qui sed","description":""},{"key":"Access-Control-Allow-Headers","value":"qui sed","description":""},{"key":"Content-Type","value":"application/json"}],"cookie":[],"responseTime":null,"body":"{\n \"data\": {\n  \"links\": {},\n  \"meta\": {},\n  \"data\": {}\n }\n}"},{"id":"9494aed0-6a58-4d3a-8491-5fd1ab1091a2","name":"204 response","originalRequest":{"method":"GET","header":[{"description":"(Required) ","key":"x-itau-correlationID","value":"<string>"},{"description":"(Required) ","key":"x-itau-apikey","value":"<string>"}],"url":{"raw":"{{baseUrl}}/open-banking/channels/v1/phone-channels?page-size=<string>&page=<string>","host":["{{baseUrl}}"],"path":["open-banking","channels","v1","phone-channels"],"query":[{"key":"page-size","value":"<string>"},{"key":"page","value":"<string>"}]}},"status":"No Content","code":204,"_postman_previewlanguage":"text","header":[{"key":"Content-Location","value":"qui sed","description":""},{"key":"Content-Type","value":"text/plain"}],"cookie":[],"responseTime":null,"body":""},{"id":"fcb742b2-4a8e-4149-8df7-5f18ede9d129","name":"501 response","originalRequest":{"method":"GET","header":[{"description":"(Required) ","key":"x-itau-correlationID","value":"<string>"},{"description":"(Required) ","key":"x-itau-apikey","value":"<string>"}],"url":{"raw":"{{baseUrl}}/open-banking/channels/v1/phone-channels?page-size=<string>&page=<string>","host":["{{baseUrl}}"],"path":["open-banking","channels","v1","phone-channels"],"query":[{"key":"page-size","value":"<string>"},{"key":"page","value":"<string>"}]}},"status":"Not Implemented","code":501,"_postman_previewlanguage":"json","header":[{"key":"Content-Type","value":"application/json"}],"cookie":[],"responseTime":null,"body":"{\n \"messages\": [\n  {\n   \"codigo\": \"eu quis deserunt laborum\",\n   \"mensagem\": \"sit laboris labore aute\",\n   \"campos\": [\n    {\n     \"mensagem\": \"cillum eu cons\",\n     \"valor\": \"dolor elit culpa\",\n     \"campo\": \"incididunt enim ipsum elit ut\"\n    },\n    {\n     \"mensagem\": \"ut Duis sunt officia nostrud\",\n     \"valor\": \"amet ut sunt ullamco\",\n     \"campo\": \"Excepteur nulla\"\n    }\n   ]\n  },\n  {\n   \"codigo\": \"Lorem est\",\n   \"mensagem\": \"officia nulla ut\",\n   \"campos\": [\n    {\n     \"mensagem\": \"occaecat est mollit quis\",\n     \"valor\": \"in veniam anim\",\n     \"campo\": \"ut \"\n    },\n    {\n     \"mensagem\": \"dolore adi\",\n     \"valor\": \"minim labore et Excepteur\",\n     \"campo\": \"aliqua\"\n    }\n   ]\n  }\n ]\n}"}]},{"name":"/open-banking/channels/v1/phone-channels","id":"4d74ee2f-a97d-4e5c-b7dc-7d36acf7e4d8","protocolProfileBehavior":{"disableBodyPruning":true},"request":{"method":"OPTIONS","header":[],"url":{"raw":"{{baseUrl}}/open-banking/channels/v1/phone-channels","host":["{{baseUrl}}"],"path":["open-banking","channels","v1","phone-channels"]}},"response":[{"id":"a936905d-439e-4d78-8b47-6ce0666a0500","name":"200 response","originalRequest":{"method":"OPTIONS","header":[],"url":{"raw":"{{baseUrl}}/open-banking/channels/v1/phone-channels","host":["{{baseUrl}}"],"path":["open-banking","channels","v1","phone-channels"]}},"status":"OK","code":200,"_postman_previewlanguage":"text","header":[{"key":"Access-Control-Allow-Origin","value":"qui sed","description":""},{"key":"Access-Control-Allow-Methods","value":"qui sed","description":""},{"key":"Access-Control-Allow-Headers","value":"qui sed","description":""},{"key":"Content-Type","value":"text/plain"}],"cookie":[],"responseTime":null,"body":""}]}],"id":"a2a2934a-3baa-4dc6-a9b3-a9c08ad6e84b"}],"id":"2724c40b-5384-4185-8a93-8bc0cabde0ed"}],"variable":[{"id":"8af664c6-71ce-4b88-bbbf-531be93f3a3f","key":"baseUrl","value":"https://v33g72y453.execute-api.sa-east-1.amazonaws.com/hom","type":"string"}]}