{"info":{"_postman_id":"116f7ab6-d0cb-4571-8f5d-c4abbdc37d8f","name":"HC8 Retencao Api","schema":"https://schema.getpostman.com/json/collection/v2.1.0/collection.json"},"item":[{"name":"Criar Historico Retencao - POST","event":[{"listen":"prerequest","script":{"id":"3d1f693a-725e-42df-8afb-7626798ca6fe","exec":[""],"type":"text/javascript"}}],"id":"920b6b66-49ea-468d-8444-e7d98df42e0c","protocolProfileBehavior":{"disableBodyPruning":true},"request":{"auth":{"type":"noauth"},"method":"POST","header":[{"key":"Content-Type","name":"Content-Type","type":"text","value":"application/json"},{"key":"x-itau-apikey","type":"text","value":"{{client_id}}"},{"key":"x-itau-correlationID","type":"text","value":"{{$guid}}"},{"key":"x-apigw-api-id","type":"text","value":"{{api-gateway-id}}"},{"key":"Authorization","value":"Bearer {{client_bearer}}","type":"text"}],"body":{"mode":"raw","raw":"{\r\n  \"id_conta\": \"66002233445510\",\r\n  \"data_atendimento\": \"2022-01-26T16:35:00\",\r\n  \"atendimento_negociacao\": false,\r\n  \"funcional_operador\": \"CDEFGHIJ\",\r\n  \"texto_negociacao\": {\r\n    \"produto\": \"string\",\r\n    \"atendimento_negociacao\": false,\r\n    \"resultado\": \"string\",\r\n    \"percentual_desconto_aplicado\": \"string\",\r\n    \"canal\": \"string\",\r\n    \"motivo_contato\": \"string\",\r\n    \"matriz_oferta\": [\r\n\t    {\r\n\t      \"id_conta\": \"string\",\r\n\t      \"descricao_oferta\": \"string\"\r\n\t    },\r\n\t    {\r\n\t      \"id_conta\": \"string\",\r\n\t      \"descricao_oferta\": \"string\"\r\n\t    }\r\n    ],\r\n    \"desconto_anuidade\":[\r\n    {\r\n      \"tipo_cartao\": \"titular\",\r\n      \"cartoes\":[\"0000\"],\r\n      \"percentual_desconto_aplicado\": \"string\",\r\n      \"quantidade_parcelas\": \"string\",\r\n      \"anuidade_atual\": \"string\",\r\n      \"nova_aunidade\": \"string\",\r\n      \"valor_desconto\": \"string\",\r\n      \"valor_parcela\": \"string\"\r\n    },\r\n    {\r\n      \"tipo_cartao\": \"titular\",\r\n      \"cartoes\":[\"1111\",\"2222\"],\r\n      \"percentual_desconto_aplicado\": \"string\",\r\n      \"quantidade_parcelas\": \"string\",\r\n      \"anuidade_atual\": \"string\",\r\n      \"nova_aunidade\": \"string\",\r\n      \"valor_desconto\": \"string\",\r\n      \"valor_parcela\": \"string\"\r\n    }    \r\n    ],\r\n    \"comentarios\": \"string\"\r\n  }\r\n}"},"url":{"raw":"https://{{url-api-front}}/v1/retencoes_historico","protocol":"https","host":["{{url-api-front}}"],"path":["v1","retencoes_historico"]}},"response":[]},{"name":"Lista Historicos Retencao por IdConta - GET","id":"905f1a62-b306-4332-9982-08402497c60c","protocolProfileBehavior":{"disableBodyPruning":true},"request":{"method":"GET","header":[{"key":"Content-Type","name":"Content-Type","type":"text","value":"application/json"},{"key":"x-itau-apikey","type":"text","value":"{{client_id}}"},{"key":"x-itau-correlationID","type":"text","value":"{{$guid}}"},{"key":"x-apigw-api-id","type":"text","value":"{{api-gateway-id}}"},{"key":"Authorization","type":"text","value":"Bearer {{client_bearer}}","warning":"This is a duplicate header and will be overridden by the Authorization header generated by Postman."}],"url":{"raw":"https://{{url-api-front}}/v1/retencoes_atendimento?id_conta_atendimento=55002233445510","protocol":"https","host":["{{url-api-front}}"],"path":["v1","retencoes_atendimento"],"query":[{"key":"id_conta_atendimento","value":"55002233445510"}]}},"response":[]},{"name":"Filtra Historico Retencao por IdConta e DataAtendimento - GET","id":"2d6395fc-154f-4087-baf7-12a45349f250","protocolProfileBehavior":{"disableBodyPruning":true},"request":{"method":"GET","header":[{"key":"Content-Type","name":"Content-Type","type":"text","value":"application/json"},{"key":"x-itau-apikey","type":"text","value":"{{client_id}}"},{"key":"x-itau-correlationID","type":"text","value":"{{$guid}}"},{"key":"x-apigw-api-id","type":"text","value":"{{api-gateway-id}}"},{"key":"Authorization","type":"text","value":"Bearer {{client_bearer}}","warning":"This is a duplicate header and will be overridden by the Authorization header generated by Postman."}],"url":{"raw":"https://{{url-api-front}}/v1/retencoes_atendimento?id_conta_atendimento=55002233445510&data_atendimento=2022-01-22T16:30:00","protocol":"https","host":["{{url-api-front}}"],"path":["v1","retencoes_atendimento"],"query":[{"key":"id_conta_atendimento","value":"55002233445510"},{"key":"data_atendimento","value":"2022-01-22T16:30:00"}]}},"response":[]},{"name":"Criar Estatistica Retencao - POST","event":[{"listen":"prerequest","script":{"id":"db8a3dbf-921f-4294-a343-36c63afd7bd6","exec":[""],"type":"text/javascript"}}],"id":"a8141f70-5bd3-42bc-b469-1f6a8c73169b","protocolProfileBehavior":{"disableBodyPruning":true},"request":{"auth":{"type":"noauth"},"method":"POST","header":[{"key":"Content-Type","name":"Content-Type","type":"text","value":"application/json"},{"key":"x-itau-apikey","type":"text","value":"{{client_id}}"},{"key":"x-itau-correlationID","type":"text","value":"{{$guid}}"},{"key":"x-apigw-api-id","type":"text","value":"{{api-gateway-id}}"},{"key":"Authorization","value":"Bearer {{client_bearer}}","type":"text"}],"body":{"mode":"raw","raw":"{\r\n  \"id_conta\": \"44002233445512\",\r\n  \"data_atendimento\": \"2022-01-31T12:30:00\",\r\n  \"atendimento_negociacao\": true,\r\n  \"funcional_operador\": \"ABCELFGH\",\r\n  \"tipo_cartao\": \"Titular\",\r\n  \"resultado\": \"S\"\r\n}"},"url":{"raw":"https://{{url-api-front}}/v1/retencoes_estatistica","protocol":"https","host":["{{url-api-front}}"],"path":["v1","retencoes_estatistica"]}},"response":[]},{"name":"Consolidacao Estatistica - POST","event":[{"listen":"prerequest","script":{"id":"3f93d929-675f-4ae6-9d8e-1cdfe8689d23","exec":[""],"type":"text/javascript"}}],"id":"787f12cb-8070-4bae-9f1d-88fb79ff8111","protocolProfileBehavior":{"disableBodyPruning":true},"request":{"auth":{"type":"noauth"},"method":"POST","header":[{"key":"Content-Type","name":"Content-Type","type":"text","value":"application/json"},{"key":"x-itau-apikey","type":"text","value":"{{client_id}}"},{"key":"x-itau-correlationID","type":"text","value":"{{$guid}}"},{"key":"x-apigw-api-id","type":"text","value":"{{api-gateway-id}}"},{"key":"Authorization","value":"Bearer {{client_bearer}}","type":"text"}],"body":{"mode":"raw","raw":"{\r\n  \"funcionais_operador\": [\"ABCELFGH\"],\r\n  \"data_inicio\": \"2022-01-01 00:00:00\",\r\n  \"data_fim\": \"2022-01-31 23:59:59\"\r\n}"},"url":{"raw":"https://{{url-api-front}}/v1/retencoes_estatistica_atendimento","protocol":"https","host":["{{url-api-front}}"],"path":["v1","retencoes_estatistica_atendimento"]}},"response":[]}]}