{"info":{"_postman_id":"19964f91-43f9-4d89-a832-3b1047fe4d49","name":"BRE-Alert-Manager","schema":"https://schema.getpostman.com/json/collection/v2.1.0/collection.json"},"item":[{"name":"URA","id":"e0ce67d0-b0bd-4295-a4f3-226b532f7c08","protocolProfileBehavior":{"disableBodyPruning":true},"request":{"method":"POST","header":[{"key":"Content-Type","value":"application/json","type":"text"},{"key":"Accept","value":"application/json","type":"text"},{"key":"Authorization","value":"Bearer {{client_bearer_bre}}","type":"text"}],"body":{"mode":"raw","raw":"{\r\n    \"entrada\": {\r\n        \"Canal\": \"UraSacCartoes\",\r\n\r\n        \"Chaves\":[{\r\n            \"nome\":\"ddd\",\r\n            \"valor\":\"81\"\r\n        },{\r\n            \"nome\":\"cdn\",\r\n            \"valor\":\"1234\"\r\n        },{\r\n            \"nome\":\"digitado\",\r\n            \"valor\":\"x\"\r\n        }]\r\n    }\r\n    \r\n}"},"url":{"raw":"https://{{url_bre}}:443/DecisionService/rest/bre_alert_manager_canais/1.0/decisao","protocol":"https","host":["{{url_bre}}"],"port":"443","path":["DecisionService","rest","bre_alert_manager_canais","1.0","decisao"]}},"response":[]},{"name":"TESTE","id":"48081ade-5b29-43cd-9098-fc0e9e5b748a","protocolProfileBehavior":{"disableBodyPruning":true},"request":{"method":"POST","header":[{"key":"Content-Type","value":"application/json","type":"text"},{"key":"Accept","value":"application/json","type":"text"},{"key":"Authorization","value":"Bearer {{client_bearer_bre}}","type":"text"}],"body":{"mode":"raw","raw":"{\r\n    \"entrada\": {\r\n        \"Canal\": \"UraSacCartoes\",\r\n        \"Data\": \"10/02/2022\",\r\n        \"Hora\": \"10:01:15\",\r\n        \"Chaves\":[{\r\n            \"nome\":\"connid\",\r\n            \"valor\":\"8768768767676\"\r\n        },{\r\n            \"nome\":\"ddd\",\r\n            \"valor\":\"11\"\r\n        },{\r\n            \"nome\":\"cdn\",\r\n            \"valor\":\"2125\"\r\n        },{\r\n            \"nome\":\"digitado\",\r\n            \"valor\":\"\"\r\n        }]\r\n    }\r\n}"},"url":{"raw":"https://{{url_bre}}:443/DecisionService/rest/bre_alert_manager_canais/1.0/decisao","protocol":"https","host":["{{url_bre}}"],"port":"443","path":["DecisionService","rest","bre_alert_manager_canais","1.0","decisao"]}},"response":[]}]}