{"info":{"_postman_id":"1a9441f0-e979-4526-a90e-9e68ace30e51","name":"GTW_DEV_EXPOSICAO_MC4","description":"GTW Governado do repositorio openbanking-meioscontatos-tecext-aws-development da conta 054568570122. Swagger: Develop/openbanking-meioscontatos-tecext-aws-1.11.0.json","schema":"https://schema.getpostman.com/json/collection/v2.1.0/collection.json"},"item":[{"name":"open-banking/channels/v1","item":[{"name":"electronic-channels","item":[{"name":"/open-banking/channels/v1/electronic-channels","id":"1320a8d8-efbc-474e-b9de-862ff1922607","protocolProfileBehavior":{"disableBodyPruning":true},"request":{"method":"GET","header":[{"description":"(Required) ","key":"x-itau-correlationID","value":"<string>","disabled":true},{"description":"(Required) ","key":"x-itau-apikey","value":"<string>","disabled":true},{"key":"x-origin-cf-apigw","value":"IcZAKrfA8qUAzgQT7cClxhS2ObEaWxhYgJEAUI6OohDcYnL3JHK/9DAuCt3J589mF6KIjhN5UuqsVvjOPF5SNw==,cUUmvOfL0PPJTfZozk1Rc7OvbEff3Vz3Mpc/B9ghZbYGjiWoCIdsLcGbnfxDKQsGGOiW74uRUvW5ueOsPcf9Uw==","type":"text"}],"url":{"raw":"{{baseUrl}}/open-banking/channels/v1/electronic-channels?page-size=75&page=1","host":["{{baseUrl}}"],"path":["open-banking","channels","v1","electronic-channels"],"query":[{"key":"page-size","value":"75"},{"key":"page","value":"1"}]}},"response":[{"id":"57b247e1-b1b7-4e84-a8eb-6a2ecc51545f","name":"304 response","originalRequest":{"method":"GET","header":[{"description":"(Required) ","key":"x-itau-correlationID","value":"<string>"},{"description":"(Required) ","key":"x-itau-apikey","value":"<string>"}],"url":{"raw":"{{baseUrl}}/open-banking/channels/v1/electronic-channels?page-size=<string>&page=<string>","host":["{{baseUrl}}"],"path":["open-banking","channels","v1","electronic-channels"],"query":[{"key":"page-size","value":"<string>"},{"key":"page","value":"<string>"}]}},"status":"Not Modified","code":304,"_postman_previewlanguage":"text","header":[{"key":"Content-Location","value":"proident esse Ut","description":""},{"key":"Content-Type","value":"text/plain"}],"cookie":[],"responseTime":null,"body":""},{"id":"9a004eb4-59c7-4731-ad4c-ae6eadce1d47","name":"200 response","originalRequest":{"method":"GET","header":[{"description":"(Required) ","key":"x-itau-correlationID","value":"<string>"},{"description":"(Required) ","key":"x-itau-apikey","value":"<string>"}],"url":{"raw":"{{baseUrl}}/open-banking/channels/v1/electronic-channels?page-size=<string>&page=<string>","host":["{{baseUrl}}"],"path":["open-banking","channels","v1","electronic-channels"],"query":[{"key":"page-size","value":"<string>"},{"key":"page","value":"<string>"}]}},"status":"OK","code":200,"_postman_previewlanguage":"json","header":[{"key":"Access-Control-Allow-Origin","value":"proident esse Ut","description":""},{"key":"Content-Location","value":"proident esse Ut","description":""},{"key":"Access-Control-Allow-Methods","value":"proident esse Ut","description":""},{"key":"Access-Control-Allow-Headers","value":"proident esse Ut","description":""},{"key":"Content-Type","value":"application/json"}],"cookie":[],"responseTime":null,"body":"{\n \"data\": {\n  \"links\": {},\n  \"meta\": {},\n  \"data\": {}\n }\n}"},{"id":"4c6b2a11-13af-44b2-8a32-171b655beb10","name":"404 response","originalRequest":{"method":"GET","header":[{"description":"(Required) ","key":"x-itau-correlationID","value":"<string>"},{"description":"(Required) ","key":"x-itau-apikey","value":"<string>"}],"url":{"raw":"{{baseUrl}}/open-banking/channels/v1/electronic-channels?page-size=<string>&page=<string>","host":["{{baseUrl}}"],"path":["open-banking","channels","v1","electronic-channels"],"query":[{"key":"page-size","value":"<string>"},{"key":"page","value":"<string>"}]}},"status":"Not Found","code":404,"_postman_previewlanguage":"json","header":[{"key":"Content-Type","value":"application/json"}],"cookie":[],"responseTime":null,"body":"{\n \"messages\": [\n  {\n   \"codigo\": \"dolore velit quis\",\n   \"mensagem\": \"esse\",\n   \"campos\": [\n    {\n     \"mensagem\": \"ut veniam nostrud\",\n     \"valor\": \"in elit mollit deserunt\",\n     \"campo\": \"nisi do laborum\"\n    },\n    {\n     \"mensagem\": \"quis\",\n     \"valor\": \"enim minim tempor ut\",\n     \"campo\": \"e\"\n    }\n   ]\n  },\n  {\n   \"codigo\": \"reprehenderit ipsum dolor\",\n   \"mensagem\": \"do consequat dolore\",\n   \"campos\": [\n    {\n     \"mensagem\": \"aliquip amet\",\n     \"valor\": \"laborum minim occaecat\",\n     \"campo\": \"dolore tempor ad qui\"\n    },\n    {\n     \"mensagem\": \"aliqua deserunt ullamco nulla\",\n     \"valor\": \"fugiat in id\",\n     \"campo\": \"adipisicing pariatur\"\n    }\n   ]\n  }\n ]\n}"},{"id":"b8258c1c-0717-4c87-b99d-fef58c8ab84c","name":"303 response","originalRequest":{"method":"GET","header":[{"description":"(Required) ","key":"x-itau-correlationID","value":"<string>"},{"description":"(Required) ","key":"x-itau-apikey","value":"<string>"}],"url":{"raw":"{{baseUrl}}/open-banking/channels/v1/electronic-channels?page-size=<string>&page=<string>","host":["{{baseUrl}}"],"path":["open-banking","channels","v1","electronic-channels"],"query":[{"key":"page-size","value":"<string>"},{"key":"page","value":"<string>"}]}},"status":"See Other","code":303,"_postman_previewlanguage":"text","header":[{"key":"Content-Location","value":"proident esse Ut","description":""},{"key":"Location","value":"proident esse Ut","description":""},{"key":"Content-Type","value":"text/plain"}],"cookie":[],"responseTime":null,"body":""},{"id":"daa7b1d3-f13e-402b-a2b3-0f189a4fb652","name":"422 response","originalRequest":{"method":"GET","header":[{"description":"(Required) ","key":"x-itau-correlationID","value":"<string>"},{"description":"(Required) ","key":"x-itau-apikey","value":"<string>"}],"url":{"raw":"{{baseUrl}}/open-banking/channels/v1/electronic-channels?page-size=<string>&page=<string>","host":["{{baseUrl}}"],"path":["open-banking","channels","v1","electronic-channels"],"query":[{"key":"page-size","value":"<string>"},{"key":"page","value":"<string>"}]}},"status":"Unprocessable Entity (WebDAV) (RFC 4918)","code":422,"_postman_previewlanguage":"json","header":[{"key":"Content-Type","value":"application/json"}],"cookie":[],"responseTime":null,"body":"{\n \"messages\": [\n  {\n   \"codigo\": \"dolore velit quis\",\n   \"mensagem\": \"esse\",\n   \"campos\": [\n    {\n     \"mensagem\": \"ut veniam nostrud\",\n     \"valor\": \"in elit mollit deserunt\",\n     \"campo\": \"nisi do laborum\"\n    },\n    {\n     \"mensagem\": \"quis\",\n     \"valor\": \"enim minim tempor ut\",\n     \"campo\": \"e\"\n    }\n   ]\n  },\n  {\n   \"codigo\": \"reprehenderit ipsum dolor\",\n   \"mensagem\": \"do consequat dolore\",\n   \"campos\": [\n    {\n     \"mensagem\": \"aliquip amet\",\n     \"valor\": \"laborum minim occaecat\",\n     \"campo\": \"dolore tempor ad qui\"\n    },\n    {\n     \"mensagem\": \"aliqua deserunt ullamco nulla\",\n     \"valor\": \"fugiat in id\",\n     \"campo\": \"adipisicing pariatur\"\n    }\n   ]\n  }\n ]\n}"},{"id":"f5a50bbd-37a9-4f51-8f85-1ec3d2b0b0c8","name":"403 response","originalRequest":{"method":"GET","header":[{"description":"(Required) ","key":"x-itau-correlationID","value":"<string>"},{"description":"(Required) ","key":"x-itau-apikey","value":"<string>"}],"url":{"raw":"{{baseUrl}}/open-banking/channels/v1/electronic-channels?page-size=<string>&page=<string>","host":["{{baseUrl}}"],"path":["open-banking","channels","v1","electronic-channels"],"query":[{"key":"page-size","value":"<string>"},{"key":"page","value":"<string>"}]}},"status":"Forbidden","code":403,"_postman_previewlanguage":"json","header":[{"key":"Content-Type","value":"application/json"}],"cookie":[],"responseTime":null,"body":"{\n \"messages\": [\n  {\n   \"codigo\": \"dolore velit quis\",\n   \"mensagem\": \"esse\",\n   \"campos\": [\n    {\n     \"mensagem\": \"ut veniam nostrud\",\n     \"valor\": \"in elit mollit deserunt\",\n     \"campo\": \"nisi do laborum\"\n    },\n    {\n     \"mensagem\": \"quis\",\n     \"valor\": \"enim minim tempor ut\",\n     \"campo\": \"e\"\n    }\n   ]\n  },\n  {\n   \"codigo\": \"reprehenderit ipsum dolor\",\n   \"mensagem\": \"do consequat dolore\",\n   \"campos\": [\n    {\n     \"mensagem\": \"aliquip amet\",\n     \"valor\": \"laborum minim occaecat\",\n     \"campo\": \"dolore tempor ad qui\"\n    },\n    {\n     \"mensagem\": \"aliqua deserunt ullamco nulla\",\n     \"valor\": \"fugiat in id\",\n     \"campo\": \"adipisicing pariatur\"\n    }\n   ]\n  }\n ]\n}"},{"id":"f7a8d5d2-32af-4fd5-9da1-d1a38f417389","name":"400 response","originalRequest":{"method":"GET","header":[{"description":"(Required) ","key":"x-itau-correlationID","value":"<string>"},{"description":"(Required) ","key":"x-itau-apikey","value":"<string>"}],"url":{"raw":"{{baseUrl}}/open-banking/channels/v1/electronic-channels?page-size=<string>&page=<string>","host":["{{baseUrl}}"],"path":["open-banking","channels","v1","electronic-channels"],"query":[{"key":"page-size","value":"<string>"},{"key":"page","value":"<string>"}]}},"status":"Bad Request","code":400,"_postman_previewlanguage":"json","header":[{"key":"Content-Type","value":"application/json"}],"cookie":[],"responseTime":null,"body":"{\n \"messages\": [\n  {\n   \"codigo\": \"dolore velit quis\",\n   \"mensagem\": \"esse\",\n   \"campos\": [\n    {\n     \"mensagem\": \"ut veniam nostrud\",\n     \"valor\": \"in elit mollit deserunt\",\n     \"campo\": \"nisi do laborum\"\n    },\n    {\n     \"mensagem\": \"quis\",\n     \"valor\": \"enim minim tempor ut\",\n     \"campo\": \"e\"\n    }\n   ]\n  },\n  {\n   \"codigo\": \"reprehenderit ipsum dolor\",\n   \"mensagem\": \"do consequat dolore\",\n   \"campos\": [\n    {\n     \"mensagem\": \"aliquip amet\",\n     \"valor\": \"laborum minim occaecat\",\n     \"campo\": \"dolore tempor ad qui\"\n    },\n    {\n     \"mensagem\": \"aliqua deserunt ullamco nulla\",\n     \"valor\": \"fugiat in id\",\n     \"campo\": \"adipisicing pariatur\"\n    }\n   ]\n  }\n ]\n}"},{"id":"6b5455d4-61cd-43de-910f-473861108fc5","name":"503 response","originalRequest":{"method":"GET","header":[{"description":"(Required) ","key":"x-itau-correlationID","value":"<string>"},{"description":"(Required) ","key":"x-itau-apikey","value":"<string>"}],"url":{"raw":"{{baseUrl}}/open-banking/channels/v1/electronic-channels?page-size=<string>&page=<string>","host":["{{baseUrl}}"],"path":["open-banking","channels","v1","electronic-channels"],"query":[{"key":"page-size","value":"<string>"},{"key":"page","value":"<string>"}]}},"status":"Service Unavailable","code":503,"_postman_previewlanguage":"json","header":[{"key":"Content-Type","value":"application/json"}],"cookie":[],"responseTime":null,"body":"{\n \"messages\": [\n  {\n   \"codigo\": \"dolore velit quis\",\n   \"mensagem\": \"esse\",\n   \"campos\": [\n    {\n     \"mensagem\": \"ut veniam nostrud\",\n     \"valor\": \"in elit mollit deserunt\",\n     \"campo\": \"nisi do laborum\"\n    },\n    {\n     \"mensagem\": \"quis\",\n     \"valor\": \"enim minim tempor ut\",\n     \"campo\": \"e\"\n    }\n   ]\n  },\n  {\n   \"codigo\": \"reprehenderit ipsum dolor\",\n   \"mensagem\": \"do consequat dolore\",\n   \"campos\": [\n    {\n     \"mensagem\": \"aliquip amet\",\n     \"valor\": \"laborum minim occaecat\",\n     \"campo\": \"dolore tempor ad qui\"\n    },\n    {\n     \"mensagem\": \"aliqua deserunt ullamco nulla\",\n     \"valor\": \"fugiat in id\",\n     \"campo\": \"adipisicing pariatur\"\n    }\n   ]\n  }\n ]\n}"},{"id":"d4eac6de-42c4-4f4f-b26d-e6dda3d5899f","name":"501 response","originalRequest":{"method":"GET","header":[{"description":"(Required) ","key":"x-itau-correlationID","value":"<string>"},{"description":"(Required) ","key":"x-itau-apikey","value":"<string>"}],"url":{"raw":"{{baseUrl}}/open-banking/channels/v1/electronic-channels?page-size=<string>&page=<string>","host":["{{baseUrl}}"],"path":["open-banking","channels","v1","electronic-channels"],"query":[{"key":"page-size","value":"<string>"},{"key":"page","value":"<string>"}]}},"status":"Not Implemented","code":501,"_postman_previewlanguage":"json","header":[{"key":"Content-Type","value":"application/json"}],"cookie":[],"responseTime":null,"body":"{\n \"messages\": [\n  {\n   \"codigo\": \"dolore velit quis\",\n   \"mensagem\": \"esse\",\n   \"campos\": [\n    {\n     \"mensagem\": \"ut veniam nostrud\",\n     \"valor\": \"in elit mollit deserunt\",\n     \"campo\": \"nisi do laborum\"\n    },\n    {\n     \"mensagem\": \"quis\",\n     \"valor\": \"enim minim tempor ut\",\n     \"campo\": \"e\"\n    }\n   ]\n  },\n  {\n   \"codigo\": \"reprehenderit ipsum dolor\",\n   \"mensagem\": \"do consequat dolore\",\n   \"campos\": [\n    {\n     \"mensagem\": \"aliquip amet\",\n     \"valor\": \"laborum minim occaecat\",\n     \"campo\": \"dolore tempor ad qui\"\n    },\n    {\n     \"mensagem\": \"aliqua deserunt ullamco nulla\",\n     \"valor\": \"fugiat in id\",\n     \"campo\": \"adipisicing pariatur\"\n    }\n   ]\n  }\n ]\n}"},{"id":"6c7487c9-e5b9-424c-b729-32e8c052a1d9","name":"500 response","originalRequest":{"method":"GET","header":[{"description":"(Required) ","key":"x-itau-correlationID","value":"<string>"},{"description":"(Required) ","key":"x-itau-apikey","value":"<string>"}],"url":{"raw":"{{baseUrl}}/open-banking/channels/v1/electronic-channels?page-size=<string>&page=<string>","host":["{{baseUrl}}"],"path":["open-banking","channels","v1","electronic-channels"],"query":[{"key":"page-size","value":"<string>"},{"key":"page","value":"<string>"}]}},"status":"Internal Server Error","code":500,"_postman_previewlanguage":"json","header":[{"key":"Content-Type","value":"application/json"}],"cookie":[],"responseTime":null,"body":"{\n \"messages\": [\n  {\n   \"codigo\": \"dolore velit quis\",\n   \"mensagem\": \"esse\",\n   \"campos\": [\n    {\n     \"mensagem\": \"ut veniam nostrud\",\n     \"valor\": \"in elit mollit deserunt\",\n     \"campo\": \"nisi do laborum\"\n    },\n    {\n     \"mensagem\": \"quis\",\n     \"valor\": \"enim minim tempor ut\",\n     \"campo\": \"e\"\n    }\n   ]\n  },\n  {\n   \"codigo\": \"reprehenderit ipsum dolor\",\n   \"mensagem\": \"do consequat dolore\",\n   \"campos\": [\n    {\n     \"mensagem\": \"aliquip amet\",\n     \"valor\": \"laborum minim occaecat\",\n     \"campo\": \"dolore tempor ad qui\"\n    },\n    {\n     \"mensagem\": \"aliqua deserunt ullamco nulla\",\n     \"valor\": \"fugiat in id\",\n     \"campo\": \"adipisicing pariatur\"\n    }\n   ]\n  }\n ]\n}"},{"id":"b26f0665-8b2e-44ae-953a-398d6b755478","name":"204 response","originalRequest":{"method":"GET","header":[{"description":"(Required) ","key":"x-itau-correlationID","value":"<string>"},{"description":"(Required) ","key":"x-itau-apikey","value":"<string>"}],"url":{"raw":"{{baseUrl}}/open-banking/channels/v1/electronic-channels?page-size=<string>&page=<string>","host":["{{baseUrl}}"],"path":["open-banking","channels","v1","electronic-channels"],"query":[{"key":"page-size","value":"<string>"},{"key":"page","value":"<string>"}]}},"status":"No Content","code":204,"_postman_previewlanguage":"text","header":[{"key":"Content-Location","value":"proident esse Ut","description":""},{"key":"Content-Type","value":"text/plain"}],"cookie":[],"responseTime":null,"body":""},{"id":"105f2da9-62a8-4263-b5e8-494c22b83832","name":"405 response","originalRequest":{"method":"GET","header":[{"description":"(Required) ","key":"x-itau-correlationID","value":"<string>"},{"description":"(Required) ","key":"x-itau-apikey","value":"<string>"}],"url":{"raw":"{{baseUrl}}/open-banking/channels/v1/electronic-channels?page-size=<string>&page=<string>","host":["{{baseUrl}}"],"path":["open-banking","channels","v1","electronic-channels"],"query":[{"key":"page-size","value":"<string>"},{"key":"page","value":"<string>"}]}},"status":"Method Not Allowed","code":405,"_postman_previewlanguage":"json","header":[{"key":"Content-Type","value":"application/json"}],"cookie":[],"responseTime":null,"body":"{\n \"messages\": [\n  {\n   \"codigo\": \"dolore velit quis\",\n   \"mensagem\": \"esse\",\n   \"campos\": [\n    {\n     \"mensagem\": \"ut veniam nostrud\",\n     \"valor\": \"in elit mollit deserunt\",\n     \"campo\": \"nisi do laborum\"\n    },\n    {\n     \"mensagem\": \"quis\",\n     \"valor\": \"enim minim tempor ut\",\n     \"campo\": \"e\"\n    }\n   ]\n  },\n  {\n   \"codigo\": \"reprehenderit ipsum dolor\",\n   \"mensagem\": \"do consequat dolore\",\n   \"campos\": [\n    {\n     \"mensagem\": \"aliquip amet\",\n     \"valor\": \"laborum minim occaecat\",\n     \"campo\": \"dolore tempor ad qui\"\n    },\n    {\n     \"mensagem\": \"aliqua deserunt ullamco nulla\",\n     \"valor\": \"fugiat in id\",\n     \"campo\": \"adipisicing pariatur\"\n    }\n   ]\n  }\n ]\n}"},{"id":"ffafefeb-1855-48b1-a6c7-7d9ebef5c3ec","name":"401 response","originalRequest":{"method":"GET","header":[{"description":"(Required) ","key":"x-itau-correlationID","value":"<string>"},{"description":"(Required) ","key":"x-itau-apikey","value":"<string>"}],"url":{"raw":"{{baseUrl}}/open-banking/channels/v1/electronic-channels?page-size=<string>&page=<string>","host":["{{baseUrl}}"],"path":["open-banking","channels","v1","electronic-channels"],"query":[{"key":"page-size","value":"<string>"},{"key":"page","value":"<string>"}]}},"status":"Unauthorized","code":401,"_postman_previewlanguage":"json","header":[{"key":"Content-Type","value":"application/json"}],"cookie":[],"responseTime":null,"body":"{\n \"messages\": [\n  {\n   \"codigo\": \"dolore velit quis\",\n   \"mensagem\": \"esse\",\n   \"campos\": [\n    {\n     \"mensagem\": \"ut veniam nostrud\",\n     \"valor\": \"in elit mollit deserunt\",\n     \"campo\": \"nisi do laborum\"\n    },\n    {\n     \"mensagem\": \"quis\",\n     \"valor\": \"enim minim tempor ut\",\n     \"campo\": \"e\"\n    }\n   ]\n  },\n  {\n   \"codigo\": \"reprehenderit ipsum dolor\",\n   \"mensagem\": \"do consequat dolore\",\n   \"campos\": [\n    {\n     \"mensagem\": \"aliquip amet\",\n     \"valor\": \"laborum minim occaecat\",\n     \"campo\": \"dolore tempor ad qui\"\n    },\n    {\n     \"mensagem\": \"aliqua deserunt ullamco nulla\",\n     \"valor\": \"fugiat in id\",\n     \"campo\": \"adipisicing pariatur\"\n    }\n   ]\n  }\n ]\n}"},{"id":"aa3c5995-73ed-4c4c-a1e8-4b8bbbbc3931","name":"428 response","originalRequest":{"method":"GET","header":[{"description":"(Required) ","key":"x-itau-correlationID","value":"<string>"},{"description":"(Required) ","key":"x-itau-apikey","value":"<string>"}],"url":{"raw":"{{baseUrl}}/open-banking/channels/v1/electronic-channels?page-size=<string>&page=<string>","host":["{{baseUrl}}"],"path":["open-banking","channels","v1","electronic-channels"],"query":[{"key":"page-size","value":"<string>"},{"key":"page","value":"<string>"}]}},"status":"Precondition Required","code":428,"_postman_previewlanguage":"json","header":[{"key":"Content-Type","value":"application/json"}],"cookie":[],"responseTime":null,"body":"{\n \"messages\": [\n  {\n   \"codigo\": \"dolore velit quis\",\n   \"mensagem\": \"esse\",\n   \"campos\": [\n    {\n     \"mensagem\": \"ut veniam nostrud\",\n     \"valor\": \"in elit mollit deserunt\",\n     \"campo\": \"nisi do laborum\"\n    },\n    {\n     \"mensagem\": \"quis\",\n     \"valor\": \"enim minim tempor ut\",\n     \"campo\": \"e\"\n    }\n   ]\n  },\n  {\n   \"codigo\": \"reprehenderit ipsum dolor\",\n   \"mensagem\": \"do consequat dolore\",\n   \"campos\": [\n    {\n     \"mensagem\": \"aliquip amet\",\n     \"valor\": \"laborum minim occaecat\",\n     \"campo\": \"dolore tempor ad qui\"\n    },\n    {\n     \"mensagem\": \"aliqua deserunt ullamco nulla\",\n     \"valor\": \"fugiat in id\",\n     \"campo\": \"adipisicing pariatur\"\n    }\n   ]\n  }\n ]\n}"}]},{"name":"/open-banking/channels/v1/electronic-channels","id":"fbcda6f1-dfee-47f7-b4bb-8c84cc03671d","protocolProfileBehavior":{"disableBodyPruning":true},"request":{"method":"OPTIONS","header":[],"url":{"raw":"{{baseUrl}}/open-banking/channels/v1/electronic-channels","host":["{{baseUrl}}"],"path":["open-banking","channels","v1","electronic-channels"]}},"response":[{"id":"777c2f3c-744a-4f34-89ef-51d9ec290dc0","name":"200 response","originalRequest":{"method":"OPTIONS","header":[],"url":{"raw":"{{baseUrl}}/open-banking/channels/v1/electronic-channels","host":["{{baseUrl}}"],"path":["open-banking","channels","v1","electronic-channels"]}},"status":"OK","code":200,"_postman_previewlanguage":"text","header":[{"key":"Access-Control-Allow-Origin","value":"proident esse Ut","description":""},{"key":"Access-Control-Allow-Methods","value":"proident esse Ut","description":""},{"key":"Access-Control-Allow-Headers","value":"proident esse Ut","description":""},{"key":"Content-Type","value":"text/plain"}],"cookie":[],"responseTime":null,"body":""}]}],"id":"f8bb181a-8fc4-4a74-a527-6017393b3b6d"},{"name":"phone-channels","item":[{"name":"/open-banking/channels/v1/phone-channels","id":"ee615bf2-5ee7-4087-b03b-e5e35361d58f","protocolProfileBehavior":{"disableBodyPruning":true},"request":{"method":"GET","header":[{"description":"(Required) ","key":"x-itau-correlationID","value":"<string>","disabled":true},{"description":"(Required) ","key":"x-itau-apikey","value":"<string>","disabled":true},{"key":"x-origin-cf-apigw","value":"IcZAKrfA8qUAzgQT7cClxhS2ObEaWxhYgJEAUI6OohDcYnL3JHK/9DAuCt3J589mF6KIjhN5UuqsVvjOPF5SNw==,cUUmvOfL0PPJTfZozk1Rc7OvbEff3Vz3Mpc/B9ghZbYGjiWoCIdsLcGbnfxDKQsGGOiW74uRUvW5ueOsPcf9Uw==","type":"text"}],"url":{"raw":"{{baseUrl}}/open-banking/channels/v1/phone-channels?page-size=50&page=1","host":["{{baseUrl}}"],"path":["open-banking","channels","v1","phone-channels"],"query":[{"key":"page-size","value":"50"},{"key":"page","value":"1"}]}},"response":[{"id":"b3810166-65da-41fd-91ed-fba13b35063a","name":"303 response","originalRequest":{"method":"GET","header":[{"description":"(Required) ","key":"x-itau-correlationID","value":"<string>"},{"description":"(Required) ","key":"x-itau-apikey","value":"<string>"}],"url":{"raw":"{{baseUrl}}/open-banking/channels/v1/phone-channels?page-size=<string>&page=<string>","host":["{{baseUrl}}"],"path":["open-banking","channels","v1","phone-channels"],"query":[{"key":"page-size","value":"<string>"},{"key":"page","value":"<string>"}]}},"status":"See Other","code":303,"_postman_previewlanguage":"text","header":[{"key":"Content-Location","value":"proident esse Ut","description":""},{"key":"Location","value":"proident esse Ut","description":""},{"key":"Content-Type","value":"text/plain"}],"cookie":[],"responseTime":null,"body":""},{"id":"8e8d0576-2d05-4141-8a1a-dfab2657af9a","name":"204 response","originalRequest":{"method":"GET","header":[{"description":"(Required) ","key":"x-itau-correlationID","value":"<string>"},{"description":"(Required) ","key":"x-itau-apikey","value":"<string>"}],"url":{"raw":"{{baseUrl}}/open-banking/channels/v1/phone-channels?page-size=<string>&page=<string>","host":["{{baseUrl}}"],"path":["open-banking","channels","v1","phone-channels"],"query":[{"key":"page-size","value":"<string>"},{"key":"page","value":"<string>"}]}},"status":"No Content","code":204,"_postman_previewlanguage":"text","header":[{"key":"Content-Location","value":"proident esse Ut","description":""},{"key":"Content-Type","value":"text/plain"}],"cookie":[],"responseTime":null,"body":""},{"id":"03bacfe6-4d11-439e-b67b-62c3f56c9e7d","name":"304 response","originalRequest":{"method":"GET","header":[{"description":"(Required) ","key":"x-itau-correlationID","value":"<string>"},{"description":"(Required) ","key":"x-itau-apikey","value":"<string>"}],"url":{"raw":"{{baseUrl}}/open-banking/channels/v1/phone-channels?page-size=<string>&page=<string>","host":["{{baseUrl}}"],"path":["open-banking","channels","v1","phone-channels"],"query":[{"key":"page-size","value":"<string>"},{"key":"page","value":"<string>"}]}},"status":"Not Modified","code":304,"_postman_previewlanguage":"text","header":[{"key":"Content-Location","value":"proident esse Ut","description":""},{"key":"Content-Type","value":"text/plain"}],"cookie":[],"responseTime":null,"body":""},{"id":"8d0acb3a-3d8c-429a-960c-57715ecdda86","name":"503 response","originalRequest":{"method":"GET","header":[{"description":"(Required) ","key":"x-itau-correlationID","value":"<string>"},{"description":"(Required) ","key":"x-itau-apikey","value":"<string>"}],"url":{"raw":"{{baseUrl}}/open-banking/channels/v1/phone-channels?page-size=<string>&page=<string>","host":["{{baseUrl}}"],"path":["open-banking","channels","v1","phone-channels"],"query":[{"key":"page-size","value":"<string>"},{"key":"page","value":"<string>"}]}},"status":"Service Unavailable","code":503,"_postman_previewlanguage":"json","header":[{"key":"Content-Type","value":"application/json"}],"cookie":[],"responseTime":null,"body":"{\n \"messages\": [\n  {\n   \"codigo\": \"dolore velit quis\",\n   \"mensagem\": \"esse\",\n   \"campos\": [\n    {\n     \"mensagem\": \"ut veniam nostrud\",\n     \"valor\": \"in elit mollit deserunt\",\n     \"campo\": \"nisi do laborum\"\n    },\n    {\n     \"mensagem\": \"quis\",\n     \"valor\": \"enim minim tempor ut\",\n     \"campo\": \"e\"\n    }\n   ]\n  },\n  {\n   \"codigo\": \"reprehenderit ipsum dolor\",\n   \"mensagem\": \"do consequat dolore\",\n   \"campos\": [\n    {\n     \"mensagem\": \"aliquip amet\",\n     \"valor\": \"laborum minim occaecat\",\n     \"campo\": \"dolore tempor ad qui\"\n    },\n    {\n     \"mensagem\": \"aliqua deserunt ullamco nulla\",\n     \"valor\": \"fugiat in id\",\n     \"campo\": \"adipisicing pariatur\"\n    }\n   ]\n  }\n ]\n}"},{"id":"38c6e6af-a93d-47e2-b977-6f3f1f37cbcb","name":"500 response","originalRequest":{"method":"GET","header":[{"description":"(Required) ","key":"x-itau-correlationID","value":"<string>"},{"description":"(Required) ","key":"x-itau-apikey","value":"<string>"}],"url":{"raw":"{{baseUrl}}/open-banking/channels/v1/phone-channels?page-size=<string>&page=<string>","host":["{{baseUrl}}"],"path":["open-banking","channels","v1","phone-channels"],"query":[{"key":"page-size","value":"<string>"},{"key":"page","value":"<string>"}]}},"status":"Internal Server Error","code":500,"_postman_previewlanguage":"json","header":[{"key":"Content-Type","value":"application/json"}],"cookie":[],"responseTime":null,"body":"{\n \"messages\": [\n  {\n   \"codigo\": \"dolore velit quis\",\n   \"mensagem\": \"esse\",\n   \"campos\": [\n    {\n     \"mensagem\": \"ut veniam nostrud\",\n     \"valor\": \"in elit mollit deserunt\",\n     \"campo\": \"nisi do laborum\"\n    },\n    {\n     \"mensagem\": \"quis\",\n     \"valor\": \"enim minim tempor ut\",\n     \"campo\": \"e\"\n    }\n   ]\n  },\n  {\n   \"codigo\": \"reprehenderit ipsum dolor\",\n   \"mensagem\": \"do consequat dolore\",\n   \"campos\": [\n    {\n     \"mensagem\": \"aliquip amet\",\n     \"valor\": \"laborum minim occaecat\",\n     \"campo\": \"dolore tempor ad qui\"\n    },\n    {\n     \"mensagem\": \"aliqua deserunt ullamco nulla\",\n     \"valor\": \"fugiat in id\",\n     \"campo\": \"adipisicing pariatur\"\n    }\n   ]\n  }\n ]\n}"},{"id":"f7d88ab6-7458-404a-a18f-666e38720053","name":"405 response","originalRequest":{"method":"GET","header":[{"description":"(Required) ","key":"x-itau-correlationID","value":"<string>"},{"description":"(Required) ","key":"x-itau-apikey","value":"<string>"}],"url":{"raw":"{{baseUrl}}/open-banking/channels/v1/phone-channels?page-size=<string>&page=<string>","host":["{{baseUrl}}"],"path":["open-banking","channels","v1","phone-channels"],"query":[{"key":"page-size","value":"<string>"},{"key":"page","value":"<string>"}]}},"status":"Method Not Allowed","code":405,"_postman_previewlanguage":"json","header":[{"key":"Content-Type","value":"application/json"}],"cookie":[],"responseTime":null,"body":"{\n \"messages\": [\n  {\n   \"codigo\": \"dolore velit quis\",\n   \"mensagem\": \"esse\",\n   \"campos\": [\n    {\n     \"mensagem\": \"ut veniam nostrud\",\n     \"valor\": \"in elit mollit deserunt\",\n     \"campo\": \"nisi do laborum\"\n    },\n    {\n     \"mensagem\": \"quis\",\n     \"valor\": \"enim minim tempor ut\",\n     \"campo\": \"e\"\n    }\n   ]\n  },\n  {\n   \"codigo\": \"reprehenderit ipsum dolor\",\n   \"mensagem\": \"do consequat dolore\",\n   \"campos\": [\n    {\n     \"mensagem\": \"aliquip amet\",\n     \"valor\": \"laborum minim occaecat\",\n     \"campo\": \"dolore tempor ad qui\"\n    },\n    {\n     \"mensagem\": \"aliqua deserunt ullamco nulla\",\n     \"valor\": \"fugiat in id\",\n     \"campo\": \"adipisicing pariatur\"\n    }\n   ]\n  }\n ]\n}"},{"id":"d683d58d-401f-4203-b784-859f12fa3b0a","name":"404 response","originalRequest":{"method":"GET","header":[{"description":"(Required) ","key":"x-itau-correlationID","value":"<string>"},{"description":"(Required) ","key":"x-itau-apikey","value":"<string>"}],"url":{"raw":"{{baseUrl}}/open-banking/channels/v1/phone-channels?page-size=<string>&page=<string>","host":["{{baseUrl}}"],"path":["open-banking","channels","v1","phone-channels"],"query":[{"key":"page-size","value":"<string>"},{"key":"page","value":"<string>"}]}},"status":"Not Found","code":404,"_postman_previewlanguage":"json","header":[{"key":"Content-Type","value":"application/json"}],"cookie":[],"responseTime":null,"body":"{\n \"messages\": [\n  {\n   \"codigo\": \"dolore velit quis\",\n   \"mensagem\": \"esse\",\n   \"campos\": [\n    {\n     \"mensagem\": \"ut veniam nostrud\",\n     \"valor\": \"in elit mollit deserunt\",\n     \"campo\": \"nisi do laborum\"\n    },\n    {\n     \"mensagem\": \"quis\",\n     \"valor\": \"enim minim tempor ut\",\n     \"campo\": \"e\"\n    }\n   ]\n  },\n  {\n   \"codigo\": \"reprehenderit ipsum dolor\",\n   \"mensagem\": \"do consequat dolore\",\n   \"campos\": [\n    {\n     \"mensagem\": \"aliquip amet\",\n     \"valor\": \"laborum minim occaecat\",\n     \"campo\": \"dolore tempor ad qui\"\n    },\n    {\n     \"mensagem\": \"aliqua deserunt ullamco nulla\",\n     \"valor\": \"fugiat in id\",\n     \"campo\": \"adipisicing pariatur\"\n    }\n   ]\n  }\n ]\n}"},{"id":"bbff925d-eb0e-40ea-bd0d-233c15d81eec","name":"200 response","originalRequest":{"method":"GET","header":[{"description":"(Required) ","key":"x-itau-correlationID","value":"<string>"},{"description":"(Required) ","key":"x-itau-apikey","value":"<string>"}],"url":{"raw":"{{baseUrl}}/open-banking/channels/v1/phone-channels?page-size=<string>&page=<string>","host":["{{baseUrl}}"],"path":["open-banking","channels","v1","phone-channels"],"query":[{"key":"page-size","value":"<string>"},{"key":"page","value":"<string>"}]}},"status":"OK","code":200,"_postman_previewlanguage":"json","header":[{"key":"Access-Control-Allow-Origin","value":"proident esse Ut","description":""},{"key":"Content-Location","value":"proident esse Ut","description":""},{"key":"Access-Control-Allow-Methods","value":"proident esse Ut","description":""},{"key":"Access-Control-Allow-Headers","value":"proident esse Ut","description":""},{"key":"Content-Type","value":"application/json"}],"cookie":[],"responseTime":null,"body":"{\n \"data\": {\n  \"links\": {},\n  \"meta\": {},\n  \"data\": {}\n }\n}"},{"id":"5bcb252a-6cc5-4bc4-a948-b2a62e7ecc11","name":"422 response","originalRequest":{"method":"GET","header":[{"description":"(Required) ","key":"x-itau-correlationID","value":"<string>"},{"description":"(Required) ","key":"x-itau-apikey","value":"<string>"}],"url":{"raw":"{{baseUrl}}/open-banking/channels/v1/phone-channels?page-size=<string>&page=<string>","host":["{{baseUrl}}"],"path":["open-banking","channels","v1","phone-channels"],"query":[{"key":"page-size","value":"<string>"},{"key":"page","value":"<string>"}]}},"status":"Unprocessable Entity (WebDAV) (RFC 4918)","code":422,"_postman_previewlanguage":"json","header":[{"key":"Content-Type","value":"application/json"}],"cookie":[],"responseTime":null,"body":"{\n \"messages\": [\n  {\n   \"codigo\": \"dolore velit quis\",\n   \"mensagem\": \"esse\",\n   \"campos\": [\n    {\n     \"mensagem\": \"ut veniam nostrud\",\n     \"valor\": \"in elit mollit deserunt\",\n     \"campo\": \"nisi do laborum\"\n    },\n    {\n     \"mensagem\": \"quis\",\n     \"valor\": \"enim minim tempor ut\",\n     \"campo\": \"e\"\n    }\n   ]\n  },\n  {\n   \"codigo\": \"reprehenderit ipsum dolor\",\n   \"mensagem\": \"do consequat dolore\",\n   \"campos\": [\n    {\n     \"mensagem\": \"aliquip amet\",\n     \"valor\": \"laborum minim occaecat\",\n     \"campo\": \"dolore tempor ad qui\"\n    },\n    {\n     \"mensagem\": \"aliqua deserunt ullamco nulla\",\n     \"valor\": \"fugiat in id\",\n     \"campo\": \"adipisicing pariatur\"\n    }\n   ]\n  }\n ]\n}"},{"id":"34ce06f8-9b99-4b13-869a-91cb4b1f9751","name":"401 response","originalRequest":{"method":"GET","header":[{"description":"(Required) ","key":"x-itau-correlationID","value":"<string>"},{"description":"(Required) ","key":"x-itau-apikey","value":"<string>"}],"url":{"raw":"{{baseUrl}}/open-banking/channels/v1/phone-channels?page-size=<string>&page=<string>","host":["{{baseUrl}}"],"path":["open-banking","channels","v1","phone-channels"],"query":[{"key":"page-size","value":"<string>"},{"key":"page","value":"<string>"}]}},"status":"Unauthorized","code":401,"_postman_previewlanguage":"json","header":[{"key":"Content-Type","value":"application/json"}],"cookie":[],"responseTime":null,"body":"{\n \"messages\": [\n  {\n   \"codigo\": \"dolore velit quis\",\n   \"mensagem\": \"esse\",\n   \"campos\": [\n    {\n     \"mensagem\": \"ut veniam nostrud\",\n     \"valor\": \"in elit mollit deserunt\",\n     \"campo\": \"nisi do laborum\"\n    },\n    {\n     \"mensagem\": \"quis\",\n     \"valor\": \"enim minim tempor ut\",\n     \"campo\": \"e\"\n    }\n   ]\n  },\n  {\n   \"codigo\": \"reprehenderit ipsum dolor\",\n   \"mensagem\": \"do consequat dolore\",\n   \"campos\": [\n    {\n     \"mensagem\": \"aliquip amet\",\n     \"valor\": \"laborum minim occaecat\",\n     \"campo\": \"dolore tempor ad qui\"\n    },\n    {\n     \"mensagem\": \"aliqua deserunt ullamco nulla\",\n     \"valor\": \"fugiat in id\",\n     \"campo\": \"adipisicing pariatur\"\n    }\n   ]\n  }\n ]\n}"},{"id":"a500dc49-bff1-433f-9195-c153a02e378a","name":"428 response","originalRequest":{"method":"GET","header":[{"description":"(Required) ","key":"x-itau-correlationID","value":"<string>"},{"description":"(Required) ","key":"x-itau-apikey","value":"<string>"}],"url":{"raw":"{{baseUrl}}/open-banking/channels/v1/phone-channels?page-size=<string>&page=<string>","host":["{{baseUrl}}"],"path":["open-banking","channels","v1","phone-channels"],"query":[{"key":"page-size","value":"<string>"},{"key":"page","value":"<string>"}]}},"status":"Precondition Required","code":428,"_postman_previewlanguage":"json","header":[{"key":"Content-Type","value":"application/json"}],"cookie":[],"responseTime":null,"body":"{\n \"messages\": [\n  {\n   \"codigo\": \"dolore velit quis\",\n   \"mensagem\": \"esse\",\n   \"campos\": [\n    {\n     \"mensagem\": \"ut veniam nostrud\",\n     \"valor\": \"in elit mollit deserunt\",\n     \"campo\": \"nisi do laborum\"\n    },\n    {\n     \"mensagem\": \"quis\",\n     \"valor\": \"enim minim tempor ut\",\n     \"campo\": \"e\"\n    }\n   ]\n  },\n  {\n   \"codigo\": \"reprehenderit ipsum dolor\",\n   \"mensagem\": \"do consequat dolore\",\n   \"campos\": [\n    {\n     \"mensagem\": \"aliquip amet\",\n     \"valor\": \"laborum minim occaecat\",\n     \"campo\": \"dolore tempor ad qui\"\n    },\n    {\n     \"mensagem\": \"aliqua deserunt ullamco nulla\",\n     \"valor\": \"fugiat in id\",\n     \"campo\": \"adipisicing pariatur\"\n    }\n   ]\n  }\n ]\n}"},{"id":"5979e7e6-9409-4fec-b841-2d75b37f2722","name":"400 response","originalRequest":{"method":"GET","header":[{"description":"(Required) ","key":"x-itau-correlationID","value":"<string>"},{"description":"(Required) ","key":"x-itau-apikey","value":"<string>"}],"url":{"raw":"{{baseUrl}}/open-banking/channels/v1/phone-channels?page-size=<string>&page=<string>","host":["{{baseUrl}}"],"path":["open-banking","channels","v1","phone-channels"],"query":[{"key":"page-size","value":"<string>"},{"key":"page","value":"<string>"}]}},"status":"Bad Request","code":400,"_postman_previewlanguage":"json","header":[{"key":"Content-Type","value":"application/json"}],"cookie":[],"responseTime":null,"body":"{\n \"messages\": [\n  {\n   \"codigo\": \"dolore velit quis\",\n   \"mensagem\": \"esse\",\n   \"campos\": [\n    {\n     \"mensagem\": \"ut veniam nostrud\",\n     \"valor\": \"in elit mollit deserunt\",\n     \"campo\": \"nisi do laborum\"\n    },\n    {\n     \"mensagem\": \"quis\",\n     \"valor\": \"enim minim tempor ut\",\n     \"campo\": \"e\"\n    }\n   ]\n  },\n  {\n   \"codigo\": \"reprehenderit ipsum dolor\",\n   \"mensagem\": \"do consequat dolore\",\n   \"campos\": [\n    {\n     \"mensagem\": \"aliquip amet\",\n     \"valor\": \"laborum minim occaecat\",\n     \"campo\": \"dolore tempor ad qui\"\n    },\n    {\n     \"mensagem\": \"aliqua deserunt ullamco nulla\",\n     \"valor\": \"fugiat in id\",\n     \"campo\": \"adipisicing pariatur\"\n    }\n   ]\n  }\n ]\n}"},{"id":"bfa98bf7-b233-4389-aa09-31fcf98883cb","name":"501 response","originalRequest":{"method":"GET","header":[{"description":"(Required) ","key":"x-itau-correlationID","value":"<string>"},{"description":"(Required) ","key":"x-itau-apikey","value":"<string>"}],"url":{"raw":"{{baseUrl}}/open-banking/channels/v1/phone-channels?page-size=<string>&page=<string>","host":["{{baseUrl}}"],"path":["open-banking","channels","v1","phone-channels"],"query":[{"key":"page-size","value":"<string>"},{"key":"page","value":"<string>"}]}},"status":"Not Implemented","code":501,"_postman_previewlanguage":"json","header":[{"key":"Content-Type","value":"application/json"}],"cookie":[],"responseTime":null,"body":"{\n \"messages\": [\n  {\n   \"codigo\": \"dolore velit quis\",\n   \"mensagem\": \"esse\",\n   \"campos\": [\n    {\n     \"mensagem\": \"ut veniam nostrud\",\n     \"valor\": \"in elit mollit deserunt\",\n     \"campo\": \"nisi do laborum\"\n    },\n    {\n     \"mensagem\": \"quis\",\n     \"valor\": \"enim minim tempor ut\",\n     \"campo\": \"e\"\n    }\n   ]\n  },\n  {\n   \"codigo\": \"reprehenderit ipsum dolor\",\n   \"mensagem\": \"do consequat dolore\",\n   \"campos\": [\n    {\n     \"mensagem\": \"aliquip amet\",\n     \"valor\": \"laborum minim occaecat\",\n     \"campo\": \"dolore tempor ad qui\"\n    },\n    {\n     \"mensagem\": \"aliqua deserunt ullamco nulla\",\n     \"valor\": \"fugiat in id\",\n     \"campo\": \"adipisicing pariatur\"\n    }\n   ]\n  }\n ]\n}"},{"id":"707489e5-3ec3-4d29-8361-cba0af707ee1","name":"403 response","originalRequest":{"method":"GET","header":[{"description":"(Required) ","key":"x-itau-correlationID","value":"<string>"},{"description":"(Required) ","key":"x-itau-apikey","value":"<string>"}],"url":{"raw":"{{baseUrl}}/open-banking/channels/v1/phone-channels?page-size=<string>&page=<string>","host":["{{baseUrl}}"],"path":["open-banking","channels","v1","phone-channels"],"query":[{"key":"page-size","value":"<string>"},{"key":"page","value":"<string>"}]}},"status":"Forbidden","code":403,"_postman_previewlanguage":"json","header":[{"key":"Content-Type","value":"application/json"}],"cookie":[],"responseTime":null,"body":"{\n \"messages\": [\n  {\n   \"codigo\": \"dolore velit quis\",\n   \"mensagem\": \"esse\",\n   \"campos\": [\n    {\n     \"mensagem\": \"ut veniam nostrud\",\n     \"valor\": \"in elit mollit deserunt\",\n     \"campo\": \"nisi do laborum\"\n    },\n    {\n     \"mensagem\": \"quis\",\n     \"valor\": \"enim minim tempor ut\",\n     \"campo\": \"e\"\n    }\n   ]\n  },\n  {\n   \"codigo\": \"reprehenderit ipsum dolor\",\n   \"mensagem\": \"do consequat dolore\",\n   \"campos\": [\n    {\n     \"mensagem\": \"aliquip amet\",\n     \"valor\": \"laborum minim occaecat\",\n     \"campo\": \"dolore tempor ad qui\"\n    },\n    {\n     \"mensagem\": \"aliqua deserunt ullamco nulla\",\n     \"valor\": \"fugiat in id\",\n     \"campo\": \"adipisicing pariatur\"\n    }\n   ]\n  }\n ]\n}"}]},{"name":"/open-banking/channels/v1/phone-channels","id":"bc7fe6c4-2fb7-48ac-a8e4-471416bdd4c4","protocolProfileBehavior":{"disableBodyPruning":true},"request":{"method":"OPTIONS","header":[],"url":{"raw":"{{baseUrl}}/open-banking/channels/v1/phone-channels","host":["{{baseUrl}}"],"path":["open-banking","channels","v1","phone-channels"]}},"response":[{"id":"a86a1f01-525e-4158-9a3c-2d808d546822","name":"200 response","originalRequest":{"method":"OPTIONS","header":[],"url":{"raw":"{{baseUrl}}/open-banking/channels/v1/phone-channels","host":["{{baseUrl}}"],"path":["open-banking","channels","v1","phone-channels"]}},"status":"OK","code":200,"_postman_previewlanguage":"text","header":[{"key":"Access-Control-Allow-Origin","value":"proident esse Ut","description":""},{"key":"Access-Control-Allow-Methods","value":"proident esse Ut","description":""},{"key":"Access-Control-Allow-Headers","value":"proident esse Ut","description":""},{"key":"Content-Type","value":"text/plain"}],"cookie":[],"responseTime":null,"body":""}]}],"id":"1b3057aa-5626-4474-918f-965cc20e0efa"}],"id":"c630f836-0a65-4590-b3b4-8eed4f3f6f53"}],"variable":[{"id":"330cdc6c-6d28-4b83-88b4-3d9e4d1af00d","key":"baseUrl","value":"https://fz4zch7dt0.execute-api.sa-east-1.amazonaws.com/dev","type":"string"}]}