{"info":{"_postman_id":"1aa6bdbc-e793-4140-96b9-7ea85a1cf085","name":"BRE-Retencao","schema":"https://schema.getpostman.com/json/collection/v2.1.0/collection.json"},"item":[{"name":"Listar Ocupações","event":[{"listen":"prerequest","script":{"exec":[""],"type":"text/javascript","id":"c3aa41d2-6539-40d4-bd82-32e78f97a04c"}}],"id":"73c53479-16f5-4ce5-a335-429fb201a41a","protocolProfileBehavior":{"disableBodyPruning":true},"request":{"auth":{"type":"noauth"},"method":"POST","header":[{"key":"Content-Type","name":"Content-Type","type":"text","value":"application/json"},{"key":"Accept","type":"text","value":"application/json"},{"key":"Authorization","value":"Bearer {{client_bearer_bre}}","type":"text"}],"body":{"mode":"raw","raw":"{\r\n\"Entrada\": {\r\n\t\"Dados\":[\r\n            {\r\n\t    \t\"Chave\": \"Passo\",\r\n       \t    \t\"Valor\": \"1\"\r\n\t    },\r\n\t    {\r\n\t        \"Chave\": \"Ocupacao\",\r\n\t        \"Valor\": \"\"\r\n\t    },\r\n            {\r\n\t        \"Chave\": \"Retancao\",\r\n\t        \"Valor\": \"\"\r\n\t    }    \r\n        ]\r\n    }\r\n}\r\n\r\n\r\n"},"url":{"raw":"https://{{url_bre}}/DecisionService/rest/bre_parametrizadoreletronico/1.0/decisao","protocol":"https","host":["{{url_bre}}"],"path":["DecisionService","rest","bre_parametrizadoreletronico","1.0","decisao"]}},"response":[]},{"name":"Listar Resultado","event":[{"listen":"prerequest","script":{"exec":[""],"type":"text/javascript","id":"a0267aef-710f-458e-b45c-0c15b5224056"}}],"id":"474c4316-695f-4eb6-b922-580d57cb09df","protocolProfileBehavior":{"disableBodyPruning":true},"request":{"auth":{"type":"noauth"},"method":"POST","header":[{"key":"Content-Type","name":"Content-Type","type":"text","value":"application/json"},{"key":"Accept","type":"text","value":"application/json"},{"key":"Authorization","type":"text","value":"Bearer {{client_bearer_bre}}"}],"body":{"mode":"raw","raw":"{\r\n\"Entrada\": {\r\n\t\"Dados\":[\r\n            {\r\n\t    \t\"Chave\": \"Passo\",\r\n       \t    \t\"Valor\": \"4\"\r\n\t    },\r\n\t    {\r\n\t        \"Chave\": \"Ocupacao\",\r\n\t        \"Valor\": \"\"\r\n\t    },\r\n            {\r\n\t        \"Chave\": \"Retancao\",\r\n\t        \"Valor\": \"\"\r\n\t    }    \r\n        ]\r\n    }\r\n}\r\n\r\n\r\n"},"url":{"raw":"https://{{url_bre}}/DecisionService/rest/bre_parametrizadoreletronico/1.0/decisao","protocol":"https","host":["{{url_bre}}"],"path":["DecisionService","rest","bre_parametrizadoreletronico","1.0","decisao"]}},"response":[]},{"name":"Listar Motivos","event":[{"listen":"prerequest","script":{"exec":[""],"type":"text/javascript","id":"95d8dbae-b72b-4969-9594-d3fd51292613"}}],"id":"412bcc00-e8a6-4382-aacf-faa3f59abbab","protocolProfileBehavior":{"disableBodyPruning":true},"request":{"auth":{"type":"noauth"},"method":"POST","header":[{"key":"Content-Type","name":"Content-Type","type":"text","value":"application/json"},{"key":"Accept","type":"text","value":"application/json"},{"key":"Authorization","type":"text","value":"Bearer {{client_bearer_bre}}"}],"body":{"mode":"raw","raw":"{\r\n\"Entrada\": {\r\n\t\"Dados\":[\r\n            {\r\n\t    \t\"Chave\": \"Passo\",\r\n       \t    \t\"Valor\": \"2\"\r\n\t    },\r\n\t    {\r\n\t        \"Chave\": \"Ocupacao\",\r\n\t        \"Valor\": \"\"\r\n\t    },\r\n            {\r\n\t        \"Chave\": \"Retancao\",\r\n\t        \"Valor\": \"\"\r\n\t    }    \r\n        ]\r\n    }\r\n}\r\n\r\n\r\n"},"url":{"raw":"https://{{url_bre}}/DecisionService/rest/bre_parametrizadoreletronico/1.0/decisao","protocol":"https","host":["{{url_bre}}"],"path":["DecisionService","rest","bre_parametrizadoreletronico","1.0","decisao"]}},"response":[]},{"name":"Listar Argumentos, Incentivos e Resultados","event":[{"listen":"prerequest","script":{"exec":[""],"type":"text/javascript","id":"81f05cc7-6444-41bc-b3da-fa7236033100"}}],"id":"d971301a-ce3b-4c14-a8e1-89d81a558b94","protocolProfileBehavior":{"disableBodyPruning":true},"request":{"auth":{"type":"noauth"},"method":"POST","header":[{"key":"Content-Type","name":"Content-Type","type":"text","value":"application/json"},{"key":"Accept","type":"text","value":"application/json"},{"key":"Authorization","type":"text","value":"Bearer {{client_bearer_bre}}"}],"body":{"mode":"raw","raw":"{\r\n\"Entrada\": {\r\n\t\"Dados\":[\r\n            {\r\n\t    \t\"Chave\": \"Passo\",\r\n       \t    \t\"Valor\": \"3\"\r\n\t    },\r\n\t    {\r\n\t        \"Chave\": \"Ocupacao\",\r\n\t        \"Valor\": \"\"\r\n\t    },\r\n            {\r\n\t        \"Chave\": \"Retancao\",\r\n\t        \"Valor\": \"\"\r\n\t    }    \r\n        ]\r\n    }\r\n}\r\n\r\n\r\n"},"url":{"raw":"https://{{url_bre}}/DecisionService/rest/bre_parametrizadoreletronico/1.0/decisao","protocol":"https","host":["{{url_bre}}"],"path":["DecisionService","rest","bre_parametrizadoreletronico","1.0","decisao"]}},"response":[]}]}