{"info":{"_postman_id":"1de64f3c-cca3-4767-9c08-38b69c7eab1b","name":"BRE-SAC-Cartoes","schema":"https://schema.getpostman.com/json/collection/v2.1.0/collection.json"},"item":[{"name":"nao identificado","item":[{"name":"Credicard ok","item":[{"name":"TRD","event":[{"listen":"test","script":{"exec":["var json = JSON.parse(responseBody);\r","\r","pm.test(\"ListaMenuCompleto\", function () {\r","    pm.expect(json.saida.ListaMenuCompleto[0]).to.eql(23);\r","    pm.expect(json.saida.ListaMenuCompleto[1]).to.eql(26);\r","    pm.expect(json.saida.ListaMenuCompleto[2]).to.eql(27);\r","    pm.expect(json.saida.ListaMenuCompleto[3]).to.eql(70);\r","});\r","\r","pm.test(\"Validando ListaFilaDerivacao...\", function () {\r","    pm.expect(json.saida.ListaFilaDerivacao[0].CDN).to.eql(\"3134\");\r","    pm.expect(json.saida.ListaFilaDerivacao[0].RoutingPoint).to.eql(\"1100\");\r","    pm.expect(json.saida.ListaFilaDerivacao[1].CDN).to.eql(\"3134\");\r","    pm.expect(json.saida.ListaFilaDerivacao[1].RoutingPoint).to.eql(\"1100\");\r","  \r","});\r","\r","pm.test(\"Validando ListaVoiceBanner (ransomware Atento??)\", function () {\r","    pm.expect(json.saida.ListaVoiceBanner[0].Frase).to.eql(\"977\");\r","   pm.expect(json.saida.ListaVoiceBanner[0].Servico).to.eql(\"12\");\r","   \r","\r","   \r","});\r",""],"type":"text/javascript","id":"13618df4-f30e-457d-8170-bdc53709e2f9"}}],"id":"df344bc9-d88d-4e9c-99e0-bd881878f81c","protocolProfileBehavior":{"disableBodyPruning":true},"request":{"auth":{"type":"noauth"},"method":"POST","header":[{"key":"Content-Type","name":"Content-Type","type":"text","value":"application/json"},{"key":"Accept","type":"text","value":"application/json"},{"key":"Authorization","type":"text","value":"Bearer {{client_bearer_bre}}"}],"body":{"mode":"raw","raw":"{\n    \"entrada\": {\n        \"Org\": \"\",\n        \"Admin\": \"\",\n        \"CDN\": \"31\",\n        \"URA\": {\n            \"Ip\": \"\",\n            \"Porta\": \"\",\n            \"Feriado\": \"\"\n        },\n        \"Historico\": {\n            \"ListaDataLigacoes\": [\n                \n            ]\n        },\n        \"Menu\": {\n            \"Arvore\": \"NI\",\n            \"Visivel\": \"\",\n            \"Digitacao\": \"\"\n        },\n        \"TipoPessoa\": \"\",\n        \n        \"Chaves\": [\n            {\n                \"nome\": \"\",\n                \"valor\": \"\"\n            }\n        ]\n    }\n}"},"url":{"raw":"https://{{url_bre}}:443/DecisionService/rest/bre_sac_cartoes/1.0/saida_sac_cartoes","protocol":"https","host":["{{url_bre}}"],"port":"443","path":["DecisionService","rest","bre_sac_cartoes","1.0","saida_sac_cartoes"]}},"response":[]},{"name":"TRD Virtualizado","event":[{"listen":"test","script":{"exec":["var json = JSON.parse(responseBody);\r","\r","pm.test(\"ListaMenuCompleto\", function () {\r","    pm.expect(json.saida.ListaMenuCompleto[0]).to.eql(23);\r","    pm.expect(json.saida.ListaMenuCompleto[1]).to.eql(26);\r","    pm.expect(json.saida.ListaMenuCompleto[2]).to.eql(27);\r","    pm.expect(json.saida.ListaMenuCompleto[3]).to.eql(70);\r","});\r","\r","pm.test(\"Validando ListaFilaDerivacao...\", function () {\r","    pm.expect(json.saida.ListaFilaDerivacao[0].CDN).to.eql(\"3134\");\r","    pm.expect(json.saida.ListaFilaDerivacao[0].RoutingPoint).to.eql(\"1100\");\r","    pm.expect(json.saida.ListaFilaDerivacao[1].CDN).to.eql(\"3134\");\r","    pm.expect(json.saida.ListaFilaDerivacao[1].RoutingPoint).to.eql(\"1100\");\r","  \r","});\r","\r","pm.test(\"Validando ListaVoiceBanner (ransomware Atento??)\", function () {\r","    pm.expect(json.saida.ListaVoiceBanner[0].Frase).to.eql(\"977\");\r","   pm.expect(json.saida.ListaVoiceBanner[0].Servico).to.eql(\"12\");\r","   \r","\r","   \r","});\r",""],"type":"text/javascript","id":"365bb179-3c5d-4fbc-9389-177a3c49e3f2"}}],"id":"c0344aa8-288f-4889-b0d4-0b00559e67e1","protocolProfileBehavior":{"disableBodyPruning":true},"request":{"auth":{"type":"noauth"},"method":"POST","header":[{"key":"Content-Type","value":"application/json","type":"text"},{"key":"Accept","value":"application/json","type":"text"},{"key":"Authorization","value":"Bearer {{hc8_bearer_bre_rsa}}","type":"text"},{"key":"x-itau-apikey","value":"{{hc8_client_id_bre_rsa}}","type":"text"},{"key":"x-itau-flowID","value":"{{$guid}}","type":"text"},{"key":"x-itau-correlationID","value":"{{$guid}}","type":"text"}],"body":{"mode":"raw","raw":"{\n    \"entrada\": {\n        \"Org\": \"\",\n        \"Admin\": \"\",\n        \"CDN\": \"31\",\n        \"URA\": {\n            \"Ip\": \"\",\n            \"Porta\": \"\",\n            \"Feriado\": \"\"\n        },\n        \"Historico\": {\n            \"ListaDataLigacoes\": [\n                \n            ]\n        },\n        \"Menu\": {\n            \"Arvore\": \"NI\",\n            \"Visivel\": \"\",\n            \"Digitacao\": \"\"\n        },\n        \"TipoPessoa\": \"\",\n        \n        \"Chaves\": [\n            {\n                \"nome\": \"\",\n                \"valor\": \"\"\n            }\n        ]\n    }\n}"},"url":{"raw":"https://{{url_api_gateway}}/bre_sac_cartoes/1.0/saida_sac_cartoes","protocol":"https","host":["{{url_api_gateway}}"],"path":["bre_sac_cartoes","1.0","saida_sac_cartoes"]}},"response":[]}],"id":"56a20380-9e52-49ff-9fe5-0c983a3a44bb"},{"name":"Black Infinite ok","item":[{"name":"Madrugada Não","event":[{"listen":"test","script":{"exec":["var json = JSON.parse(responseBody);\r","\r","pm.test(\"ListaMenuCompleto\", function () {\r","    pm.expect(json.saida.ListaMenuCompleto[0]).to.eql(23);\r","    pm.expect(json.saida.ListaMenuCompleto[1]).to.eql(26);\r","    pm.expect(json.saida.ListaMenuCompleto[2]).to.eql(27);\r","    pm.expect(json.saida.ListaMenuCompleto[3]).to.eql(70);\r","});\r","\r","pm.test(\"Validando ListaFilaDerivacao...\", function () {\r","    pm.expect(json.saida.ListaFilaDerivacao[0].CDN).to.eql(\"1717\");\r","    pm.expect(json.saida.ListaFilaDerivacao[0].RoutingPoint).to.eql(\"8471\");\r","   \r","    pm.expect(json.saida.ListaFilaDerivacao[1].CDN).to.eql(\"1717\");\r","    pm.expect(json.saida.ListaFilaDerivacao[1].RoutingPoint).to.eql(\"8471\");\r","   \r","});"],"type":"text/javascript","id":"c921e8e0-8e03-4c1f-98b9-a57399946d42"}}],"id":"22c85729-7fd5-4b33-ad3f-126131e8b3a8","protocolProfileBehavior":{"disableBodyPruning":true},"request":{"auth":{"type":"noauth"},"method":"POST","header":[{"key":"Content-Type","name":"Content-Type","type":"text","value":"application/json"},{"key":"Accept","type":"text","value":"application/json"},{"key":"Authorization","type":"text","value":"Bearer {{client_bearer_bre}}"}],"body":{"mode":"raw","raw":"{\n    \"entrada\": {\n        \"Org\": \"\",\n        \"Admin\": \"\",\n        \"CDN\": \"4983\",\n        \"URA\": {\n            \"Ip\": \"\",\n            \"Porta\": \"\",\n            \"Feriado\": \"\"\n        },\n        \"Historico\": {\n            \"ListaDataLigacoes\": [\n                \n            ]\n        },\n        \"Menu\": {\n            \"Arvore\": \"NI\",\n            \"Visivel\": \"\",\n            \"Digitacao\": \"\"\n        },\n        \"TipoPessoa\": \"\",\n        \n        \"Chaves\": [\n            {\n                \"nome\": \"\",\n                \"valor\": \"\"\n            }\n        ]\n    }\n}"},"url":{"raw":"https://{{url_bre}}:443/DecisionService/rest/bre_sac_cartoes/1.0/saida_sac_cartoes","protocol":"https","host":["{{url_bre}}"],"port":"443","path":["DecisionService","rest","bre_sac_cartoes","1.0","saida_sac_cartoes"]}},"response":[]},{"name":"Black Infinite NÃO - TRD","event":[{"listen":"test","script":{"exec":["var json = JSON.parse(responseBody);\r","\r","pm.test(\"ListaMenuCompleto\", function () {\r","    pm.expect(json.saida.ListaMenuCompleto[0]).to.eql(23);\r","    pm.expect(json.saida.ListaMenuCompleto[1]).to.eql(26);\r","    pm.expect(json.saida.ListaMenuCompleto[2]).to.eql(27);\r","    pm.expect(json.saida.ListaMenuCompleto[3]).to.eql(70);\r","});\r","\r","pm.test(\"Validando ListaFilaDerivacao...\", function () {\r","    pm.expect(json.saida.ListaFilaDerivacao[0].CDN).to.eql(\"1896\");\r","    pm.expect(json.saida.ListaFilaDerivacao[0].RoutingPoint).to.eql(\"8471\");\r","   \r","       pm.expect(json.saida.ListaFilaDerivacao[1].CDN).to.eql(\"1834\");\r","    pm.expect(json.saida.ListaFilaDerivacao[1].RoutingPoint).to.eql(\"5228\");\r","   \r","});"],"type":"text/javascript","id":"4fa04485-3aa6-4f3c-baf5-9cf98e00c852"}}],"id":"3623a295-1ea3-40e8-8634-853d742ee2c1","protocolProfileBehavior":{"disableBodyPruning":true},"request":{"auth":{"type":"noauth"},"method":"POST","header":[{"key":"Content-Type","name":"Content-Type","type":"text","value":"application/json"},{"key":"Accept","type":"text","value":"application/json"},{"key":"Authorization","type":"text","value":"Bearer {{client_bearer_bre}}"}],"body":{"mode":"raw","raw":"{\n    \"entrada\": {\n        \"Org\": \"\",\n        \"Admin\": \"\",\n        \"CDN\": \"1234\",\n        \"Data\": \"29/09/2021\",\n        \"Hora\": \"15:00\",\n        \"URA\": {\n            \"Ip\": \"\",\n            \"Porta\": \"\",\n            \"Feriado\": \"\"\n        },\n        \"Historico\": {\n            \"ListaDataLigacoes\": [\n                \n            ]\n        },\n        \"Menu\": {\n            \"Arvore\": \"NI\",\n            \"Visivel\": \"\",\n            \"Digitacao\": \"\"\n        },\n        \"TipoPessoa\": \"\",\n        \n        \"Chaves\": [\n            {\n                \"nome\": \"DN_PRODUTO\",\n                \"valor\": \"1066\"\n            }\n        ]\n    }\n}"},"url":{"raw":"https://{{url_bre}}:443/DecisionService/rest/bre_sac_cartoes/1.0/saida_sac_cartoes","protocol":"https","host":["{{url_bre}}"],"port":"443","path":["DecisionService","rest","bre_sac_cartoes","1.0","saida_sac_cartoes"]}},"response":[]},{"name":"Madrugada SIM","event":[{"listen":"test","script":{"exec":["var json = JSON.parse(responseBody);\r","\r","pm.test(\"ListaMenuCompleto\", function () {\r","    pm.expect(json.saida.ListaMenuCompleto[0]).to.eql(23);\r","    pm.expect(json.saida.ListaMenuCompleto[1]).to.eql(26);\r","    pm.expect(json.saida.ListaMenuCompleto[2]).to.eql(27);\r","    pm.expect(json.saida.ListaMenuCompleto[3]).to.eql(70);\r","});\r","\r","pm.test(\"Validando ListaFilaDerivacao...\", function () {\r","    pm.expect(json.saida.ListaFilaDerivacao[0].CDN).to.eql(\"1872\");\r","    pm.expect(json.saida.ListaFilaDerivacao[0].RoutingPoint).to.eql(\"8471\");\r","\r","});"],"type":"text/javascript","id":"22bdae72-540c-48a8-b447-5f0947d3f234"}}],"id":"3c06c565-3204-4fed-b45f-1ae102294ac1","protocolProfileBehavior":{"disableBodyPruning":true},"request":{"auth":{"type":"noauth"},"method":"POST","header":[{"key":"Content-Type","name":"Content-Type","type":"text","value":"application/json"},{"key":"Accept","type":"text","value":"application/json"},{"key":"Authorization","type":"text","value":"Bearer {{client_bearer_bre}}"}],"body":{"mode":"raw","raw":"{\n    \"entrada\": {\n        \"Org\": \"\",\n        \"Admin\": \"\",\n        \"CDN\": \"4983\",\n        \"Data\": \"29/09/2021\",\n        \"Hora\": \"04:00\",\n        \"URA\": {\n            \"Ip\": \"\",\n            \"Porta\": \"\",\n            \"Feriado\": \"\"\n        },\n        \"Historico\": {\n            \"ListaDataLigacoes\": [\n                \n            ]\n        },\n        \"Menu\": {\n            \"Arvore\": \"NI\",\n            \"Visivel\": \"\",\n            \"Digitacao\": \"\"\n        },\n        \"TipoPessoa\": \"\",\n        \n        \"Chaves\": [\n            {\n                \"nome\": \"DN_PRODUTO\",\n                \"valor\": \"1066\"\n            }\n        ]\n    }\n}"},"url":{"raw":"https://{{url_bre}}:443/DecisionService/rest/bre_sac_cartoes/1.0/saida_sac_cartoes","protocol":"https","host":["{{url_bre}}"],"port":"443","path":["DecisionService","rest","bre_sac_cartoes","1.0","saida_sac_cartoes"]}},"response":[]}],"id":"750d8f6d-4aeb-4f2f-a175-8f8a7a4fdf94"},{"name":"MNC","item":[{"name":"Contingência ok","item":[{"name":"Menu completo (MNC) + VB 977","event":[{"listen":"test","script":{"exec":["var json = JSON.parse(responseBody);\r","\r","pm.test(\"ListaMenuCompleto\", function () {\r","    pm.expect(json.saida.ListaMenuCompleto[0]).to.eql(23);\r","    pm.expect(json.saida.ListaMenuCompleto[1]).to.eql(26);\r","    pm.expect(json.saida.ListaMenuCompleto[2]).to.eql(27);\r","    pm.expect(json.saida.ListaMenuCompleto[3]).to.eql(70);\r","});"],"type":"text/javascript","id":"bc677502-2344-4ced-8cff-1344ed65c552"}}],"id":"38a3b78e-e197-4139-a1ea-451496effcb8","protocolProfileBehavior":{"disableBodyPruning":true},"request":{"auth":{"type":"noauth"},"method":"POST","header":[{"key":"Content-Type","name":"Content-Type","type":"text","value":"application/json"},{"key":"Accept","type":"text","value":"application/json"},{"key":"Authorization","type":"text","value":"Bearer {{client_bearer_bre}}"}],"body":{"mode":"raw","raw":"{\n    \"entrada\": {\n        \"Org\": \"\",\n        \"Admin\": \"\",\n        \"CDN\": \"5645\",\n        \"Data\": \"17/10/2021\",\n        \"Hora\": \"15:00\",\n        \"URA\": {\n            \"Ip\": \"\",\n            \"Porta\": \"\",\n            \"Feriado\": \"\"\n        },\n        \"Historico\": {\n            \"ListaDataLigacoes\": [\n                \n            ]\n        },\n        \"Menu\": {\n            \"Arvore\": \"NI\",\n            \"Visivel\": \"\",\n            \"Digitacao\": \"\"\n        },\n        \"TipoPessoa\": \"\",\n        \n        \"Chaves\": [\n            {\n                \"nome\": \"PORTFOLIO\",\n                \"valor\": \"11\"\n            }\n        ]\n    }\n}"},"url":{"raw":"https://{{url_bre}}:443/DecisionService/rest/bre_sac_cartoes/1.0/saida_sac_cartoes","protocol":"https","host":["{{url_bre}}"],"port":"443","path":["DecisionService","rest","bre_sac_cartoes","1.0","saida_sac_cartoes"]}},"response":[]},{"name":"Menu completo (MNC) + VB 979","event":[{"listen":"test","script":{"exec":["var json = JSON.parse(responseBody);\r","\r","pm.test(\"ListaMenuCompleto\", function () {\r","    pm.expect(json.saida.ListaMenuCompleto[0]).to.eql(23);\r","    pm.expect(json.saida.ListaMenuCompleto[1]).to.eql(26);\r","    pm.expect(json.saida.ListaMenuCompleto[2]).to.eql(27);\r","    pm.expect(json.saida.ListaMenuCompleto[3]).to.eql(70);\r","});\r","\r","\r","pm.test(\"ListaVoiceBanner\", function () {\r","    pm.expect(json.saida.ListaVoiceBanner[1].Frase).to.eql(\"979\");\r","    pm.expect(json.saida.ListaVoiceBanner[1].Servico).to.eql(\"12\");\r","});\r","\r",""],"type":"text/javascript","id":"85efb238-8c1f-440b-b455-288680444ec4"}}],"id":"6534b8bf-fe52-4b10-a60a-526730101f51","protocolProfileBehavior":{"disableBodyPruning":true},"request":{"auth":{"type":"noauth"},"method":"POST","header":[{"key":"Content-Type","name":"Content-Type","type":"text","value":"application/json"},{"key":"Accept","type":"text","value":"application/json"},{"key":"Authorization","type":"text","value":"Bearer {{client_bearer_bre}}"}],"body":{"mode":"raw","raw":"{\n    \"entrada\": {\n        \"Org\": \"\",\n        \"Admin\": \"\",\n        \"CDN\": \"5645\",\n        \"Data\":\"17/10/2021\",\n        \"Hora\":\"15:00:00\",\n           \"URA\": {\n            \"Ip\": \"\",\n            \"Porta\": \"\",\n            \"Feriado\": \"\"\n        },\n        \"Historico\": {\n            \"ListaDataLigacoes\": [\n                \n            ]\n        },\n        \"Menu\": {\n            \"Arvore\": \"NI\",\n            \"Visivel\": \"\",\n            \"Digitacao\": \"\"\n        },\n        \"TipoPessoa\": \"\",\n        \n        \"Chaves\": [\n            {\n                \"nome\": \"PORTFOLIO\",\n                \"valor\": \"67\"\n            }\n        ]\n    }\n}"},"url":{"raw":"https://{{url_bre}}:443/DecisionService/rest/bre_sac_cartoes/1.0/saida_sac_cartoes","protocol":"https","host":["{{url_bre}}"],"port":"443","path":["DecisionService","rest","bre_sac_cartoes","1.0","saida_sac_cartoes"]}},"response":[]},{"name":"Menu completo (MNC) + VB 981","event":[{"listen":"test","script":{"exec":["var json = JSON.parse(responseBody);\r","\r","pm.test(\"ListaMenuCompleto\", function () {\r","    pm.expect(json.saida.ListaMenuCompleto[0]).to.eql(23);\r","    pm.expect(json.saida.ListaMenuCompleto[1]).to.eql(26);\r","    pm.expect(json.saida.ListaMenuCompleto[2]).to.eql(27);\r","    pm.expect(json.saida.ListaMenuCompleto[3]).to.eql(70);\r","});\r","\r","pm.test(\"ListaVoiceBanner\", function () {\r","    pm.expect(json.saida.ListaVoiceBanner[0].Frase).to.eql(\"977\");\r","    pm.expect(json.saida.ListaVoiceBanner[0].Servico).to.eql(\"12\");\r","    pm.expect(json.saida.ListaVoiceBanner[1].Frase).to.eql(\"981\");\r","    pm.expect(json.saida.ListaVoiceBanner[1].Servico).to.eql(\"12\");\r","});"],"type":"text/javascript","id":"dcca32c4-2181-41c5-949f-a7240edfa837"}}],"id":"6b425396-896f-4b0e-b343-1a31a0add99c","protocolProfileBehavior":{"disableBodyPruning":true},"request":{"auth":{"type":"noauth"},"method":"POST","header":[{"key":"Content-Type","name":"Content-Type","type":"text","value":"application/json"},{"key":"Accept","type":"text","value":"application/json"},{"key":"Authorization","type":"text","value":"Bearer {{client_bearer_bre}}"}],"body":{"mode":"raw","raw":"{\n    \"entrada\": {\n        \"Org\": \"\",\n        \"Admin\": \"\",\n        \"CDN\": \"5645\",\n        \"URA\": {\n            \"Ip\": \"\",\n            \"Porta\": \"\",\n            \"Feriado\": \"\"\n        },\n        \"Historico\": {\n            \"ListaDataLigacoes\": [\n                \n            ]\n        },\n        \"Menu\": {\n            \"Arvore\": \"NI\",\n            \"Visivel\": \"\",\n            \"Digitacao\": \"\"\n        },\n        \"TipoPessoa\": \"\",\n        \"Data\":\"17/10/2021\",\n        \"Hora\":\"15:00:00\",\n        \"Chaves\": [\n            {\n                \"nome\": \"PORTFOLIO\",\n                \"valor\": \"11\"\n            }\n        ]\n    }\n}"},"url":{"raw":"https://{{url_bre}}:443/DecisionService/rest/bre_sac_cartoes/1.0/saida_sac_cartoes","protocol":"https","host":["{{url_bre}}"],"port":"443","path":["DecisionService","rest","bre_sac_cartoes","1.0","saida_sac_cartoes"]}},"response":[]}],"id":"d9ae8e5c-9e5f-47f6-bc52-a8a265cd0a47"},{"name":"MNC","event":[{"listen":"test","script":{"exec":["var json = JSON.parse(responseBody);\r","/*\r","pm.test(\"ListaFilaDerivacao.CDN = 1900\", function () {\r","    pm.expect(json.saida.ListaFilaDerivacao[0].CDN).to.eql(\"1900\");\r","});\r","*/\r",""],"type":"text/javascript","id":"9baa4242-fed7-40c3-adb4-acff9379289f"}}],"id":"49b48d70-3904-4eb9-bbcd-9b9de3e97335","protocolProfileBehavior":{"disableBodyPruning":true},"request":{"auth":{"type":"noauth"},"method":"POST","header":[{"key":"Content-Type","name":"Content-Type","type":"text","value":"application/json"},{"key":"Accept","type":"text","value":"application/json"},{"key":"Authorization","type":"text","value":"Bearer {{client_bearer_bre}}"}],"body":{"mode":"raw","raw":"{\n    \"entrada\": {\n        \"Org\": \"\",\n        \"Admin\": \"\",\n        \"CDN\": \"5645\",\n        \"Data\": \"27/08/2020\",  \n        \"Hora\": \"15:00\",\n        \"URA\": {\n            \"Ip\": \"\",\n            \"Porta\": \"\",\n            \"Feriado\": \"\"\n        },\n        \"Historico\": {\n            \"ListaDataLigacoes\": [\n                \n            ]\n        },\n        \"Menu\": {\n            \"Arvore\": \"NI\",\n            \"Visivel\": \"\",\n            \"Digitacao\": \"\"\n        },\n        \"TipoPessoa\": \"\",\n        \n        \"Chaves\": [\n            {\n                \"nome\": \"DN_PRODUTO\",\n                \"valor\": \"911\"\n            }\n            \n        ]\n    }\n}"},"url":{"raw":"https://{{url_bre}}:443/DecisionService/rest/bre_sac_cartoes/1.0/saida_sac_cartoes","protocol":"https","host":["{{url_bre}}"],"port":"443","path":["DecisionService","rest","bre_sac_cartoes","1.0","saida_sac_cartoes"]}},"response":[]},{"name":"SRV 34","event":[{"listen":"test","script":{"exec":["var json = JSON.parse(responseBody);\r","\r","pm.test(\"ListaMenuCompleto\", function () {\r","    pm.expect(json.saida.ListaMenuCompleto[0]).to.eql(23);\r","    pm.expect(json.saida.ListaMenuCompleto[1]).to.eql(26);\r","    pm.expect(json.saida.ListaMenuCompleto[2]).to.eql(27);\r","    pm.expect(json.saida.ListaMenuCompleto[3]).to.eql(70);\r","});\r",""],"type":"text/javascript","id":"bb6add7a-5877-4bb5-88cb-b93dbcf4a61e"}}],"id":"0d22894a-1a8e-4d1f-9a95-ef83cd58c960","protocolProfileBehavior":{"disableBodyPruning":true},"request":{"auth":{"type":"noauth"},"method":"POST","header":[{"key":"Content-Type","name":"Content-Type","type":"text","value":"application/json"},{"key":"Accept","type":"text","value":"application/json"},{"key":"Authorization","type":"text","value":"Bearer {{client_bearer_bre}}"}],"body":{"mode":"raw","raw":"{\n    \"entrada\": {\n        \"Org\": \"\",\n        \"Admin\": \"\",\n        \"CDN\": \"5645\",\n        \"Data\": \"27/08/2020\",  \n        \"Hora\": \"15:00\",\n        \"URA\": {\n            \"Ip\": \"\",\n            \"Porta\": \"\",\n            \"Feriado\": \"\"\n        },\n        \"Historico\": {\n            \"ListaDataLigacoes\": [\n                \n            ]\n        },\n        \"Menu\": {\n            \"Arvore\": \"NI\",\n            \"Visivel\": \"\",\n            \"Digitacao\": \"\"\n        },\n        \"TipoPessoa\": \"\",\n        \n        \"Chaves\": [\n            {\n                \"nome\": \"DN_PRODUTO\",\n                \"valor\": \"911\"\n            }\n            \n        ]\n    }\n}"},"url":{"raw":"https://{{url_bre}}:443/DecisionService/rest/bre_sac_cartoes/1.0/saida_sac_cartoes","protocol":"https","host":["{{url_bre}}"],"port":"443","path":["DecisionService","rest","bre_sac_cartoes","1.0","saida_sac_cartoes"]}},"response":[]}],"id":"cac5d6a2-5e7c-4c7f-917b-4dbadd373d5a"}],"id":"e24432bc-ed6b-45a9-a9cd-cedd9d997a91"},{"name":"Identificado","item":[{"name":"Derivações","item":[{"name":"VIP Diretores","item":[{"name":"Horário <> Madrugada? SIM","event":[{"listen":"test","script":{"exec":["var json = JSON.parse(responseBody);\r","\r","pm.test(\"ListaMenuCompleto\", function () {\r","   \r","    pm.expect(json.saida.ListaMenuCompleto[0]).to.eql(26);\r","    pm.expect(json.saida.ListaMenuCompleto[1]).to.eql(27);\r","    pm.expect(json.saida.ListaMenuCompleto[2]).to.eql(70);\r","});\r","\r","pm.test(\"Validando ListaFilaDerivacao...\", function () {\r","    pm.expect(json.saida.ListaFilaDerivacao[0].CDN).to.eql(\"1875\");\r","    pm.expect(json.saida.ListaFilaDerivacao[0].RoutingPoint).to.eql(\"8428\");\r","   \r","    \r","   \r","});\r",""],"type":"text/javascript","id":"5dd06670-8ee6-4447-a241-bb4a2d49ca74"}}],"id":"2b363da5-ed22-4079-815a-30e08f00ed28","protocolProfileBehavior":{"disableBodyPruning":true},"request":{"auth":{"type":"noauth"},"method":"POST","header":[{"key":"Content-Type","name":"Content-Type","type":"text","value":"application/json"},{"key":"Accept","type":"text","value":"application/json"},{"key":"Authorization","type":"text","value":"Bearer {{client_bearer_bre}}"}],"body":{"mode":"raw","raw":"{\n    \"entrada\": {\n        \"Org\": \"\",\n        \"Admin\": \"\",\n        \"CDN\": \"4030\",\n        \"Data\": \"30/06/2021\",\n        \"Hora\": \"15:00\",\n        \"URA\": {\n            \"Ip\": \"trace\",\n            \"Porta\": \"\",\n            \"Feriado\": \"\"\n        },\n        \"Historico\": {\n            \"ListaDataLigacoes\": [\n                \n            ]\n        },\n        \"Menu\": {\n            \"Arvore\": \"ID\",\n            \"Visivel\": \"\",\n            \"Digitacao\": \"\"\n        },\n        \"TipoPessoa\": \"\",\n        \n        \"Chaves\": [\n            {\n                \"nome\": \"VIP\",\n                \"valor\": \"1\"\n            },\n            {\n                \"nome\": \"IND_DIRETOR\",\n                \"valor\": \"S\"\n            }              \n                    ]\n                    \n    }\n}"},"url":{"raw":"https://{{url_bre}}:443/DecisionService/rest/bre_sac_cartoes/1.0/saida_sac_cartoes","protocol":"https","host":["{{url_bre}}"],"port":"443","path":["DecisionService","rest","bre_sac_cartoes","1.0","saida_sac_cartoes"]}},"response":[]},{"name":"Horário <> Madrugada? NAO","event":[{"listen":"test","script":{"exec":["var json = JSON.parse(responseBody);\r","\r","pm.test(\"ListaMenuCompleto\", function () {\r","   \r","    pm.expect(json.saida.ListaMenuCompleto[0]).to.eql(26);\r","    pm.expect(json.saida.ListaMenuCompleto[1]).to.eql(27);\r","    pm.expect(json.saida.ListaMenuCompleto[2]).to.eql(70);\r","});\r","\r","pm.test(\"Validando ListaFilaDerivacao...\", function () {\r","    pm.expect(json.saida.ListaFilaDerivacao[0].CDN).to.eql(\"1872\");\r","    pm.expect(json.saida.ListaFilaDerivacao[0].RoutingPoint).to.eql(\"8428\");\r","   \r","   ;\r","   \r","});\r",""],"type":"text/javascript","id":"446ae39a-15eb-486b-a6e3-c1e44b18df7d"}}],"id":"e58ccf74-3019-4cba-a7f9-253f52255aff","protocolProfileBehavior":{"disableBodyPruning":true},"request":{"auth":{"type":"noauth"},"method":"POST","header":[{"key":"Content-Type","name":"Content-Type","type":"text","value":"application/json"},{"key":"Accept","type":"text","value":"application/json"},{"key":"Authorization","type":"text","value":"Bearer {{client_bearer_bre}}"}],"body":{"mode":"raw","raw":"{\n    \"entrada\": {\n        \"Org\": \"\",\n        \"Admin\": \"\",\n        \"CDN\": \"4030\",\n        \"Data\": \"30/06/2021\",\n        \"Hora\": \"04:00\",\n        \"URA\": {\n            \"Ip\": \"trace\",\n            \"Porta\": \"\",\n            \"Feriado\": \"\"\n        },\n        \"Historico\": {\n            \"ListaDataLigacoes\": [\n                \n            ]\n        },\n        \"Menu\": {\n            \"Arvore\": \"ID\",\n            \"Visivel\": \"\",\n            \"Digitacao\": \"\"\n        },\n        \"TipoPessoa\": \"\",\n        \n        \"Chaves\": [\n            {\n                \"nome\": \"VIP\",\n                \"valor\": \"1\"\n            },\n            {\n                \"nome\": \"IND_DIRETOR\",\n                \"valor\": \"S\"\n            }              \n                    ]\n                    \n    }\n}"},"url":{"raw":"https://{{url_bre}}:443/DecisionService/rest/bre_sac_cartoes/1.0/saida_sac_cartoes","protocol":"https","host":["{{url_bre}}"],"port":"443","path":["DecisionService","rest","bre_sac_cartoes","1.0","saida_sac_cartoes"]}},"response":[]}],"id":"83420c3b-5ae4-4237-bdc6-cb6983cf16f6"},{"name":"Piloto Parcerias","event":[{"listen":"test","script":{"exec":["var json = JSON.parse(responseBody);\r","\r","pm.test(\"ListaMenuCompleto\", function () {\r","   \r","    pm.expect(json.saida.ListaMenuCompleto[0]).to.eql(26);\r","    pm.expect(json.saida.ListaMenuCompleto[1]).to.eql(27);\r","    pm.expect(json.saida.ListaMenuCompleto[2]).to.eql(70);\r","});\r","\r","pm.test(\"Validando ListaFilaDerivacao...\", function () {\r","    pm.expect(json.saida.ListaFilaDerivacao[0].CDN).to.eql(\"1896\");\r","    pm.expect(json.saida.ListaFilaDerivacao[0].RoutingPoint).to.eql(\"8428\");\r","   \r","    pm.expect(json.saida.ListaFilaDerivacao[1].CDN).to.eql(\"1896\");\r","    pm.expect(json.saida.ListaFilaDerivacao[1].RoutingPoint).to.eql(\"8428\");\r","   \r","});\r",""],"type":"text/javascript","id":"d948a26a-dcb1-4654-9d23-94a0a1e9bfcc"}}],"id":"2a37c72c-054a-47c6-b522-5e0475e80ae6","protocolProfileBehavior":{"disableBodyPruning":true},"request":{"auth":{"type":"noauth"},"method":"POST","header":[{"key":"Content-Type","name":"Content-Type","type":"text","value":"application/json"},{"key":"Accept","type":"text","value":"application/json"},{"key":"Authorization","type":"text","value":"Bearer {{client_bearer_bre}}"}],"body":{"mode":"raw","raw":"{\n    \"entrada\": {\n        \"Org\": \"\",\n        \"Admin\": \"\",\n        \"CDN\": \"1234\",\n        \"Data\": \"30/06/2020\",\n        \"Hora\": \"15:00\",\n        \"URA\": {\n            \"Ip\": \"trace\",\n            \"Porta\": \"\",\n            \"Feriado\": \"\"\n        },\n        \"Historico\": {\n            \"ListaDataLigacoes\": [\n                \n            ]\n        },\n        \"Menu\": {\n            \"Arvore\": \"ID\",\n            \"Visivel\": \"\",\n            \"Digitacao\": \"\"\n        },\n        \"TipoPessoa\": \"\",\n        \n        \"Chaves\": [\n            {\n                \"nome\": \"PORTFOLIO\",\n                \"valor\": \"80\"\n            }            \n                    ]\n    }\n}"},"url":{"raw":"https://{{url_bre}}:443/DecisionService/rest/bre_sac_cartoes/1.0/saida_sac_cartoes","protocol":"https","host":["{{url_bre}}"],"port":"443","path":["DecisionService","rest","bre_sac_cartoes","1.0","saida_sac_cartoes"]}},"response":[]}],"id":"c63e36ee-250b-4878-8191-f99fe3582bb9"},{"name":"Credicard","item":[{"name":"Base VIP","item":[{"name":"Madrugada SIM ok","event":[{"listen":"test","script":{"exec":["var json = JSON.parse(responseBody);\r","\r","pm.test(\"ListaMenuCompleto\", function () {\r","   \r","\r","pm.test(\"Validando ListaFilaDerivacao...\", function () {\r","    pm.expect(json.saida.ListaFilaDerivacao[0].CDN).to.eql(\"1875\");\r","    pm.expect(json.saida.ListaFilaDerivacao[0].RoutingPoint).to.eql(\"1100\");\r","   \r","    \r","   \r","}); \r","}); "],"type":"text/javascript","id":"48077dcb-1517-4584-84e6-1af7014a13cd"}}],"id":"9da78490-1350-440d-9049-7b39e8cb6da5","protocolProfileBehavior":{"disableBodyPruning":true},"request":{"auth":{"type":"noauth"},"method":"POST","header":[{"key":"Content-Type","name":"Content-Type","type":"text","value":"application/json"},{"key":"Accept","type":"text","value":"application/json"},{"key":"Authorization","type":"text","value":"Bearer {{client_bearer_bre}}"}],"body":{"mode":"raw","raw":"{\n    \"entrada\": {\n        \"Org\": \"\",\n        \"Admin\": \"\",\n        \"CDN\": \"31\",\n        \"Data\": \"15/09/2017\",\n        \"Hora\": \"15:00\",\n        \"URA\": {\n            \"Ip\": \"trace\",\n            \"Porta\": \"\",\n            \"Feriado\": \"\"\n        },\n        \"Historico\": {\n            \"ListaDataLigacoes\": [\n                \n            ]\n        },\n        \"Menu\": {\n            \"Arvore\": \"ID\",\n            \"Visivel\": \"\",\n            \"Digitacao\": \"\"\n        },\n        \"TipoPessoa\": \"\",\n        \n        \"Chaves\": [\n            \n            \n            {\n                \"nome\": \"PORTFOLIO\",\n                \"valor\": \"67\"\n            },\n\n            {\n                \"nome\": \"VIP\",\n                \"valor\": \"1\"\n            }\n            \n            \n        ]\n    }\n}"},"url":{"raw":"https://{{url_bre}}:443/DecisionService/rest/bre_sac_cartoes/1.0/saida_sac_cartoes","protocol":"https","host":["{{url_bre}}"],"port":"443","path":["DecisionService","rest","bre_sac_cartoes","1.0","saida_sac_cartoes"]}},"response":[]},{"name":"Madrugada NÃO ok","event":[{"listen":"test","script":{"exec":["var json = JSON.parse(responseBody);\r","\r","pm.test(\"ListaMenuCompleto\", function () {\r","   \r","\r","pm.test(\"Validando ListaFilaDerivacao...\", function () {\r","    pm.expect(json.saida.ListaFilaDerivacao[0].CDN).to.eql(\"1872\");\r","    pm.expect(json.saida.ListaFilaDerivacao[0].RoutingPoint).to.eql(\"1100\");\r","   \r","    \r","   \r","}); \r","}); "],"type":"text/javascript","id":"2d616d23-8478-45af-883b-3d8595de8239"}}],"id":"733e0c52-f519-447c-b001-7c7cc67b2375","protocolProfileBehavior":{"disableBodyPruning":true},"request":{"auth":{"type":"noauth"},"method":"POST","header":[{"key":"Content-Type","name":"Content-Type","type":"text","value":"application/json"},{"key":"Accept","type":"text","value":"application/json"},{"key":"Authorization","type":"text","value":"Bearer {{client_bearer_bre}}"}],"body":{"mode":"raw","raw":"{\n    \"entrada\": {\n        \"Org\": \"\",\n        \"Admin\": \"\",\n        \"CDN\": \"31\",\n        \"Data\": \"15/09/2017\",\n        \"Hora\": \"01:00\",\n        \"URA\": {\n            \"Ip\": \"trace\",\n            \"Porta\": \"\",\n            \"Feriado\": \"\"\n        },\n        \"Historico\": {\n            \"ListaDataLigacoes\": [\n                \n            ]\n        },\n        \"Menu\": {\n            \"Arvore\": \"ID\",\n            \"Visivel\": \"\",\n            \"Digitacao\": \"\"\n        },\n        \"TipoPessoa\": \"\",\n        \n        \"Chaves\": [\n            \n            \n            {\n                \"nome\": \"PORTFOLIO\",\n                \"valor\": \"67\"\n            },\n            {\n                \"nome\": \"VIP\",\n                \"valor\": \"1\"\n            }\n        ]\n    }\n}"},"url":{"raw":"https://{{url_bre}}:443/DecisionService/rest/bre_sac_cartoes/1.0/saida_sac_cartoes","protocol":"https","host":["{{url_bre}}"],"port":"443","path":["DecisionService","rest","bre_sac_cartoes","1.0","saida_sac_cartoes"]}},"response":[]},{"name":"Diretor Credicard SIM ok","event":[{"listen":"test","script":{"exec":["var json = JSON.parse(responseBody);\r","/*\r","pm.test(\"ListaFilaDerivacao.CDN = 1900\", function () {\r","    pm.expect(json.saida.ListaFilaDerivacao[0].CDN).to.eql(\"1900\");\r","});\r","*/\r",""],"type":"text/javascript","id":"03aa242e-8dd2-4486-bd07-d19ec7a309fd"}}],"id":"fc0fbb61-afd0-4c8c-89a6-c00a2125139f","protocolProfileBehavior":{"disableBodyPruning":true},"request":{"auth":{"type":"noauth"},"method":"POST","header":[{"key":"Content-Type","name":"Content-Type","type":"text","value":"application/json"},{"key":"Accept","type":"text","value":"application/json"},{"key":"Authorization","type":"text","value":"Bearer {{client_bearer_bre}}"}],"body":{"mode":"raw","raw":"{\n    \"entrada\": {\n        \"Org\": \"\",\n        \"Admin\": \"\",\n        \"CDN\": \"1234\",\n        \"Data\": \"15/09/2017\",\n        \"Hora\": \"01:00\",\n        \"URA\": {\n            \"Ip\": \"trace\",\n            \"Porta\": \"\",\n            \"Feriado\": \"\"\n        },\n        \"Historico\": {\n            \"ListaDataLigacoes\": [\n                \n            ]\n        },\n        \"Menu\": {\n            \"Arvore\": \"ID\",\n            \"Visivel\": \"\",\n            \"Digitacao\": \"\"\n        },\n        \"TipoPessoa\": \"\",\n        \n        \"Chaves\": [\n            {\n                \"nome\": \"CDN\",\n                \"valor\": \"31\"\n            },\n            {\n                \"nome\": \"PORTFOLIO\",\n                \"valor\": \"67\"\n            },\n            {\n                \"nome\": \"IND_DIRETOR\",\n                \"valor\": \"S\"\n            }\n        ]\n    }\n}"},"url":{"raw":"https://{{url_bre}}:443/DecisionService/rest/bre_sac_cartoes/1.0/saida_sac_cartoes","protocol":"https","host":["{{url_bre}}"],"port":"443","path":["DecisionService","rest","bre_sac_cartoes","1.0","saida_sac_cartoes"]}},"response":[]},{"name":"Diretor Credicard NÃO ok","event":[{"listen":"test","script":{"exec":["var json = JSON.parse(responseBody);\r","/*\r","pm.test(\"ListaFilaDerivacao.CDN = 1900\", function () {\r","    pm.expect(json.saida.ListaFilaDerivacao[0].CDN).to.eql(\"1900\");\r","});\r","*/\r",""],"type":"text/javascript","id":"85e1263b-2fe5-4eca-8bfd-0ca82a1cca3e"}}],"id":"13ea5fe9-ce27-4f99-ba1b-fbf47c8e567b","protocolProfileBehavior":{"disableBodyPruning":true},"request":{"auth":{"type":"noauth"},"method":"POST","header":[{"key":"Content-Type","name":"Content-Type","type":"text","value":"application/json"},{"key":"Accept","type":"text","value":"application/json"},{"key":"Authorization","type":"text","value":"Bearer {{client_bearer_bre}}"}],"body":{"mode":"raw","raw":"{\n    \"entrada\": {\n        \"Org\": \"\",\n        \"Admin\": \"\",\n        \"CDN\": \"1234\",\n        \"Data\": \"15/09/2017\",\n        \"Hora\": \"15:00\",\n        \"URA\": {\n            \"Ip\": \"trace\",\n            \"Porta\": \"\",\n            \"Feriado\": \"\"\n        },\n        \"Historico\": {\n            \"ListaDataLigacoes\": [\n                \n            ]\n        },\n        \"Menu\": {\n            \"Arvore\": \"ID\",\n            \"Visivel\": \"\",\n            \"Digitacao\": \"\"\n        },\n        \"TipoPessoa\": \"\",\n        \n        \"Chaves\": [\n            {\n                \"nome\": \"CDN\",\n                \"valor\": \"31\"\n            },\n            {\n                \"nome\": \"PORTFOLIO\",\n                \"valor\": \"67\"\n            },\n            {\n                \"nome\": \"IND_DIRETOR\",\n                \"valor\": \"N\"\n            }\n        ]\n    }\n}"},"url":{"raw":"https://{{url_bre}}:443/DecisionService/rest/bre_sac_cartoes/1.0/saida_sac_cartoes","protocol":"https","host":["{{url_bre}}"],"port":"443","path":["DecisionService","rest","bre_sac_cartoes","1.0","saida_sac_cartoes"]}},"response":[]}],"id":"534bb85a-00ab-4323-a3d5-5150e590a8e5"},{"name":"Rechamada SAC","item":[{"name":"TRD Rechamada SAC","event":[{"listen":"test","script":{"exec":["var json = JSON.parse(responseBody);\r","/*\r","pm.test(\"ListaFilaDerivacao.CDN = 1900\", function () {\r","    pm.expect(json.saida.ListaFilaDerivacao[0].CDN).to.eql(\"1900\");\r","});\r","*/\r",""],"type":"text/javascript","id":"316ffc09-5c96-45af-bb58-ebbb9b22ef16"}}],"id":"7654f4bf-52f4-4a72-83c7-2f96650b0eeb","protocolProfileBehavior":{"disableBodyPruning":true},"request":{"auth":{"type":"noauth"},"method":"POST","header":[{"key":"Content-Type","name":"Content-Type","type":"text","value":"application/json"},{"key":"Accept","type":"text","value":"application/json"},{"key":"Authorization","type":"text","value":"Bearer {{client_bearer_bre}}"}],"body":{"mode":"raw","raw":"{\n    \"entrada\": {\n        \"Org\": \"\",\n        \"Admin\": \"\",\n        \"CDN\": \"1234\",\n        \"Data\": \"15/09/2017\",\n        \"Hora\": \"15:00\",\n        \"URA\": {\n            \"Ip\": \"trace\",\n            \"Porta\": \"\",\n            \"Feriado\": \"\"\n        },\n        \"Historico\": {\n            \"ListaDataLigacoes\": [\n                \n            ]\n        },\n        \"Menu\": {\n            \"Arvore\": \"ID\",\n            \"Visivel\": \"\",\n            \"Digitacao\": \"\"\n        },\n        \"TipoPessoa\": \"\",\n        \n        \"Chaves\": [\n            {\n                \"nome\": \"CDN\",\n                \"valor\": \"31\"\n            },\n            {\n                \"nome\": \"PORTFOLIO\",\n                \"valor\": \"67\"\n            },\n            {\n                \"nome\": \"VIP\",\n                \"valor\": \"1\"\n            }\n        ]\n    }\n}"},"url":{"raw":"https://{{url_bre}}:443/DecisionService/rest/bre_sac_cartoes/1.0/saida_sac_cartoes","protocol":"https","host":["{{url_bre}}"],"port":"443","path":["DecisionService","rest","bre_sac_cartoes","1.0","saida_sac_cartoes"]}},"response":[]}],"id":"67ab8e46-49d6-42ea-9090-1d0d4799232f"},{"name":"Projeto Classic","item":[{"name":"Projeto Clasic SIM (Nova Sequencia) ok","event":[{"listen":"test","script":{"exec":["var json = JSON.parse(responseBody);\r","/*\r","pm.test(\"ListaFilaDerivacao.CDN = 1900\", function () {\r","    pm.expect(json.saida.ListaFilaDerivacao[0].CDN).to.eql(\"1900\");\r","});\r","*/\r",""],"type":"text/javascript","id":"20b01b2d-018d-4ee4-855c-ec84cd8f8879"}}],"id":"d2c4277c-d3a7-4383-89df-757557be210d","protocolProfileBehavior":{"disableBodyPruning":true},"request":{"auth":{"type":"noauth"},"method":"POST","header":[{"key":"Content-Type","name":"Content-Type","type":"text","value":"application/json"},{"key":"Accept","type":"text","value":"application/json"},{"key":"Authorization","type":"text","value":"Bearer {{client_bearer_bre}}"}],"body":{"mode":"raw","raw":"{\n    \"entrada\": {\n        \"Org\": \"\",\n        \"Admin\": \"\",\n        \"CDN\": \"1234\",\n        \"Data\": \"15/09/2021\",\n        \"Hora\": \"15:00\",\n        \"URA\": {\n            \"Ip\": \"trace\",\n            \"Porta\": \"\",\n            \"Feriado\": \"\"\n        },\n        \"Historico\": {\n            \"ListaDataLigacoes\": [\n                \n            ]\n        },\n        \"Menu\": {\n            \"Arvore\": \"ID\",\n            \"Visivel\": \"\",\n            \"Digitacao\": \"\"\n        },\n        \"TipoPessoa\": \"\",\n        \n        \"Chaves\": [\n            {\n                \"nome\": \"PORTFOLIO\",\n                \"valor\": \"83\"\n            }\n        ]\n    }\n}"},"url":{"raw":"https://{{url_bre}}:443/DecisionService/rest/bre_sac_cartoes/1.0/saida_sac_cartoes","protocol":"https","host":["{{url_bre}}"],"port":"443","path":["DecisionService","rest","bre_sac_cartoes","1.0","saida_sac_cartoes"]}},"response":[]},{"name":"É Migração CITI? SIM","event":[{"listen":"test","script":{"exec":["var json = JSON.parse(responseBody);\r","/*\r","pm.test(\"ListaFilaDerivacao.CDN = 1900\", function () {\r","    pm.expect(json.saida.ListaFilaDerivacao[0].CDN).to.eql(\"1900\");\r","});\r","*/\r",""],"type":"text/javascript","id":"c1b6a89e-cc7e-49e0-a3cc-26762f691172"}}],"id":"6ef8b86b-c98a-4415-9cb8-714cbbe14906","protocolProfileBehavior":{"disableBodyPruning":true},"request":{"auth":{"type":"noauth"},"method":"POST","header":[{"key":"Content-Type","name":"Content-Type","type":"text","value":"application/json"},{"key":"Accept","type":"text","value":"application/json"},{"key":"Authorization","type":"text","value":"Bearer {{client_bearer_bre}}"}],"body":{"mode":"raw","raw":"{\n    \"entrada\": {\n        \"Org\": \"\",\n        \"Admin\": \"\",\n        \"CDN\": \"1234\",\n        \"Data\": \"15/09/2021\",\n        \"Hora\": \"15:00\",\n        \"URA\": {\n            \"Ip\": \"trace\",\n            \"Porta\": \"\",\n            \"Feriado\": \"\"\n        },\n        \"Historico\": {\n            \"ListaDataLigacoes\": [\n                \n            ]\n        },\n        \"Menu\": {\n            \"Arvore\": \"ID\",\n            \"Visivel\": \"\",\n            \"Digitacao\": \"\"\n        },\n        \"TipoPessoa\": \"\",\n        \n        \"Chaves\": [\n            {\n                \"nome\": \"PORTFOLIO\",\n                \"valor\": \"82\"\n            },\n            {\n                \"nome\": \"DN\",\n                \"valor\": \"1888\"\n            },\n            {\n                \"nome\": \"STATUS_CONTA\",\n                \"valor\": \"4\"\n            },\n            {\n                \"nome\": \"DN_PRODUTO\",\n                \"valor\": \"911\"\n            }\n        ]\n    }\n}"},"url":{"raw":"https://{{url_bre}}:443/DecisionService/rest/bre_sac_cartoes/1.0/saida_sac_cartoes","protocol":"https","host":["{{url_bre}}"],"port":"443","path":["DecisionService","rest","bre_sac_cartoes","1.0","saida_sac_cartoes"]}},"response":[]},{"name":"É Migração CITI? NÃO","event":[{"listen":"test","script":{"exec":["var json = JSON.parse(responseBody);\r","/*\r","pm.test(\"ListaFilaDerivacao.CDN = 1900\", function () {\r","    pm.expect(json.saida.ListaFilaDerivacao[0].CDN).to.eql(\"1900\");\r","});\r","*/\r",""],"type":"text/javascript","id":"dfc95217-cdfc-4ae8-8fdd-f9a7f4229da8"}}],"id":"c3920d7d-223f-422a-ac38-7b257fdfb442","protocolProfileBehavior":{"disableBodyPruning":true},"request":{"auth":{"type":"noauth"},"method":"POST","header":[{"key":"Content-Type","name":"Content-Type","type":"text","value":"application/json"},{"key":"Accept","type":"text","value":"application/json"},{"key":"Authorization","type":"text","value":"Bearer {{client_bearer_bre}}"}],"body":{"mode":"raw","raw":"{\n    \"entrada\": {\n        \"Org\": \"\",\n        \"Admin\": \"\",\n        \"CDN\": \"1234\",\n        \"Data\": \"15/09/2021\",\n        \"Hora\": \"21:00\",\n        \"URA\": {\n            \"Ip\": \"trace\",\n            \"Porta\": \"\",\n            \"Feriado\": \"\"\n        },\n        \"Historico\": {\n            \"ListaDataLigacoes\": [\n                \n            ]\n        },\n        \"Menu\": {\n            \"Arvore\": \"ID\",\n            \"Visivel\": \"\",\n            \"Digitacao\": \"\"\n        },\n        \"TipoPessoa\": \"\",\n        \n        \"Chaves\": [\n            {\n                \"nome\": \"PORTFOLIO\",\n                \"valor\": \"82\"\n            },\n            {\n                \"nome\": \"DN\",\n                \"valor\": \"1888\"\n            },\n            {\n                \"nome\": \"STATUS_CONTA\",\n                \"valor\": \"4\"\n            }\n        ]\n    }\n}"},"url":{"raw":"https://{{url_bre}}:443/DecisionService/rest/bre_sac_cartoes/1.0/saida_sac_cartoes","protocol":"https","host":["{{url_bre}}"],"port":"443","path":["DecisionService","rest","bre_sac_cartoes","1.0","saida_sac_cartoes"]}},"response":[]}],"id":"ea815a6f-ffc2-4eaa-9473-cc6b31988e62"},{"name":"Credicard ID SIM ok","event":[{"listen":"test","script":{"exec":["var json = JSON.parse(responseBody);\r","/*\r","pm.test(\"ListaFilaDerivacao.CDN = 1900\", function () {\r","    pm.expect(json.saida.ListaFilaDerivacao[0].CDN).to.eql(\"1900\");\r","});\r","*/\r",""],"type":"text/javascript","id":"123ebb30-b7a0-4759-96a7-3606d4f8f2f0"}}],"id":"aa1ae0eb-5283-4520-bc74-176c164b980e","protocolProfileBehavior":{"disableBodyPruning":true},"request":{"auth":{"type":"noauth"},"method":"POST","header":[{"key":"Content-Type","name":"Content-Type","type":"text","value":"application/json"},{"key":"Accept","type":"text","value":"application/json"},{"key":"Authorization","type":"text","value":"Bearer {{client_bearer_bre}}"}],"body":{"mode":"raw","raw":"{\n    \"entrada\": {\n        \"Org\": \"\",\n        \"Admin\": \"\",\n        \"CDN\": \"1234\",\n       \n        \"URA\": {\n            \"Ip\": \"trace\",\n            \"Porta\": \"\",\n            \"Feriado\": \"\"\n        },\n        \"Historico\": {\n            \"ListaDataLigacoes\": [\n                \n            ]\n        },\n        \"Menu\": {\n            \"Arvore\": \"ID\",\n            \"Visivel\": \"\",\n            \"Digitacao\": \"\"\n        },\n        \"TipoPessoa\": \"\",\n        \n        \"Chaves\": [\n            {\n                \"nome\": \"PORTFOLIO\",\n                \"valor\": \"33\"\n            },\n            {\n                \"nome\": \"DN_PRODUTO\",\n                \"valor\": \"911\"\n            }\n            \n        ]\n    }\n}"},"url":{"raw":"https://{{url_bre}}:443/DecisionService/rest/bre_sac_cartoes/1.0/saida_sac_cartoes","protocol":"https","host":["{{url_bre}}"],"port":"443","path":["DecisionService","rest","bre_sac_cartoes","1.0","saida_sac_cartoes"]}},"response":[]},{"name":"Credicard ID NÃO ok","event":[{"listen":"test","script":{"exec":["var json = JSON.parse(responseBody);\r","/*\r","pm.test(\"ListaFilaDerivacao.CDN = 1900\", function () {\r","    pm.expect(json.saida.ListaFilaDerivacao[0].CDN).to.eql(\"1900\");\r","});\r","*/\r",""],"type":"text/javascript","id":"d64e53e0-c5ba-4901-af92-57eb9f6f2bc1"}}],"id":"0dcd13d6-5353-451d-894d-eb6039308420","protocolProfileBehavior":{"disableBodyPruning":true},"request":{"auth":{"type":"noauth"},"method":"POST","header":[{"key":"Content-Type","name":"Content-Type","type":"text","value":"application/json"},{"key":"Accept","type":"text","value":"application/json"},{"key":"Authorization","type":"text","value":"Bearer {{client_bearer_bre}}"}],"body":{"mode":"raw","raw":"{\n    \"entrada\": {\n        \"Org\": \"\",\n        \"Admin\": \"\",\n        \"CDN\": \"31\",\n        \"Data\": \"15/09/2018\",\n        \"Hora\": \"15:00\",\n        \"URA\": {\n            \"Ip\": \"trace\",\n            \"Porta\": \"\",\n            \"Feriado\": \"\"\n        },\n        \"Historico\": {\n            \"ListaDataLigacoes\": [\n                \n            ]\n        },\n        \"Menu\": {\n            \"Arvore\": \"ID\",\n            \"Visivel\": \"\",\n            \"Digitacao\": \"\"\n        },\n        \"TipoPessoa\": \"\",\n        \n        \"Chaves\": [\n\n        ]\n    }\n}"},"url":{"raw":"https://{{url_bre}}:443/DecisionService/rest/bre_sac_cartoes/1.0/saida_sac_cartoes","protocol":"https","host":["{{url_bre}}"],"port":"443","path":["DecisionService","rest","bre_sac_cartoes","1.0","saida_sac_cartoes"]}},"response":[]}],"id":"8ab37371-a5ab-45b9-8c20-b8e496c3a13a"},{"name":"Itaucard em Cobrança","item":[{"name":"Rechamada SAC","item":[{"name":"TRD Rechamada","event":[{"listen":"test","script":{"exec":["var json = JSON.parse(responseBody);\r","/*\r","pm.test(\"ListaFilaDerivacao.CDN = 1900\", function () {\r","    pm.expect(json.saida.ListaFilaDerivacao[0].CDN).to.eql(\"1900\");\r","});\r","*/\r",""],"type":"text/javascript","id":"eaaa2bf9-5bf2-44d7-8e26-e5c7233a0271"}}],"id":"6609e652-e33e-4df7-aa40-05d41d053aa9","protocolProfileBehavior":{"disableBodyPruning":true},"request":{"auth":{"type":"noauth"},"method":"POST","header":[{"key":"Content-Type","name":"Content-Type","type":"text","value":"application/json"},{"key":"Accept","type":"text","value":"application/json"},{"key":"Authorization","type":"text","value":"Bearer {{client_bearer_bre}}"}],"body":{"mode":"raw","raw":"{\n    \"entrada\": {\n        \"Org\": \"\",\n        \"Admin\": \"\",\n        \"CDN\": \"1234\",\n        \"Data\": \"15/09/2021\",\n        \"Hora\": \"15:00\",\n        \"URA\": {\n            \"Ip\": \"trace\",\n            \"Porta\": \"\",\n            \"Feriado\": \"\"\n        },\n        \"Historico\": {\n            \"ListaDataLigacoes\": [\n                \n            ]\n        },\n        \"Menu\": {\n            \"Arvore\": \"ID\",\n            \"Visivel\": \"\",\n            \"Digitacao\": \"\"\n        },\n        \"TipoPessoa\": \"\",\n        \n        \"Chaves\": [\n            {\n                \"nome\": \"PORTFOLIO\",\n                \"valor\": \"1000\"\n            },\n            {\n                \"nome\": \"STATUS_CONTA\",\n                \"valor\": \"4\"\n            },\n            {\n                \"nome\": \"DN_PRODUTO\",\n                \"valor\": \"1066\"\n            }\n        ]\n    }\n}"},"url":{"raw":"https://{{url_bre}}:443/DecisionService/rest/bre_sac_cartoes/1.0/saida_sac_cartoes","protocol":"https","host":["{{url_bre}}"],"port":"443","path":["DecisionService","rest","bre_sac_cartoes","1.0","saida_sac_cartoes"]}},"response":[]},{"name":"Cartões Itaucard","event":[{"listen":"test","script":{"exec":["var json = JSON.parse(responseBody);\r","/*\r","pm.test(\"ListaFilaDerivacao.CDN = 1900\", function () {\r","    pm.expect(json.saida.ListaFilaDerivacao[0].CDN).to.eql(\"1900\");\r","});\r","*/\r",""],"type":"text/javascript","id":"d6f5d450-d102-4d9f-9f12-665d437aa9b1"}}],"id":"fb43ed57-d7e7-4613-9a81-1c52b4b65fff","protocolProfileBehavior":{"disableBodyPruning":true},"request":{"auth":{"type":"noauth"},"method":"POST","header":[{"key":"Content-Type","name":"Content-Type","type":"text","value":"application/json"},{"key":"Accept","type":"text","value":"application/json"},{"key":"Authorization","type":"text","value":"Bearer {{client_bearer_bre}}"}],"body":{"mode":"raw","raw":"{\n    \"entrada\": {\n        \"Org\": \"\",\n        \"Admin\": \"\",\n        \"CDN\": \"1234\",\n        \"Data\": \"15/09/2021\",\n        \"Hora\": \"15:00\",\n        \"URA\": {\n            \"Ip\": \"trace\",\n            \"Porta\": \"\",\n            \"Feriado\": \"\"\n        },\n        \"Historico\": {\n            \"ListaDataLigacoes\": [\n                \n            ]\n        },\n        \"Menu\": {\n            \"Arvore\": \"ID\",\n            \"Visivel\": \"\",\n            \"Digitacao\": \"\"\n        },\n        \"TipoPessoa\": \"\",\n        \n        \"Chaves\": [\n            {\n                \"nome\": \"PORTFOLIO\",\n                \"valor\": \"1000\"\n            },\n            {\n                \"nome\": \"STATUS_CONTA\",\n                \"valor\": \"4\"\n            },\n            {\n                \"nome\": \"DN_PRODUTO\",\n                \"valor\": \"1066\"\n            }\n        ]\n    }\n}"},"url":{"raw":"https://{{url_bre}}:443/DecisionService/rest/bre_sac_cartoes/1.0/saida_sac_cartoes","protocol":"https","host":["{{url_bre}}"],"port":"443","path":["DecisionService","rest","bre_sac_cartoes","1.0","saida_sac_cartoes"]}},"response":[]}],"id":"b260e578-7f5d-48e3-b70f-7b027b11d434"},{"name":"Serviços e derivações","event":[{"listen":"test","script":{"exec":["var json = JSON.parse(responseBody);\r","/*\r","pm.test(\"ListaFilaDerivacao.CDN = 1900\", function () {\r","    pm.expect(json.saida.ListaFilaDerivacao[0].CDN).to.eql(\"1900\");\r","});\r","*/\r",""],"type":"text/javascript","id":"9cc674b0-0b37-4302-8727-01a61cd1458e"}}],"id":"e3000f78-af22-4796-945c-9fbd3a164812","protocolProfileBehavior":{"disableBodyPruning":true},"request":{"auth":{"type":"noauth"},"method":"POST","header":[{"key":"Content-Type","name":"Content-Type","type":"text","value":"application/json"},{"key":"Accept","type":"text","value":"application/json"},{"key":"Authorization","type":"text","value":"Bearer {{client_bearer_bre}}"}],"body":{"mode":"raw","raw":"{\n    \"entrada\": {\n        \"Org\": \"\",\n        \"Admin\": \"\",\n        \"CDN\": \"1234\",\n        \"Data\": \"15/09/2021\",\n        \"Hora\": \"15:00\",\n        \"URA\": {\n            \"Ip\": \"trace\",\n            \"Porta\": \"\",\n            \"Feriado\": \"\"\n        },\n        \"Historico\": {\n            \"ListaDataLigacoes\": [\n                \n            ]\n        },\n        \"Menu\": {\n            \"Arvore\": \"ID\",\n            \"Visivel\": \"\",\n            \"Digitacao\": \"\"\n        },\n        \"TipoPessoa\": \"\",\n        \n        \"Chaves\": [\n            {\n                \"nome\": \"PORTFOLIO\",\n                \"valor\": \"1000\"\n            },\n            {\n                \"nome\": \"STATUS_CONTA\",\n                \"valor\": \"4\"\n            },\n            {\n                \"nome\": \"DN_PRODUTO\",\n                \"valor\": \"1066\"\n            }\n        ]\n    }\n}"},"url":{"raw":"https://{{url_bre}}:443/DecisionService/rest/bre_sac_cartoes/1.0/saida_sac_cartoes","protocol":"https","host":["{{url_bre}}"],"port":"443","path":["DecisionService","rest","bre_sac_cartoes","1.0","saida_sac_cartoes"]}},"response":[]}],"id":"535fc6c7-b8d8-45b0-82ec-a534ea830c1c"},{"name":"MNC","item":[{"name":"Melhor Data de Compra NAO","item":[{"name":"Como pagar a fatura NAO","item":[{"name":"Comunicar pagamento SIM","event":[{"listen":"test","script":{"exec":["var json = JSON.parse(responseBody);\r","pm.test(\"ListaMenuCompleto...\", function () {\r","    pm.expect(json.saida.ListaMenuCompleto[0]).to.eql(26);\r","    pm.expect(json.saida.ListaMenuCompleto[1]).to.eql(27);\r","    pm.expect(json.saida.ListaMenuCompleto[2]).to.eql(70);\r","    pm.expect(json.saida.ListaMenuCompleto[3]).to.eql(101);\r","});"],"type":"text/javascript","id":"a3b9faf3-bf10-4b1f-a243-7e7b12852776"}}],"id":"19c46343-79b9-49dc-b189-020fb70cff1d","protocolProfileBehavior":{"disableBodyPruning":true},"request":{"auth":{"type":"noauth"},"method":"POST","header":[{"key":"Content-Type","name":"Content-Type","type":"text","value":"application/json"},{"key":"Accept","type":"text","value":"application/json"},{"key":"Authorization","type":"text","value":"Bearer {{client_bearer_bre}}"}],"body":{"mode":"raw","raw":"{\n    \"entrada\": {\n        \"Org\": \"\",\n        \"Admin\": \"\",\n        \"CDN\": \"1234\",\n        \"URA\": {\n            \"Ip\": \"trace\",\n            \"Porta\": \"\",\n            \"Feriado\": \"\"\n        },\n        \"Historico\": {\n            \"ListaDataLigacoes\": [\n                \n            ]\n        },\n        \"Menu\": {\n            \"Arvore\": \"ID\",\n            \"Visivel\": \"\",\n            \"Digitacao\": \"\"\n        },\n        \"TipoPessoa\": \"\",\n        \n        \"Chaves\": [\n            {\n                \"nome\": \"COD_CICLO\",\n                \"valor\": \"E10\"\n            },  \n            {\n                \"nome\": \"TALKER\",\n                \"valor\": \"05407\"\n            }\n        ]\n    }\n}"},"url":{"raw":"https://{{url_bre}}:443/DecisionService/rest/bre_sac_cartoes/1.0/saida_sac_cartoes","protocol":"https","host":["{{url_bre}}"],"port":"443","path":["DecisionService","rest","bre_sac_cartoes","1.0","saida_sac_cartoes"]}},"response":[]}],"id":"08723d31-8c56-450c-9026-f2c11c492698"},{"name":"Como pagar a fatura SIM","event":[{"listen":"test","script":{"exec":["var json = JSON.parse(responseBody);\r","pm.test(\"ListaMenuCompleto...\", function () {\r","    pm.expect(json.saida.ListaMenuCompleto[0]).to.eql(26);\r","    pm.expect(json.saida.ListaMenuCompleto[1]).to.eql(27);\r","    pm.expect(json.saida.ListaMenuCompleto[2]).to.eql(70);\r","    pm.expect(json.saida.ListaMenuCompleto[3]).to.eql(24);\r","});"],"type":"text/javascript","id":"de2b9c47-23f7-49e0-b345-1690343464f2"}}],"id":"2d28b00a-3e4f-4ca5-9f2c-80dafd090afb","protocolProfileBehavior":{"disableBodyPruning":true},"request":{"auth":{"type":"noauth"},"method":"POST","header":[{"key":"Content-Type","name":"Content-Type","type":"text","value":"application/json"},{"key":"Accept","type":"text","value":"application/json"},{"key":"Authorization","type":"text","value":"Bearer {{client_bearer_bre}}"}],"body":{"mode":"raw","raw":"{\n    \"entrada\": {\n        \"Org\": \"\",\n        \"Admin\": \"\",\n        \"CDN\": \"1234\",\n        \"URA\": {\n            \"Ip\": \"trace\",\n            \"Porta\": \"\",\n            \"Feriado\": \"\"\n        },\n        \"Historico\": {\n            \"ListaDataLigacoes\": [\n                \n            ]\n        },\n        \"Menu\": {\n            \"Arvore\": \"ID\",\n            \"Visivel\": \"\",\n            \"Digitacao\": \"\"\n        },\n        \"TipoPessoa\": \"\",\n        \n        \"Chaves\": [\n            {\n                \"nome\": \"COD_CICLO\",\n                \"valor\": \"E41\"\n            }\n        ]\n    }\n}"},"url":{"raw":"https://{{url_bre}}:443/DecisionService/rest/bre_sac_cartoes/1.0/saida_sac_cartoes","protocol":"https","host":["{{url_bre}}"],"port":"443","path":["DecisionService","rest","bre_sac_cartoes","1.0","saida_sac_cartoes"]}},"response":[]}],"id":"555f8728-8c78-4cba-b680-69cdd616bc6c"},{"name":"MenuCompleto","event":[{"listen":"test","script":{"exec":["var json = JSON.parse(responseBody);\r","\r","pm.test(\"ListaMenuCompleto...\", function () {\r","    pm.expect(json.saida.ListaMenuCompleto[0]).to.eql(26);\r","    pm.expect(json.saida.ListaMenuCompleto[1]).to.eql(27);\r","    pm.expect(json.saida.ListaMenuCompleto[2]).to.eql(70);\r","});\r",""],"type":"text/javascript","id":"09f2f51f-ead8-4a9e-a0d1-30d64df95180"}}],"id":"0e821e2b-7f15-4070-b795-a00513527efc","protocolProfileBehavior":{"disableBodyPruning":true},"request":{"auth":{"type":"noauth"},"method":"POST","header":[{"key":"Content-Type","name":"Content-Type","type":"text","value":"application/json"},{"key":"Accept","type":"text","value":"application/json"},{"key":"Authorization","type":"text","value":"Bearer {{client_bearer_bre}}"}],"body":{"mode":"raw","raw":"{\n    \"entrada\": {\n        \"Org\": \"\",\n        \"Admin\": \"\",\n        \"CDN\": \"1234\",\n        \"URA\": {\n            \"Ip\": \"trace\",\n            \"Porta\": \"\",\n            \"Feriado\": \"\"\n        },\n        \"Historico\": {\n            \"ListaDataLigacoes\": [\n                \n            ]\n        },\n        \"Menu\": {\n            \"Arvore\": \"ID\",\n            \"Visivel\": \"\",\n            \"Digitacao\": \"\"\n        },\n        \"TipoPessoa\": \"\",\n        \n        \"Chaves\": [\n        ]\n    }\n}"},"url":{"raw":"https://{{url_bre}}:443/DecisionService/rest/bre_sac_cartoes/1.0/saida_sac_cartoes","protocol":"https","host":["{{url_bre}}"],"port":"443","path":["DecisionService","rest","bre_sac_cartoes","1.0","saida_sac_cartoes"]}},"response":[]},{"name":"Melhor Data de Compra SIM","event":[{"listen":"test","script":{"exec":["var json = JSON.parse(responseBody);\r","pm.test(\"ListaMenuCompleto...\", function () {\r","    pm.expect(json.saida.ListaMenuCompleto[0]).to.eql(26);\r","    pm.expect(json.saida.ListaMenuCompleto[1]).to.eql(27);\r","    pm.expect(json.saida.ListaMenuCompleto[2]).to.eql(70);\r","    pm.expect(json.saida.ListaMenuCompleto[3]).to.eql(33);\r","});"],"type":"text/javascript","id":"8a958bbc-394d-4df0-81f2-1bdc01182de1"}}],"id":"54bd6f29-0a20-4321-ab5a-a4f48ed9dd9b","protocolProfileBehavior":{"disableBodyPruning":true},"request":{"auth":{"type":"noauth"},"method":"POST","header":[{"key":"Content-Type","name":"Content-Type","type":"text","value":"application/json"},{"key":"Accept","type":"text","value":"application/json"},{"key":"Authorization","type":"text","value":"Bearer {{client_bearer_bre}}"}],"body":{"mode":"raw","raw":"{\n    \"entrada\": {\n        \"Org\": \"\",\n        \"Admin\": \"\",\n        \"CDN\": \"1234\",\n        \"Data\": \"14/09/2017\",\n        \"Hora\": \"15:00\",\n        \"URA\": {\n            \"Ip\": \"\",\n            \"Porta\": \"\",\n            \"Feriado\": \"\"\n        },\n        \"Historico\": {\n            \"ListaDataLigacoes\": [\n                \n            ]\n        },\n        \"Menu\": {\n            \"Arvore\": \"ID\",\n            \"Visivel\": \"\",\n            \"Digitacao\": \"\"\n        },\n        \"TipoPessoa\": \"\",\n        \n        \"Chaves\": [\n            {\n                \"nome\": \"COD_CICLO\",\n                \"valor\": \"E41\"\n            },\n            {\n                \"nome\": \"RETORNO\",\n                \"valor\": \"0\"\n            },\n            {\n                \"nome\": \"TALKER\",\n                \"valor\": \"05407\"\n            }\n        ]\n    }\n}"},"url":{"raw":"https://{{url_bre}}:443/DecisionService/rest/bre_sac_cartoes/1.0/saida_sac_cartoes","protocol":"https","host":["{{url_bre}}"],"port":"443","path":["DecisionService","rest","bre_sac_cartoes","1.0","saida_sac_cartoes"]}},"response":[]}],"id":"aaa88aef-c28a-45f7-b9f7-32ef7ba4352e"},{"name":"SRV - Limite fechado","event":[{"listen":"test","script":{"exec":["var json = JSON.parse(responseBody);\r","/*\r","pm.test(\"ListaFilaDerivacao.CDN = 1900\", function () {\r","    pm.expect(json.saida.ListaFilaDerivacao[0].CDN).to.eql(\"1900\");\r","});\r","*/\r",""],"type":"text/javascript","id":"a2133923-2292-44d9-992b-d0efe895f1a4"}}],"id":"ea6a9c9d-8047-4d13-9ce1-520e3c1db482","protocolProfileBehavior":{"disableBodyPruning":true},"request":{"auth":{"type":"noauth"},"method":"POST","header":[{"key":"Content-Type","name":"Content-Type","type":"text","value":"application/json"},{"key":"Accept","type":"text","value":"application/json"},{"key":"Authorization","type":"text","value":"Bearer {{client_bearer_bre}}"}],"body":{"mode":"raw","raw":"{\n    \"entrada\": {\n        \"Org\": \"\",\n        \"Admin\": \"\",\n        \"CDN\": \"1234\",\n        \"Data\": \"21/08/2020\",\n        \"Hora\": \"15:00\",\n        \"URA\": {\n            \"Ip\": \"\",\n            \"Porta\": \"\",\n            \"Feriado\": \"\"\n        },\n        \"Historico\": {\n            \"ListaDataLigacoes\": [\n                \n            ]\n        },\n        \"Menu\": {\n            \"Arvore\": \"ID\",\n            \"Visivel\": \"\",\n            \"Digitacao\": \"\"\n        },\n        \"TipoPessoa\": \"\",\n        \n        \"Chaves\": [\n            {\n                \"nome\": \"CLUSTER_AUT\",\n                \"valor\": \"0\"\n            },\n            {\n                \"nome\": \"PORTFOLIO\",\n                \"valor\": \"30\"\n            },\n            {\n                \"nome\": \"RETORNO\",\n                \"valor\": \"0\"\n            },\n                {\n                \"nome\": \"DN_PRODUTO\",\n                \"valor\": \"0\"\n            },\n            {\n                \"nome\": \"CONFPOS_SENHA_CODSEG\",\n                \"valor\": \"S\"\n            },\n            {\n                \"nome\": \"TIPO_PORTADOR\",\n                \"valor\": \"0\"\n            },\n            {\n                \"nome\": \"LIMITE_CARTAO\",\n                \"valor\": \"1\"\n            }\n        ]\n    }\n}"},"url":{"raw":"https://{{url_bre}}:443/DecisionService/rest/bre_sac_cartoes/1.0/saida_sac_cartoes","protocol":"https","host":["{{url_bre}}"],"port":"443","path":["DecisionService","rest","bre_sac_cartoes","1.0","saida_sac_cartoes"]}},"response":[]},{"name":"SRV - Saldo fechado","event":[{"listen":"test","script":{"exec":["var json = JSON.parse(responseBody);\r","\r","pm.test(\"ListaMenuCompleto\", function () {\r","   \r","\r","pm.test(\"ListaMenuCompleto\", function () {\r","    \r","    pm.expect(json.saida.ListaMenuCompleto[0]).to.eql(26);\r","    pm.expect(json.saida.ListaMenuCompleto[1]).to.eql(27);\r","    pm.expect(json.saida.ListaMenuCompleto[2]).to.eql(70);\r","    pm.expect(json.saida.ListaMenuCompleto[3]).to.eql(34);\r","    pm.expect(json.saida.ListaMenuCompleto[4]).to.eql(1);\r","});\r","   \r","    \r","   \r","}); \r",""],"type":"text/javascript","id":"7e4ba406-5a1e-4b31-826e-f3dd82f11ffe"}}],"id":"787ae8d9-c2f3-4e6d-847a-8b33dce5ecd6","protocolProfileBehavior":{"disableBodyPruning":true},"request":{"auth":{"type":"noauth"},"method":"POST","header":[{"key":"Content-Type","name":"Content-Type","type":"text","value":"application/json"},{"key":"Accept","type":"text","value":"application/json"},{"key":"Authorization","type":"text","value":"Bearer {{client_bearer_bre}}"}],"body":{"mode":"raw","raw":"{\n    \"entrada\": {\n        \"Org\": \"\",\n        \"Admin\": \"\",\n        \"CDN\": \"1234\",\n        \"Data\": \"27/08/2020\",\n        \"Hora\": \"15:00\",\n        \"URA\": {\n            \"Ip\": \"\",\n            \"Porta\": \"\",\n            \"Feriado\": \"\"\n        },\n        \"Historico\": {\n            \"ListaDataLigacoes\": [\n                \n            ]\n        },\n        \"Menu\": {\n            \"Arvore\": \"ID\",\n            \"Visivel\": \"\",\n            \"Digitacao\": \"\"\n        },\n        \"TipoPessoa\": \"\",\n        \n        \"Chaves\": [\n            \n           \n            {\n                \"nome\": \"PORTFOLIO\",\n                \"valor\": \"75\"\n            }\n           \n            \n            \n            \n        ]\n    }\n}"},"url":{"raw":"https://{{url_bre}}:443/DecisionService/rest/bre_sac_cartoes/1.0/saida_sac_cartoes","protocol":"https","host":["{{url_bre}}"],"port":"443","path":["DecisionService","rest","bre_sac_cartoes","1.0","saida_sac_cartoes"]}},"response":[]},{"name":"Demais Produtos","event":[{"listen":"test","script":{"exec":["var json = JSON.parse(responseBody);\r","\r","pm.test(\"ListaMenuCompleto\", function () {\r","   \r","\r","pm.test(\"ListaMenuCompleto\", function () {\r","    \r","    pm.expect(json.saida.ListaMenuCompleto[0]).to.eql(26);\r","    pm.expect(json.saida.ListaMenuCompleto[1]).to.eql(27);\r","    pm.expect(json.saida.ListaMenuCompleto[2]).to.eql(70);\r","    pm.expect(json.saida.ListaMenuCompleto[3]).to.eql(34);\r","    pm.expect(json.saida.ListaMenuCompleto[4]).to.eql(20);\r","    pm.expect(json.saida.ListaMenuCompleto[5]).to.eql(1);\r","});\r","   \r","    \r","   \r","}); \r",""],"type":"text/javascript","id":"8b855fd9-eeaa-4971-856d-8662a1c0b8d9"}}],"id":"b73f5117-706d-4d29-86b9-5025b9ff7625","protocolProfileBehavior":{"disableBodyPruning":true},"request":{"auth":{"type":"noauth"},"method":"POST","header":[{"key":"Content-Type","name":"Content-Type","type":"text","value":"application/json"},{"key":"Accept","type":"text","value":"application/json"},{"key":"Authorization","type":"text","value":"Bearer {{client_bearer_bre}}"}],"body":{"mode":"raw","raw":"{\n    \"entrada\": {\n        \"Org\": \"\",\n        \"Admin\": \"\",\n        \"CDN\": \"1234\",\n        \"Data\": \"27/08/2020\",\n        \"Hora\": \"15:00\",\n        \"URA\": {\n            \"Ip\": \"\",\n            \"Porta\": \"\",\n            \"Feriado\": \"\"\n        },\n        \"Historico\": {\n            \"ListaDataLigacoes\": [\n                \n            ]\n        },\n        \"Menu\": {\n            \"Arvore\": \"ID\",\n            \"Visivel\": \"\",\n            \"Digitacao\": \"\"\n        },\n        \"TipoPessoa\": \"\",\n        \n        \"Chaves\": [\n            \n           \n            {\n                \"nome\": \"PORTFOLIO\",\n                \"valor\": \"06\"\n            }\n           \n            \n            \n            \n        ]\n    }\n}"},"url":{"raw":"https://{{url_bre}}:443/DecisionService/rest/bre_sac_cartoes/1.0/saida_sac_cartoes","protocol":"https","host":["{{url_bre}}"],"port":"443","path":["DecisionService","rest","bre_sac_cartoes","1.0","saida_sac_cartoes"]}},"response":[]}],"id":"1a2bf435-1ba9-426f-be27-17dc84dcc0fb"},{"name":"Call back senha","item":[{"name":"CBK DE SENHA - CONF POS","event":[{"listen":"test","script":{"exec":["var json = JSON.parse(responseBody);\r","\r","pm.test(\"Callback\"), function () {\r","   \r","    pm.expect(json.saida.Callback).to.eql(NNNNNNNSNNNNNNN);\r","};"],"type":"text/javascript","id":"d4eaf6e5-16d0-4dfc-abba-55a5323f1904"}}],"id":"ffc97c1b-db24-461b-947e-367a3225de46","protocolProfileBehavior":{"disableBodyPruning":true},"request":{"auth":{"type":"noauth"},"method":"POST","header":[{"key":"Content-Type","name":"Content-Type","type":"text","value":"application/json"},{"key":"Accept","type":"text","value":"application/json"},{"key":"Authorization","type":"text","value":"Bearer {{client_bearer_bre}}"}],"body":{"mode":"raw","raw":"{\n    \"entrada\": {\n        \"Org\": \"\",\n        \"Admin\": \"\",\n        \"CDN\": \"1234\",\n        \"Data\": \"21/08/2020\",\n        \"Hora\": \"15:00\",\n        \"URA\": {\n            \"Ip\": \"\",\n            \"Porta\": \"\",\n            \"Feriado\": \"\"\n        },\n        \"Historico\": {\n            \"ListaDataLigacoes\": [\n                \n            ]\n        },\n        \"Menu\": {\n            \"Arvore\": \"ID\",\n            \"Visivel\": \"\",\n            \"Digitacao\": \"\"\n        },\n        \"TipoPessoa\": \"\",\n        \n        \"Chaves\": [\n            {\n                \"nome\": \"PORTFOLIO\",\n                \"valor\": \"57\"\n            },\n            {\n                \"nome\": \"CONFPOS_SENHA_CODSEG\",\n                \"valor\": \"N\"\n            },\n            {\n                \"nome\": \"CHIP\",\n                \"valor\": \"C\"\n            },\n                {\n                \"nome\": \"CONPO\",\n                \"valor\": \"10\"\n            }           \n                   ]\n    }\n}"},"url":{"raw":"https://{{url_bre}}:443/DecisionService/rest/bre_sac_cartoes/1.0/saida_sac_cartoes","protocol":"https","host":["{{url_bre}}"],"port":"443","path":["DecisionService","rest","bre_sac_cartoes","1.0","saida_sac_cartoes"]}},"response":[]},{"name":"Validação Senha Chip","event":[{"listen":"test","script":{"exec":["var json = JSON.parse(responseBody);\r","\r","pm.test(\"Callback\"), function () {\r","   \r","    pm.expect(json.saida.Callback).to.eql(NNNNNNNSNNNNNNN);\r","};"],"type":"text/javascript","id":"62f2ae33-b7e9-4b13-a1c6-cc8f4eb11e2a"}}],"id":"f5c4fec3-fd91-48ef-afe9-698005e59a14","protocolProfileBehavior":{"disableBodyPruning":true},"request":{"auth":{"type":"noauth"},"method":"POST","header":[{"key":"Content-Type","name":"Content-Type","type":"text","value":"application/json"},{"key":"Accept","type":"text","value":"application/json"},{"key":"Authorization","type":"text","value":"Bearer {{client_bearer_bre}}"}],"body":{"mode":"raw","raw":"{\n    \"entrada\": {\n        \"Org\": \"\",\n        \"Admin\": \"\",\n        \"CDN\": \"1234\",\n        \"Data\": \"21/08/2020\",\n        \"Hora\": \"15:00\",\n        \"URA\": {\n            \"Ip\": \"\",\n            \"Porta\": \"\",\n            \"Feriado\": \"\"\n        },\n        \"Historico\": {\n            \"ListaDataLigacoes\": [\n                \n            ]\n        },\n        \"Menu\": {\n            \"Arvore\": \"ID\",\n            \"Visivel\": \"\",\n            \"Digitacao\": \"\"\n        },\n        \"TipoPessoa\": \"\",\n        \n        \"Chaves\": [\n            {\n                \"nome\": \"PORTFOLIO\",\n                \"valor\": \"57\"\n            },\n            {\n                \"nome\": \"CONFPOS_SENHA_CODSEG\",\n                \"valor\": \"N\"\n            },\n            {\n                \"nome\": \"CHIP\",\n                \"valor\": \"C\"\n            }\n                   ]\n    }\n}"},"url":{"raw":"https://{{url_bre}}:443/DecisionService/rest/bre_sac_cartoes/1.0/saida_sac_cartoes","protocol":"https","host":["{{url_bre}}"],"port":"443","path":["DecisionService","rest","bre_sac_cartoes","1.0","saida_sac_cartoes"]}},"response":[]}],"id":"8284df3f-d3d9-4a12-9253-bf7874802e9f"},{"name":"ZERO","event":[{"listen":"test","script":{"exec":["var json = JSON.parse(responseBody);\r","/*\r","pm.test(\"ListaFilaDerivacao.CDN = 1900\", function () {\r","    pm.expect(json.saida.ListaFilaDerivacao[0].CDN).to.eql(\"1900\");\r","});\r","*/\r",""],"type":"text/javascript","id":"b7f3e388-9e92-4474-9bd9-ad68f7f593a8"}}],"id":"c25da90a-80e1-4e8f-83de-45c0684d74d1","protocolProfileBehavior":{"disableBodyPruning":true},"request":{"auth":{"type":"noauth"},"method":"POST","header":[{"key":"Content-Type","name":"Content-Type","type":"text","value":"application/json"},{"key":"Accept","type":"text","value":"application/json"},{"key":"Authorization","type":"text","value":"Bearer {{client_bearer_bre}}"}],"body":{"mode":"raw","raw":"{\n    \"entrada\": {\n        \"Org\": \"\",\n        \"Admin\": \"\",\n        \"CDN\": \"1234\",\n        \"URA\": {\n            \"Ip\": \"\",\n            \"Porta\": \"\",\n            \"Feriado\": \"\"\n        },\n        \"Historico\": {\n            \"ListaDataLigacoes\": [\n                \n            ]\n        },\n        \"Menu\": {\n            \"Arvore\": \"NI\",\n            \"Visivel\": \"\",\n            \"Digitacao\": \"\"\n        },\n        \"TipoPessoa\": \"\",\n        \n        \"Chaves\": [\n            {\n                \"nome\": \"\",\n                \"valor\": \"\"\n            }\n        ]\n    }\n}"},"url":{"raw":"https://{{url_bre}}:443/DecisionService/rest/bre_sac_cartoes/1.0/saida_sac_cartoes","protocol":"https","host":["{{url_bre}}"],"port":"443","path":["DecisionService","rest","bre_sac_cartoes","1.0","saida_sac_cartoes"]}},"response":[]},{"name":"valida-bre-producao","id":"92c76239-0429-4d0e-93a7-c405d07db9bd","protocolProfileBehavior":{"disableBodyPruning":true},"request":{"method":"POST","header":[{"key":"Authorization","value":"Bearer {{client_bearer_bre}}","type":"text"}],"body":{"mode":"raw","raw":"{\r\n    \"entrada\": {\r\n        \"Org\": \"\",\r\n        \"Admin\": \"\",\r\n        \"CDN\": \"1234\",\r\n        \"URA\": {\r\n            \"Ip\": \"trace\",\r\n            \"Porta\": \"\",\r\n            \"Feriado\": \"\"\r\n        },\r\n        \"Historico\": {\r\n            \"ListaDataLigacoes\": [\r\n                \r\n            ]\r\n        },\r\n        \"Menu\": {\r\n            \"Arvore\": \"ID\",\r\n            \"Visivel\": \"\",\r\n            \"Digitacao\": \"\"\r\n        },\r\n        \"TipoPessoa\": \"\",\r\n        \r\n        \"Chaves\": [\r\n            {\r\n                \"nome\": \"CDN\",\r\n                \"valor\": \"31\"\r\n            },\r\n            {\r\n                \"nome\": \"PORTFOLIO\",\r\n                \"valor\": \"67\"\r\n            },\r\n            {\r\n                \"nome\": \"VIP\",\r\n                \"valor\": \"1\"\r\n            }\r\n        ]\r\n    }\r\n}","options":{"raw":{"language":"json"}}},"url":{"raw":"https://integrationtools.ctsp.prod.cloud.ihf/prod/rule/DecisionService/rest/bre_sac_cartoes/1.0/saida_sac_cartoes/1.00","protocol":"https","host":["integrationtools","ctsp","prod","cloud","ihf"],"path":["prod","rule","DecisionService","rest","bre_sac_cartoes","1.0","saida_sac_cartoes","1.00"]}},"response":[]}]}