{"info":{"_postman_id":"26fd1fb0-7862-47c0-9576-9c8d8b7f34f4","name":"FZ6.UraSeguros.Bff Copy","schema":"https://schema.getpostman.com/json/collection/v2.1.0/collection.json"},"item":[{"name":"Seguros","id":"104bf520-13f1-4e2e-b533-044e21dbf6b1","protocolProfileBehavior":{"disableBodyPruning":true},"request":{"method":"POST","header":[],"body":{"mode":"raw","raw":"{\r\n    \"estado\": \"WELCOME\",\r\n    \"dados_interacao\": {\r\n        \"digitos\": \"1\",\r\n        \"tentativa_atual\": \"0\"\r\n    },\r\n    \"dados_ligacao\": {\r\n        \"correlation_id\": \"teste\",\r\n        \"mcdu\": \"5444\",\r\n        \"ani\": \"00000000000\",\r\n        \"attaches\": [\r\n            {\r\n                \"nome\": \"\",\r\n                \"valor\": \"\"\r\n            }\r\n        ]\r\n    }\r\n}","options":{"raw":{"language":"json"}}},"url":{"raw":"https://localhost:5001/api/v1/ura_seguros","protocol":"https","host":["localhost"],"port":"5001","path":["api","v1","ura_seguros"]}},"response":[]},{"name":"Corretora","id":"bae2a120-e8ba-434f-b989-bd55862d984a","protocolProfileBehavior":{"disableBodyPruning":true},"request":{"method":"POST","header":[],"body":{"mode":"raw","raw":"{\r\n    \"estado\": \"WELCOME\",\r\n    \"dados_interacao\": {\r\n        \"digitos\": \"1\",\r\n        \"tentativa_atual\": \"0\"\r\n    },\r\n    \"dados_ligacao\": {\r\n        \"correlation_id\": \"teste\",\r\n        \"mcdu\": \"2125\",\r\n        \"ani\": \"00000000000\",\r\n        \"attaches\": [\r\n            {\r\n                \"nome\": \"\",\r\n                \"valor\": \"\"\r\n            }\r\n        ]\r\n    }\r\n}","options":{"raw":{"language":"json"}}},"url":{"raw":"https://localhost:5001/api/v1/ura_corretora","protocol":"https","host":["localhost"],"port":"5001","path":["api","v1","ura_corretora"]}},"response":[]}],"event":[{"listen":"prerequest","script":{"type":"text/javascript","exec":[""],"id":"93a04e05-f5dd-4e4b-a2d1-82de576f102a"}},{"listen":"test","script":{"type":"text/javascript","exec":[""],"id":"f79654ad-60f3-496f-be12-bf38ba30e72d"}}]}