{"info":{"_postman_id":"2737db96-780f-4e38-b9b8-6ba2dfb9dae9","name":"BP4 Autenticação Copy","schema":"https://schema.getpostman.com/json/collection/v2.1.0/collection.json"},"item":[{"name":"https://des-sts-int.mbi.cloud.ihf/api/oauth/token","id":"fec27aa9-eb2f-4a2a-8a44-76b9310d4c35","protocolProfileBehavior":{"disableBodyPruning":true},"request":{"method":"POST","header":[{"key":"Content-Type","value":"application/x-www-form-urlencoded"},{"key":"x-itau-flowID","value":"1234"},{"key":"x-itau-correlationID","value":"5678"}],"body":{"mode":"urlencoded","urlencoded":[{"key":"grant_type","value":"client_credentials","type":"text"},{"key":"client_id","value":"04a32ce9-9c50-439a-af56-9b7e80708843","type":"text"},{"key":"client_secret","value":"ab92e05e-42e3-402c-b6a0-c0b3c542c8f9","type":"text"}]},"url":{"raw":"https://des-sts-int.mbi.cloud.ihf/api/oauth/token","protocol":"https","host":["des-sts-int","mbi","cloud","ihf"],"path":["api","oauth","token"]}},"response":[]},{"name":"https://hom-sts-int.mbi.cloud.ihf/api/oauth/token","id":"d0146e3b-6066-4b1f-b666-e21e3cf46fee","protocolProfileBehavior":{"disableBodyPruning":true},"request":{"method":"POST","header":[{"key":"Content-Type","value":"application/x-www-form-urlencoded"},{"key":"x-itau-flowID","value":"1234"},{"key":"x-itau-correlationID","value":"5678"}],"body":{"mode":"urlencoded","urlencoded":[{"key":"grant_type","value":"client_credentials","type":"text"},{"key":"client_id","value":"f601af2d-2818-42e3-bdd6-c02910bcac74","type":"text"},{"key":"client_secret","value":"285ecf81-3115-47ee-9a93-b6ffb12bb5fe","type":"text"}]},"url":{"raw":"https://hom-sts-int.mbi.cloud.ihf/api/oauth/token","protocol":"https","host":["hom-sts-int","mbi","cloud","ihf"],"path":["api","oauth","token"]}},"response":[]},{"name":"https://sts-int.mbi.cloud.ihf/api/oauth/token","id":"b57e6cb3-9a0b-4a2b-b89e-ae4ad089b124","protocolProfileBehavior":{"disableBodyPruning":true},"request":{"method":"POST","header":[{"key":"Content-Type","value":"application/x-www-form-urlencoded"},{"key":"x-itau-flowID","value":"1234"},{"key":"x-itau-correlationID","value":"5678"}],"body":{"mode":"urlencoded","urlencoded":[{"key":"grant_type","value":"client_credentials","type":"text"},{"key":"client_id","value":"77cd9b29-5683-4b15-99ba-cba98179a27f","type":"text"},{"key":"client_secret","value":"ed52ba25-4800-477c-8523-3b94ee918a92","type":"text"}]},"url":{"raw":"https://sts-m1.mbi.cloud.ihf/api/oauth/token","protocol":"https","host":["sts-m1","mbi","cloud","ihf"],"path":["api","oauth","token"]}},"response":[]},{"name":"https://sts-ext-m1.mbi.cloud.ihf","id":"6a14d5c4-466c-42b9-81df-8ae4abd2d147","protocolProfileBehavior":{"disableBodyPruning":true},"request":{"method":"POST","header":[{"key":"Content-Type","value":"application/x-www-form-urlencoded"},{"key":"x-itau-flowID","value":"1234"},{"key":"x-itau-correlationID","value":"5678"}],"body":{"mode":"urlencoded","urlencoded":[{"key":"grant_type","value":"client_credentials","type":"text"},{"key":"client_id","value":"77cd9b29-5683-4b15-99ba-cba98179a27f","type":"text"},{"key":"client_secret","value":"ed52ba25-4800-477c-8523-3b94ee918a92","type":"text"}]},"url":{"raw":"https://sts-ext-m1.mbi.cloud.ihf/api/oauth/token","protocol":"https","host":["sts-ext-m1","mbi","cloud","ihf"],"path":["api","oauth","token"]}},"response":[]}]}