{"info":{"_postman_id":"2ed78548-e27f-4a43-8c0d-4dd0977e25c3","name":"HC8 - Aplicações","description":"Itaú - Aplicações da Sigla HC8","schema":"https://schema.getpostman.com/json/collection/v2.1.0/collection.json"},"item":[{"name":"STS","item":[{"name":"STS - Oauth Token","event":[{"listen":"test","script":{"exec":["var jsonData = JSON.parse(responseBody);\r","postman.setEnvironmentVariable(\"BearerToken\", jsonData.access_token);"],"type":"text/javascript","id":"f22e5bfe-0511-4dfd-a84a-c5219196c284"}}],"id":"eb209de0-bf2a-4744-a5e5-b581d598006b","protocolProfileBehavior":{"disableBodyPruning":true},"request":{"method":"POST","header":[],"body":{"mode":"urlencoded","urlencoded":[{"key":"client_id","value":"{{STS-ClientId}}","type":"text"},{"key":"client_secret","value":"{{STS-ClientSecret}}","type":"text"},{"key":"grant_type","value":"client_credentials","description":"client_credentials / password","type":"text"},{"key":"username","value":"cps931c","description":"Usuário de serviço","type":"text","disabled":true},{"key":"password","value":"","description":"Senha do Usuário de serviço","type":"text","disabled":true}]},"url":{"raw":"{{HOST-STS}}/api/oauth/token","host":["{{HOST-STS}}"],"path":["api","oauth","token"]}},"response":[]},{"name":"STS - Oauth Token Validation","event":[{"listen":"test","script":{"exec":[""],"type":"text/javascript","id":"baa9e22a-4b54-47b9-b6e9-a1bf625f3bc7"}}],"id":"2313eaff-9a26-40d5-9cff-287dd5f22b8c","protocolProfileBehavior":{"disableBodyPruning":true},"request":{"auth":{"type":"bearer","bearer":[{"key":"token","value":"{{BearerToken}}","type":"string"}]},"method":"POST","header":[],"body":{"mode":"urlencoded","urlencoded":[{"key":"access_token","value":"{{BearerToken}}","description":"Usuário de serviço","type":"text"}]},"url":{"raw":"{{HOST-STS}}/api/oauth/tokeninfo","host":["{{HOST-STS}}"],"path":["api","oauth","tokeninfo"]}},"response":[]}],"id":"1995a163-20f6-456e-9c9f-c732d810e177"},{"name":"Parametrizador Eletrônico","item":[{"name":"Api Front","item":[{"name":"Api Front - Configuracoes","id":"da8b8022-1bce-4f33-ab19-d74f05ca2bab","protocolProfileBehavior":{"disableBodyPruning":true},"request":{"method":"GET","header":[{"key":"Content-Type","name":"Content-Type","type":"text","value":"application/json"},{"key":"x-apigw-api-id","type":"text","value":"{{x-apigw-api-id}}"},{"key":"x-itau-apikey","type":"text","value":"{{x-itau-apikey}}"},{"key":"x-itau-correlationID","type":"text","value":"{{x-itau-correlationId}}"},{"key":"x-itau-flowID","value":"{{x-itau-flowId}}","type":"text"}],"url":{"raw":"{{HOST-GTW-AWS}}{{APLICACAO-AWS}}/v1/configuracoes?id_canal=1&nome=NOME_CONFIG","host":["{{HOST-GTW-AWS}}{{APLICACAO-AWS}}"],"path":["v1","configuracoes"],"query":[{"key":"id_canal","value":"1"},{"key":"nome","value":"NOME_CONFIG"}]}},"response":[]},{"name":"Api Front - Configuracoes","id":"6362ab0c-4e6f-4e99-91f7-32a2c883f5a2","protocolProfileBehavior":{"disableBodyPruning":true},"request":{"method":"POST","header":[{"key":"Content-Type","name":"Content-Type","type":"text","value":"application/json"},{"key":"x-apigw-api-id","type":"text","value":"{{x-apigw-api-id}}"},{"key":"x-itau-apikey","type":"text","value":"{{x-itau-apikey}}"},{"key":"x-itau-correlationID","type":"text","value":"{{x-itau-correlationId}}"},{"key":"x-itau-flowID","value":"{{x-itau-flowId}}","type":"text"}],"body":{"mode":"raw","raw":"{\r\n    \"id_canal\": 1,\r\n    \"nome\": \"NOME_CONFIG\",\r\n    \"texto_valor\": \"VALOR_CONFIG\"\r\n}"},"url":{"raw":"{{HOST-GTW-AWS}}{{APLICACAO-AWS}}/v1/configuracoes","host":["{{HOST-GTW-AWS}}{{APLICACAO-AWS}}"],"path":["v1","configuracoes"]}},"response":[]},{"name":"Api Front - Iniciar Atendimento","event":[{"listen":"prerequest","script":{"exec":[""],"type":"text/javascript","id":"1ef618eb-3e48-443f-a125-4ff256809125"}}],"id":"8ba77800-1f3a-48c1-b259-0795789fc1b0","protocolProfileBehavior":{"disableBodyPruning":true},"request":{"auth":{"type":"bearer","bearer":[{"key":"token","value":"{{BearerToken}}","type":"string"}]},"method":"POST","header":[{"key":"x-apigw-api-id","value":"{{x-apigw-api-id}}","type":"text"},{"key":"x-itau-apikey","value":"{{x-itau-apikey}}","type":"text"},{"key":"x-itau-correlationID","value":"{{x-itau-correlationId}}","type":"text"},{"key":"x-itau-flowID","value":"{{x-itau-flowId}}","type":"text"}],"body":{"mode":"raw","raw":"{\r\n    \"id_canal\": 4,\r\n    \"servidor_ura\": \"lhovitr\",\r\n    \"ip_ura\": \"1.2.3.4\",\r\n    \"porta\": 34,\r\n    \"numero_identificacao\": \"{{$timestamp}}\",\r\n    \"ddi\": 55,\r\n    \"ddd\": 11,\r\n    \"telefone\": 912345678,\r\n    \"chaves\": [\r\n        {\r\n            \"nome\": \"CDN\",\r\n            \"valor\": \"2125\"\r\n        },\r\n        {\r\n            \"nome\": \"ARVORE\",\r\n            \"valor\": \"DE\"\r\n        }\r\n    ]\r\n}","options":{"raw":{"language":"json"}}},"url":{"raw":"{{HOST-GTW-AWS}}{{APLICACAO-AWS}}/v1/ligacoes","host":["{{HOST-GTW-AWS}}{{APLICACAO-AWS}}"],"path":["v1","ligacoes"]}},"response":[]},{"name":"Api Front - Validacoes (HC)","event":[{"listen":"prerequest","script":{"exec":[""],"type":"text/javascript","id":"0c319d2b-0dca-4030-8375-ec50493b4c97"}}],"id":"bbb52d9e-bf5d-44b6-8f27-6f2704625089","protocolProfileBehavior":{"disableBodyPruning":true},"request":{"auth":{"type":"noauth"},"method":"GET","header":[{"description":"Dev: \nlk5shpypnk\nHom: \n86p5kfip67\nPrd: \n17jyjzw949","key":"x-apigw-api-id","type":"text","value":"{{x-apigw-api-id}}"},{"description":"Dev: \n63c4f0ac-1de0-4e55-bd23-0d2b5175b287\nHom:\n7656c092-deb5-4dc1-9339-100c093400ef\nPrd: \nc047b95e-2cde-4dee-9536-738a495e85f6","key":"x-itau-apikey","type":"text","value":"{{x-itau-apikey}}"},{"key":"x-itau-correlationID","type":"text","value":"{{x-itau-correlationId}}"},{"key":"x-itau-flowID","value":"{{x-itau-flowId}}","type":"text"}],"url":{"raw":"{{HOST-GTW-AWS}}{{APLICACAO-AWS}}/v1/validacoes","host":["{{HOST-GTW-AWS}}{{APLICACAO-AWS}}"],"path":["v1","validacoes"]}},"response":[]}],"id":"e956e8f4-9ea0-4411-9eb8-b832727fac90","auth":{"type":"bearer","bearer":[{"key":"token","value":"{{BearerToken}}","type":"string"}]},"event":[{"listen":"prerequest","script":{"type":"text/javascript","exec":["const options = {","    url: pm.environment.get(\"HOST-STS\") + '/api/oauth/token',","    method: 'POST',","    header: {","        'Accept': '*/*',","        'Content-Type': 'application/x-www-form-urlencoded',","    },","    body: {","        mode: 'urlencoded',","        urlencoded: [","            { key: 'grant_type', value: 'client_credentials' },","            { key: 'client_id', value: pm.environment.get(\"STS-ClientId\") },","            { key: 'client_secret', value: pm.environment.get(\"STS-ClientSecret\") },","        ]","    }","};","","pm.sendRequest(options, (err, res) =>","    pm.environment.set(\"BearerToken\", res.json().access_token));"],"id":"a5ab102e-e5c6-4b4e-a227-f1c0888b977f"}},{"listen":"test","script":{"type":"text/javascript","exec":[""],"id":"62b1e5b3-0acf-450c-86cb-8ae2eb7c930f"}}]},{"name":"Api Histórico","item":[{"name":"Api Histórico - Criar Ligação","id":"47f5dc49-fea3-4b44-9bb9-c5f75e8781a9","protocolProfileBehavior":{"disableBodyPruning":true},"request":{"method":"POST","header":[{"key":"Content-Type","value":"application/json"},{"key":"x-itau-apikey","type":"text","value":"{{x-itau-apikey}}"},{"key":"x-itau-correlationID","type":"text","value":"{{x-itau-correlationId}}"},{"key":"x-itau-flowID","value":"{{x-itau-flowId}}","type":"text"}],"body":{"mode":"raw","raw":"{\n  \"id_ligacao\": 12345678912345678901,\n  \"data_inicial_ligacao_atendente_eletronico\": \"2021-02-26T12:00:00\",\n  \"data_final_ligacao_atendente_eletronico\": \"\",\n  \"hora_duracao_ligacao_atendente_eletronico\": \"\",\n  \"servidor\": {\n    \"nome_servidor_atendente_eletronico\": \"Servidor\",\n    \"numero_internet_protocol_atendente_eletronico\": \"192.168.0.1\",\n    \"grupo\": {\n      \"nome_grupo_atendente_eletronico\": \"Itau\"\n    }\n  },\n  \"grupo\": {\n    \"nome_grupo_atendente_eletronico\": \"Itau\"\n  },\n  \"cliente\": {\n    \"id_identificacao_pessoa\": \"123456\"\n  },\n  \"conta\": {\n    \"id_tipo_empresa_conglomerado\": \"1\",\n    \"id_empresa_conglomerado\": \"1\",\n    \"numero_unidade_atendimento_conglomerado\": \"1\",\n    \"numero_conta\": \"123456\",\n    \"numero_digito_verificador_conta\": \"7\"\n  },\n  \"cartao_credito\": {\n    \"hash_cartao_credito\": \"adsad21231dasd231a3\"\n  },\n  \"telefone_chamador\": {\n    \"codigo_ddi_telefone\": 55,\n    \"codigo_ddd_telefone\": 11,\n    \"numero_telefone\": 123451234\n  },\n  \"chaves_eletronicas\": [\n    {\n      \"nome_chave_eletronica\": \"Chave\",\n      \"texto_chave_eletronica\": \"Valor\"\n    }\n  ]\n}"},"url":{"raw":"{{HOST-GTW-AWS}}{{APLICACAO-AWS}}/v1/ligacoes","host":["{{HOST-GTW-AWS}}{{APLICACAO-AWS}}"],"path":["v1","ligacoes"]}},"response":[{"id":"360b1346-c420-45b5-9d9e-f1c2ce11f9ed","name":"Success","originalRequest":{"method":"POST","header":[],"body":{"mode":"raw","raw":"{\n    \"codigo_servidor_atendente_eletronico\": \"<integer>\",\n    \"numero_identificacao_ligacao_atendenteeletronico\": \"<integer>\",\n    \"codigo_grupo_atendente_eletronico\": \"<integer>\",\n    \"data_inicial_ligacao_atendente_eletronico\": \"<dateTime>\",\n    \"data_final_ligacao_atendente_eletronico\": \"<dateTime>\",\n    \"hora_duracao_ligacao_atendente_eletronico\": \"<dateTime>\"\n}"},"url":{"raw":"{{baseUrl}}/api/v{{version}}/Ligacoes","host":["{{baseUrl}}"],"path":["api","v{{version}}","Ligacoes"]}},"status":"Created","code":201,"_postman_previewlanguage":"json","header":[{"key":"Content-Type","value":"application/json"}],"cookie":[],"responseTime":null,"body":"{\n \"status\": false,\n \"nome\": \"incididunt magna\",\n \"ambiente\": \"Excepteur\",\n \"data\": \"2005-05-19T04:12:24.777Z\",\n \"dados\": {\n  \"codigo_ligacao\": 91498440,\n  \"codigo_servidor_atendente_eletronico\": -84039576,\n  \"numero_identificacao_ligacao_atendente_eletronico\": 36958791,\n  \"codigo_grupo_atendente_eletronico\": -52814762,\n  \"data_inicial_ligacao_atendente_eletronico\": \"1995-07-29T14:34:05.348Z\",\n  \"data_final_ligacao_atendente_eletronico\": \"1962-02-01T01:21:00.840Z\",\n  \"hora_duracao_ligacao_atendente_eletronico\": \"1980-12-26T18:58:50.762Z\"\n },\n \"alertas\": [\n  {\n   \"codigo\": \"incididunt Lorem ut\",\n   \"mensagem\": \"Ut deserunt officia commodo\"\n  },\n  {\n   \"codigo\": \"aliqua Duis nulla ullamco\",\n   \"mensagem\": \"exercitation ullamco\"\n  }\n ],\n \"erros\": [\n  {\n   \"codigo\": \"commodo Excepteur labore\",\n   \"mensagem\": \"non\"\n  },\n  {\n   \"codigo\": \"ipsum \",\n   \"mensagem\": \"irure\"\n  }\n ]\n}"},{"id":"065b9dc8-fb7b-4076-84ab-606e7c261437","name":"Bad Request","originalRequest":{"method":"POST","header":[],"body":{"mode":"raw","raw":"{\n    \"codigo_servidor_atendente_eletronico\": \"<integer>\",\n    \"numero_identificacao_ligacao_atendenteeletronico\": \"<integer>\",\n    \"codigo_grupo_atendente_eletronico\": \"<integer>\",\n    \"data_inicial_ligacao_atendente_eletronico\": \"<dateTime>\",\n    \"data_final_ligacao_atendente_eletronico\": \"<dateTime>\",\n    \"hora_duracao_ligacao_atendente_eletronico\": \"<dateTime>\"\n}"},"url":{"raw":"{{baseUrl}}/api/v{{version}}/Ligacoes","host":["{{baseUrl}}"],"path":["api","v{{version}}","Ligacoes"]}},"status":"Bad Request","code":400,"_postman_previewlanguage":"json","header":[{"key":"Content-Type","value":"application/json"}],"cookie":[],"responseTime":null,"body":"{\n \"status\": true,\n \"nome\": \"occaecat velit esse\",\n \"ambiente\": \"deserunt Excepteur in ut\",\n \"data\": \"2001-12-19T09:39:41.843Z\",\n \"dados\": {},\n \"alertas\": [\n  {\n   \"codigo\": \"aliqua laborum anim Duis irure\",\n   \"mensagem\": \"Duis Lorem adipisicing non\"\n  },\n  {\n   \"codigo\": \"eiusmod est\",\n   \"mensagem\": \"veniam deserunt ex\"\n  }\n ],\n \"erros\": [\n  {\n   \"codigo\": \"ullamco consequat veniam\",\n   \"mensagem\": \"nisi Excepteur minim ex\"\n  },\n  {\n   \"codigo\": \"magna dolor ad\",\n   \"mensagem\": \"ullamco id do e\"\n  }\n ]\n}"}]},{"name":"Api Histórico - Atualizar Ligação","id":"c0702739-e6ff-4a5a-bef2-28f1ce6ce4d2","protocolProfileBehavior":{"disableBodyPruning":true},"request":{"method":"PATCH","header":[{"key":"Content-Type","value":"application/json"},{"key":"x-itau-apikey","value":"{{x-itau-apikey}}","type":"text"},{"key":"x-itau-correlationID","value":"{{x-itau-correlationId}}","type":"text"},{"key":"x-itau-flowID","value":"{{x-itau-flowId}}","type":"text"}],"body":{"mode":"raw","raw":"{\n  \"id_ligacao\": \"123456\",\n  \"codigo_ligacao_atendente_eletronico\": \"123456\",\n  \"data_inicial_ligacao_atendente_eletronico\": \"2021-02-26T12:00:00\",\n  \"data_final_ligacao_atendente_eletronico\": \"\",\n  \"hora_duracao_ligacao_atendente_eletronico\": \"\",\n  \"servidor\": {\n    \"nome_servidor_atendente_eletronico\": \"Servvidor\",\n    \"numero_internet_protocol_atendente_eletronico\": \"192.168.0.1\",\n    \"grupo\": {\n      \"nome_grupo_atendente_eletronico\": \"Itau\"\n    }\n  },\n  \"grupo\": {\n    \"nome_grupo_atendente_eletronico\": \"Itau\"\n  },\n  \"cliente\": {\n    \"id_identificacao_pessoa\": \"123456\"\n  },\n  \"conta\": {\n    \"id_tipo_empresa_conglomerado\": \"1\",\n    \"id_empresa_conglomerado\": \"1\",\n    \"numero_unidade_atendimento_conglomerado\": \"1\",\n    \"numero_conta\": \"123456\",\n    \"numero_digito_verificador_conta\": \"7\"\n  },\n  \"cartao_credito\": {\n    \"hash_cartao_credito\": \"adsad21231dasd231a3\"\n  },\n  \"telefone_chamador\": {\n    \"codigo_ddi_telefone\": 55,\n    \"codigo_ddd_telefone\": 11,\n    \"numero_telefone\": 123451234\n  },\n  \"chaves_eletronicas\": [\n    {\n      \"nome_chave_eletronica\": \"Chave\",\n      \"texto_chave_eletronica\": \"Valor\"\n    }\n  ]\n}"},"url":{"raw":"{{HOST-GTW-AWS}}{{APLICACAO-AWS}}/v1/ligacoes/numero_identificacao/:id","host":["{{HOST-GTW-AWS}}{{APLICACAO-AWS}}"],"path":["v1","ligacoes","numero_identificacao",":id"],"variable":[{"id":"5564cb36-aae4-4554-8371-4bf1aa27997b","key":"id","value":"{{id_chamada}}"}]}},"response":[{"id":"89cfb38b-2464-4b83-b630-b44b542da5ed","name":"Success","originalRequest":{"method":"PUT","header":[],"body":{"mode":"raw","raw":"{\n    \"codigo_ligacao\": \"<integer>\",\n    \"codigo_servidor_atendente_eletronico\": \"<integer>\",\n    \"numero_identificacao_ligacao_atendenteeletronico\": \"<integer>\",\n    \"codigo_grupo_atendente_eletronico\": \"<integer>\",\n    \"data_inicial_ligacao_atendente_eletronico\": \"<dateTime>\",\n    \"data_final_ligacao_atendente_eletronico\": \"<dateTime>\",\n    \"hora_duracao_ligacao_atendente_eletronico\": \"<dateTime>\"\n}"},"url":{"raw":"{{baseUrl}}/api/v{{version}}/Ligacoes/:id","host":["{{baseUrl}}"],"path":["api","v{{version}}","Ligacoes",":id"],"variable":[{"key":"id"}]}},"status":"Accepted","code":202,"_postman_previewlanguage":"json","header":[{"key":"Content-Type","value":"application/json"}],"cookie":[],"responseTime":null,"body":"{\n \"status\": true,\n \"nome\": \"pariatur fugiat\",\n \"ambiente\": \"ali\",\n \"data\": \"1954-05-09T22:34:28.786Z\",\n \"dados\": {\n  \"codigo_ligacao\": 33798087,\n  \"codigo_servidor_atendente_eletronico\": -23178391,\n  \"numero_identificacao_ligacao_atendente_eletronico\": 88127990,\n  \"codigo_grupo_atendente_eletronico\": -36769684,\n  \"data_inicial_ligacao_atendente_eletronico\": \"1977-05-06T20:35:10.501Z\",\n  \"data_final_ligacao_atendente_eletronico\": \"2001-12-16T07:30:43.689Z\",\n  \"hora_duracao_ligacao_atendente_eletronico\": \"1999-11-21T09:23:12.270Z\"\n },\n \"alertas\": [\n  {\n   \"codigo\": \"Excepteur commodo do dolore ulla\",\n   \"mensagem\": \"aliqua sit anim enim deserunt\"\n  },\n  {\n   \"codigo\": \"anim eiusmod reprehenderit dolore\",\n   \"mensagem\": \"tempor sunt\"\n  }\n ],\n \"erros\": [\n  {\n   \"codigo\": \"amet dolor\",\n   \"mensagem\": \"adipisicing sed dolor\"\n  },\n  {\n   \"codigo\": \"pariatur in consequat\",\n   \"mensagem\": \"cillum Lorem in\"\n  }\n ]\n}"},{"id":"ccf3c032-6038-46a7-84cb-0909a28c6838","name":"Bad Request","originalRequest":{"method":"PUT","header":[],"body":{"mode":"raw","raw":"{\n    \"codigo_ligacao\": \"<integer>\",\n    \"codigo_servidor_atendente_eletronico\": \"<integer>\",\n    \"numero_identificacao_ligacao_atendenteeletronico\": \"<integer>\",\n    \"codigo_grupo_atendente_eletronico\": \"<integer>\",\n    \"data_inicial_ligacao_atendente_eletronico\": \"<dateTime>\",\n    \"data_final_ligacao_atendente_eletronico\": \"<dateTime>\",\n    \"hora_duracao_ligacao_atendente_eletronico\": \"<dateTime>\"\n}"},"url":{"raw":"{{baseUrl}}/api/v{{version}}/Ligacoes/:id","host":["{{baseUrl}}"],"path":["api","v{{version}}","Ligacoes",":id"],"variable":[{"key":"id"}]}},"status":"Bad Request","code":400,"_postman_previewlanguage":"json","header":[{"key":"Content-Type","value":"application/json"}],"cookie":[],"responseTime":null,"body":"{\n \"status\": true,\n \"nome\": \"aliqua labore\",\n \"ambiente\": \"culpa non dolor sint\",\n \"data\": \"1965-08-29T03:59:44.873Z\",\n \"dados\": {},\n \"alertas\": [\n  {\n   \"codigo\": \"sed proident Excepteur\",\n   \"mensagem\": \"nulla laboris reprehenderit\"\n  },\n  {\n   \"codigo\": \"elit\",\n   \"mensagem\": \"ex quis commodo voluptate\"\n  }\n ],\n \"erros\": [\n  {\n   \"codigo\": \"elit\",\n   \"mensagem\": \"cillum enim in\"\n  },\n  {\n   \"codigo\": \"non\",\n   \"mensagem\": \"id in eiusmod ea\"\n  }\n ]\n}"}]},{"name":"Api Histórico - Obter Ligação Por Id","id":"7b103b11-177a-4c48-8b0c-652498d88e91","protocolProfileBehavior":{"disableBodyPruning":true},"request":{"method":"GET","header":[{"key":"x-itau-apikey","value":"{{x-itau-apikey}}","type":"text"},{"key":"x-itau-correlationID","value":"{{x-itau-correlationId}}","type":"text"},{"key":"x-itau-flowID","value":"{{x-itau-flowId}}","type":"text"}],"url":{"raw":"{{HOST-GTW-AWS}}{{APLICACAO-AWS}}/v1/ligacoes/:id","host":["{{HOST-GTW-AWS}}{{APLICACAO-AWS}}"],"path":["v1","ligacoes",":id"],"variable":[{"id":"f5b6a50f-9f7f-42a0-bf45-d4133141e596","key":"id","value":"{{id_ligacao}}"}]}},"response":[{"id":"4ff7a568-a813-42fa-9f72-f93a1214604d","name":"Not Found","originalRequest":{"method":"GET","header":[],"url":{"raw":"{{baseUrl}}/api/v{{version}}/Ligacoes","host":["{{baseUrl}}"],"path":["api","v{{version}}","Ligacoes"]}},"status":"Not Found","code":404,"_postman_previewlanguage":"json","header":[{"key":"Content-Type","value":"application/json"}],"cookie":[],"responseTime":null,"body":"{\n \"status\": true,\n \"nome\": \"aliqua labore\",\n \"ambiente\": \"culpa non dolor sint\",\n \"data\": \"1965-08-29T03:59:44.873Z\",\n \"dados\": {},\n \"alertas\": [\n  {\n   \"codigo\": \"sed proident Excepteur\",\n   \"mensagem\": \"nulla laboris reprehenderit\"\n  },\n  {\n   \"codigo\": \"elit\",\n   \"mensagem\": \"ex quis commodo voluptate\"\n  }\n ],\n \"erros\": [\n  {\n   \"codigo\": \"elit\",\n   \"mensagem\": \"cillum enim in\"\n  },\n  {\n   \"codigo\": \"non\",\n   \"mensagem\": \"id in eiusmod ea\"\n  }\n ]\n}"},{"id":"80b6ff84-7286-4658-9788-030fe604b06b","name":"Success","originalRequest":{"method":"GET","header":[],"url":{"raw":"{{baseUrl}}/api/v{{version}}/Ligacoes","host":["{{baseUrl}}"],"path":["api","v{{version}}","Ligacoes"]}},"status":"OK","code":200,"_postman_previewlanguage":"json","header":[{"key":"Content-Type","value":"application/json"}],"cookie":[],"responseTime":null,"body":"{\n \"status\": false,\n \"nome\": \"laboris\",\n \"ambiente\": \"cillum dolor incididunt\",\n \"data\": \"1970-04-12T22:07:58.578Z\",\n \"dados\": [\n  {\n   \"codigo_ligacao\": -91956997,\n   \"codigo_servidor_atendente_eletronico\": 96806486,\n   \"numero_identificacao_ligacao_atendente_eletronico\": 54641091,\n   \"codigo_grupo_atendente_eletronico\": 60838353,\n   \"data_inicial_ligacao_atendente_eletronico\": \"1951-05-26T19:01:26.582Z\",\n   \"data_final_ligacao_atendente_eletronico\": \"1997-12-27T22:06:41.224Z\",\n   \"hora_duracao_ligacao_atendente_eletronico\": \"2006-06-03T09:32:35.796Z\"\n  },\n  {\n   \"codigo_ligacao\": 41240015,\n   \"codigo_servidor_atendente_eletronico\": 24992231,\n   \"numero_identificacao_ligacao_atendente_eletronico\": -67555498,\n   \"codigo_grupo_atendente_eletronico\": -87182057,\n   \"data_inicial_ligacao_atendente_eletronico\": \"1948-12-27T14:27:00.505Z\",\n   \"data_final_ligacao_atendente_eletronico\": \"1954-08-01T22:03:45.011Z\",\n   \"hora_duracao_ligacao_atendente_eletronico\": \"2013-08-09T21:36:25.832Z\"\n  }\n ],\n \"alertas\": [\n  {\n   \"codigo\": \"ullamco nulla irure mollit\",\n   \"mensagem\": \"irure et eu in non\"\n  },\n  {\n   \"codigo\": \"labore irure ut\",\n   \"mensagem\": \"enim exercitation veniam\"\n  }\n ],\n \"erros\": [\n  {\n   \"codigo\": \"ut non enim\",\n   \"mensagem\": \"velit non\"\n  },\n  {\n   \"codigo\": \"Ut\",\n   \"mensagem\": \"commodo anim reprehenderit in\"\n  }\n ]\n}"},{"id":"5c581995-1e26-415a-b027-fb14a8e59f1d","name":"Bad Request","originalRequest":{"method":"GET","header":[],"url":{"raw":"{{baseUrl}}/api/v{{version}}/Ligacoes","host":["{{baseUrl}}"],"path":["api","v{{version}}","Ligacoes"]}},"status":"Bad Request","code":400,"_postman_previewlanguage":"json","header":[{"key":"Content-Type","value":"application/json"}],"cookie":[],"responseTime":null,"body":"{\n \"status\": true,\n \"nome\": \"aliqua labore\",\n \"ambiente\": \"culpa non dolor sint\",\n \"data\": \"1965-08-29T03:59:44.873Z\",\n \"dados\": {},\n \"alertas\": [\n  {\n   \"codigo\": \"sed proident Excepteur\",\n   \"mensagem\": \"nulla laboris reprehenderit\"\n  },\n  {\n   \"codigo\": \"elit\",\n   \"mensagem\": \"ex quis commodo voluptate\"\n  }\n ],\n \"erros\": [\n  {\n   \"codigo\": \"elit\",\n   \"mensagem\": \"cillum enim in\"\n  },\n  {\n   \"codigo\": \"non\",\n   \"mensagem\": \"id in eiusmod ea\"\n  }\n ]\n}"}]}],"id":"8fe00978-431b-4a97-a4b7-23efb4f89b44","auth":{"type":"bearer","bearer":[{"key":"token","value":"{{BearerToken}}","type":"string"}]},"event":[{"listen":"prerequest","script":{"type":"text/javascript","exec":["const options = {","    url: pm.environment.get(\"HOST-STS\") + '/api/oauth/token',","    method: 'POST',","    header: {","        'Accept': '*/*',","        'Content-Type': 'application/x-www-form-urlencoded',","    },","    body: {","        mode: 'urlencoded',","        urlencoded: [","            { key: 'grant_type', value: 'client_credentials' },","            { key: 'client_id', value: pm.environment.get(\"STS-ClientId\") },","            { key: 'client_secret', value: pm.environment.get(\"STS-ClientSecret\") },","        ]","    }","};","","pm.sendRequest(options, (err, res) =>","    pm.environment.set(\"BearerToken\", res.json().access_token));"],"id":"bb527fd4-b1a8-4efd-a699-031713cf26a1"}},{"listen":"test","script":{"type":"text/javascript","exec":[""],"id":"83b77fb1-55ee-4bb2-903a-2141659f20df"}}]},{"name":"BRE","item":[],"id":"bffafd4a-3bd0-417e-b758-ad43eae2d876"}],"id":"f16e9576-0d90-460e-8d18-f21570b0ce5d"},{"name":"Retenção Histórico","item":[{"name":"Api Retenção Histórico","item":[{"name":"Api Retenção Histórico - Consolidar Estatistica","id":"e58fdf99-73fd-473d-a9ee-1d862b64249e","protocolProfileBehavior":{"disableBodyPruning":true},"request":{"method":"POST","header":[{"key":"Content-Type","name":"Content-Type","type":"text","value":"application/json"},{"key":"x-apigw-api-id","type":"text","value":"{{x-apigw-api-id}}"},{"key":"x-itau-apikey","type":"text","value":"{{x-itau-apikey}}"},{"key":"x-itau-correlationID","type":"text","value":"{{x-itau-correlationId}}"},{"key":"x-itau-flowID","value":"{{x-itau-flowId}}","type":"text"}],"body":{"mode":"raw","raw":"{\r\n  \"funcionais_operador\": [\"ABCELFGH\"],\r\n  \"data_inicio\": \"2022-01-01 00:00:00\",\r\n  \"data_fim\": \"2022-01-31 23:59:59\"\r\n}"},"url":{"raw":"{{HOST-GTW-AWS}}{{APLICACAO-AWS}}/v1/retencoes_estatistica_atendimento","host":["{{HOST-GTW-AWS}}{{APLICACAO-AWS}}"],"path":["v1","retencoes_estatistica_atendimento"]}},"response":[]},{"name":"Api Retenção Histórico - Criar Retencao Historico","id":"56ba8390-7ce1-46cf-8fbd-0cc3f384465a","protocolProfileBehavior":{"disableBodyPruning":true},"request":{"method":"POST","header":[{"key":"Content-Type","name":"Content-Type","type":"text","value":"application/json"},{"key":"x-apigw-api-id","type":"text","value":"{{x-apigw-api-id}}"},{"key":"x-itau-apikey","type":"text","value":"{{x-itau-apikey}}"},{"key":"x-itau-correlationID","type":"text","value":"{{x-itau-correlationId}}"},{"key":"x-itau-flowID","value":"{{x-itau-flowId}}","type":"text"}],"body":{"mode":"raw","raw":"{\r\n\t\"id_conta\": \"66002233445519\",\r\n\t\"data_atendimento\": \"2022-01-26T16:34:00\",\r\n\t\"atendimento_negociacao\": false,\r\n\t\"funcional_operador\": \"$835208\",\r\n\t\"texto_negociacao\": {\r\n\t\t\"produto\": \"string\",\r\n\t\t\"atendimento_negociacao\": false,\r\n\t\t\"resultado\": \"string\",\r\n\t\t\"percentual_desconto_aplicado\": \"string\",\r\n\t\t\"canal\": \"string\",\r\n\t\t\"motivo_contato\": \"string\",\r\n\t\t\"matriz_oferta\": [{\r\n\t\t\t\"id_conta\": \"teste\",\r\n\t\t\t\"descricao_oferta\": \"maria\"\r\n\t\t}],\r\n\t\t\"desconto_anuidade\": [{\r\n\t\t\t\t\"cartoes\": [\"0012\", \"4417\"],\r\n\t\t\t\t\"tipo_cartao\": \"Adicional\",\r\n\t\t\t\t\"percentual_desconto_aplicado\": \"string\",\r\n\t\t\t\t\"quantidade_parcelas\": \"string\",\r\n\t\t\t\t\"anuidade_atual\": \"125\",\r\n\t\t\t\t\"nova_aunidade\": \"string\",\r\n\t\t\t\t\"valor_desconto\": \"13\",\r\n\t\t\t\t\"valor_parcela\": \"string\"\r\n\t\t\t},\r\n\t\t\t{\r\n\t\t\t\t\"cartoes\": [\"0950\"],\r\n\t\t\t\t\"tipo_cartao\": \"Titular\",\r\n\t\t\t\t\"percentual_desconto_aplicado\": \"string\",\r\n\t\t\t\t\"quantidade_parcelas\": \"string\",\r\n\t\t\t\t\"anuidade_atual\": \"string\",\r\n\t\t\t\t\"nova_anuidade\": \"236\",\r\n\t\t\t\t\"valor_desconto\": \"string\",\r\n\t\t\t\t\"valor_parcela\": \"string\"\r\n\t\t\t}\r\n\t\t],\r\n\t\t\"comentarios\": \"string\"\r\n\t}\r\n}"},"url":{"raw":"{{HOST-GTW-AWS}}{{APLICACAO-AWS}}/v1/retencoes_historico","host":["{{HOST-GTW-AWS}}{{APLICACAO-AWS}}"],"path":["v1","retencoes_historico"]}},"response":[]},{"name":"Api Retenção Histórico - Criar Retencao Estatistica","id":"83ce2449-2592-4da9-a13b-b6a23b2263bd","protocolProfileBehavior":{"disableBodyPruning":true},"request":{"method":"POST","header":[{"key":"Content-Type","name":"Content-Type","type":"text","value":"application/json"},{"key":"x-apigw-api-id","type":"text","value":"{{x-apigw-api-id}}"},{"key":"x-itau-apikey","type":"text","value":"{{x-itau-apikey}}"},{"key":"x-itau-correlationID","type":"text","value":"{{x-itau-correlationId}}"},{"key":"x-itau-flowID","value":"{{x-itau-flowId}}","type":"text"}],"body":{"mode":"raw","raw":"{\r\n  \"id_conta\": \"44002233445512\",\r\n  \"data_atendimento\": \"2022-01-31T12:30:00\",\r\n  \"atendimento_negociacao\": true,\r\n  \"funcional_operador\": \"ABCELFGH\",\r\n  \"tipo_cartao\": \"Titular\",\r\n  \"resultado\": \"S\"\r\n}"},"url":{"raw":"{{HOST-GTW-AWS}}{{APLICACAO-AWS}}/v1/retencoes_estatistica","host":["{{HOST-GTW-AWS}}{{APLICACAO-AWS}}"],"path":["v1","retencoes_estatistica"]}},"response":[]},{"name":"Api Retenção Histórico - Filtrar Retencao Por IdConta e DataAtendimento","id":"eec63e05-1d7f-4a71-8155-21c13a0dd80d","protocolProfileBehavior":{"disableBodyPruning":true},"request":{"method":"GET","header":[{"key":"Content-Type","name":"Content-Type","type":"text","value":"application/json"},{"key":"x-apigw-api-id","type":"text","value":"{{x-apigw-api-id}}"},{"key":"x-itau-apikey","type":"text","value":"{{x-itau-apikey}}"},{"key":"x-itau-correlationID","type":"text","value":"{{x-itau-correlationId}}"},{"key":"x-itau-flowID","value":"{{x-itau-flowId}}","type":"text"}],"url":{"raw":"{{HOST-GTW-AWS}}{{APLICACAO-AWS}}/v1/retencoes_atendimento?id_conta_atendimento=55002233445510&data_atendimento=2022-01-22T16:30:00","host":["{{HOST-GTW-AWS}}{{APLICACAO-AWS}}"],"path":["v1","retencoes_atendimento"],"query":[{"key":"id_conta_atendimento","value":"55002233445510"},{"key":"data_atendimento","value":"2022-01-22T16:30:00"}]}},"response":[]},{"name":"Api Retenção Histórico - Listar Retencoes Atendimento Por IdConta","id":"cfeb6533-5881-43e7-8c90-c7373be48126","protocolProfileBehavior":{"disableBodyPruning":true},"request":{"method":"GET","header":[{"key":"Content-Type","name":"Content-Type","type":"text","value":"application/json"},{"key":"x-apigw-api-id","type":"text","value":"{{x-apigw-api-id}}"},{"key":"x-itau-apikey","type":"text","value":"{{x-itau-apikey}}"},{"key":"x-itau-correlationID","type":"text","value":"{{x-itau-correlationId}}"},{"key":"x-itau-flowID","value":"{{x-itau-flowId}}","type":"text"}],"url":{"raw":"{{HOST-GTW-AWS}}{{APLICACAO-AWS}}/v1/retencoes_atendimento?id_conta_atendimento=66002233445519","host":["{{HOST-GTW-AWS}}{{APLICACAO-AWS}}"],"path":["v1","retencoes_atendimento"],"query":[{"key":"id_conta_atendimento","value":"66002233445519"}]}},"response":[]}],"id":"6f92633b-b86f-4b13-87aa-801d68f0b756","auth":{"type":"bearer","bearer":[{"key":"token","value":"{{BearerToken}}","type":"string"}]},"event":[{"listen":"prerequest","script":{"type":"text/javascript","exec":["const options = {","    url: pm.environment.get(\"HOST-STS\") + '/api/oauth/token',","    method: 'POST',","    header: {","        'Accept': '*/*',","        'Content-Type': 'application/x-www-form-urlencoded',","    },","    body: {","        mode: 'urlencoded',","        urlencoded: [","            { key: 'grant_type', value: 'client_credentials' },","            { key: 'client_id', value: pm.environment.get(\"STS-ClientId\") },","            { key: 'client_secret', value: pm.environment.get(\"STS-ClientSecret\") },","        ]","    }","};","","pm.sendRequest(options, (err, res) =>","    pm.environment.set(\"BearerToken\", res.json().access_token));"],"id":"56f0a57a-dfb8-4d53-bd5f-76713c5c4f80"}},{"listen":"test","script":{"type":"text/javascript","exec":[""],"id":"585bab35-76d6-4940-aff4-9eedb13187e1"}}]}],"id":"68721668-865a-4741-9f32-cf816ad7687b"},{"name":"Campanhas","item":[{"name":"Api Campanhas","item":[{"name":"Api Campanhas - Health Check","event":[{"listen":"prerequest","script":{"exec":[""],"type":"text/javascript","id":"8657e8fa-87a0-4484-9880-3cebe24abc85"}}],"id":"0d82654b-07f5-450c-ac22-2ffa6b91b822","protocolProfileBehavior":{"disableBodyPruning":true},"request":{"auth":{"type":"noauth"},"method":"GET","header":[{"key":"x-apigw-api-id","type":"text","value":"{{x-apigw-api-id}}"},{"key":"x-itau-apikey","type":"text","value":"{{x-itau-apikey}}"},{"key":"x-itau-appid","value":"{{x-itau-appid}}","type":"text"},{"key":"x-itau-flowID","type":"text","value":"{{x-itau-flowId}}"},{"key":"x-itau-correlationID","type":"text","value":"{{x-itau-correlationId}}"}],"body":{"mode":"raw","raw":"","options":{"raw":{"language":"json"}}},"url":{"raw":"{{HOST-GTW-AWS}}{{APLICACAO-AWS}}/v1/campanhas_health_checks","host":["{{HOST-GTW-AWS}}{{APLICACAO-AWS}}"],"path":["v1","campanhas_health_checks"]}},"response":[]},{"name":"Api Campanhas - Obter Campanhas","event":[{"listen":"prerequest","script":{"exec":[""],"type":"text/javascript","id":"3d2571ca-863b-42cf-81b9-c1d5d7df91aa"}}],"id":"197369d3-3e69-4f92-8cd8-d04f4aa74998","protocolProfileBehavior":{"disableBodyPruning":true},"request":{"auth":{"type":"bearer","bearer":[{"key":"token","value":"{{BearerToken}}","type":"string"}]},"method":"GET","header":[{"key":"x-apigw-api-id","type":"text","value":"{{x-apigw-api-id}}"},{"key":"x-itau-apikey","type":"text","value":"{{x-itau-apikey}}"},{"key":"x-itau-appID","value":"{{x-itau-appid}}","type":"text"},{"key":"x-itau-flowID","type":"text","value":"{{x-itau-flowId}}"},{"key":"x-itau-correlationID","type":"text","value":"{{x-itau-correlationId}}"},{"key":"x-itau-origem","value":"URA","type":"text"}],"url":{"raw":"{{HOST-GTW-AWS}}{{APLICACAO-AWS}}/v1/campanhas?tipo_acesso=3&tipo_documento=id_chpras&documento=7089601","host":["{{HOST-GTW-AWS}}{{APLICACAO-AWS}}"],"path":["v1","campanhas"],"query":[{"key":"tipo_acesso","value":"3"},{"key":"tipo_documento","value":"id_chpras"},{"key":"documento","value":"7089601"}]},"description":"Requisição para a Api Produtora do FU5 com uma mensagem"},"response":[]},{"name":"Api Campanhas - Atualizar Campanhas","event":[{"listen":"prerequest","script":{"exec":[""],"type":"text/javascript","id":"cfd5c50d-02e9-41af-b659-e468af24722f"}}],"id":"ae80dc15-f1cd-442c-a06a-538853cef373","protocolProfileBehavior":{"disableBodyPruning":true},"request":{"auth":{"type":"bearer","bearer":[{"key":"token","value":"{{BearerToken}}","type":"string"}]},"method":"PATCH","header":[{"key":"Content-Type","value":"application/json","type":"text"},{"key":"x-apigw-api-id","type":"text","value":"{{x-apigw-api-id}}"},{"key":"x-itau-apikey","type":"text","value":"{{x-itau-apikey}}"},{"key":"x-itau-appID","value":"{{x-itau-appid}}","type":"text"},{"key":"x-itau-flowID","type":"text","value":"{{x-itau-flowId}}"},{"key":"x-itau-correlationID","type":"text","value":"{{x-itau-correlationId}}"}],"body":{"mode":"raw","raw":"{\r\n    \"tipo_acesso\": 3,\r\n    \"tipo_documento\":\"id_chpras\",\r\n    \"documento\": \"7089601\",\r\n    \"codigo_produto\":\"GRE\",\r\n    \"codigo_subproduto\":\"243\",\r\n    \"data_hora\":\"10/27/2021 16:00:00.0000\",\r\n    \"codigo_retorno\":\"Q\",\r\n    \"tpempresa_orig_canal\":\"004\",\r\n    \"codbanco_orig_canal\":\"341\",\r\n    \"agencia_orig_canal\":\"1500\"\r\n}","options":{"raw":{"language":"json"}}},"url":{"raw":"{{HOST-GTW-AWS}}{{APLICACAO-AWS}}/v1/campanhas/GRE243","host":["{{HOST-GTW-AWS}}{{APLICACAO-AWS}}"],"path":["v1","campanhas","GRE243"]},"description":"Requisição para a Api Produtora do FU5 com uma mensagem"},"response":[]}],"id":"45a19590-d9cc-4de6-b8dd-35fc1b6438a7"},{"name":"HI - Campanhas","item":[{"name":"Api Campanhas - Consulta Cartonista (NCC - DEV)","id":"7ebfcdc0-e264-48a4-879f-355dd77431cb","protocolProfileBehavior":{"disableBodyPruning":true},"request":{"auth":{"type":"bearer","bearer":[{"key":"token","value":"{{BearerToken}}","type":"string"}]},"method":"GET","header":[{"key":"x-itau-apikey","type":"text","value":"{{x-itau-apikey}}"},{"key":"x-itau-appID","type":"text","value":"{{x-itau-appid}}"},{"key":"x-itau-flowID","type":"text","value":"{{x-itau-flowId}}"},{"key":"x-itau-correlationID","type":"text","value":"{{x-itau-correlationId}}"},{"key":"x-itau-origem","type":"text","value":"URA"}],"url":{"raw":"{{HOST-GTW-INT}}/campanhas/v2/campanhas_relacionamento?tipo_acesso=3&tipo_documento=id_chpras&documento=7089601","host":["{{HOST-GTW-INT}}"],"path":["campanhas","v2","campanhas_relacionamento"],"query":[{"key":"tipo_acesso","value":"3"},{"key":"tipo_documento","value":"id_chpras"},{"key":"documento","value":"7089601"}]},"description":"Campo \"TipoWarning\" = Referencia se a campanha retornada é do tipo oferta ou do tipo informativo.\r\n\r\n(\r\n    1 - Informativo\r\n    2 - Oferta\r\n)"},"response":[]},{"name":"Api Campanhas - Retorno Cartonista","event":[{"listen":"prerequest","script":{"exec":["let timestamp = new Date().toJSON();\r","pm.environment.set('timestamp', timestamp);\r",""],"type":"text/javascript","id":"6c522629-e67d-46bb-a308-51edb4e3bc9e"}}],"id":"6d722d65-d72b-4856-a606-2dfc97fda0ab","protocolProfileBehavior":{"disableBodyPruning":true},"request":{"auth":{"type":"bearer","bearer":[{"key":"token","value":"{{BearerToken}}","type":"string"}]},"method":"PATCH","header":[{"key":"Content-Type","type":"text","value":"application/json"},{"key":"x-itau-apikey","type":"text","value":"{{x-itau-apikey}}"},{"key":"x-itau-appid","type":"text","value":"{{x-itau-appid}}"},{"key":"x-itau-flowID","type":"text","value":"{{x-itau-flowId}}"},{"key":"x-itau-correlationID","type":"text","value":"{{x-itau-correlationId}}"}],"body":{"mode":"raw","raw":"{\r\n    \"tipo_acesso\": 3,\r\n    \"tipo_documento\":\"id_chpras\",\r\n    \"documento\": \"7089601\",\r\n    \"codigo_produto\":\"GRE\",\r\n    \"codigo_subproduto\":\"243\",\r\n    \"data_hora\":\"10/27/2021 16:00:00.0000\",\r\n    \"codigo_retorno\":\"Q\",\r\n    \"tpempresa_orig_canal\":\"004\",\r\n    \"codbanco_orig_canal\":\"341\",\r\n    \"agencia_orig_canal\":\"1500\"\r\n}"},"url":{"raw":"{{HOST-GTW-INT}}/campanhas/v2/campanhas_relacionamento/GRE243","host":["{{HOST-GTW-INT}}"],"path":["campanhas","v2","campanhas_relacionamento","GRE243"]},"description":"O parametro de \"Codigo de retorno\" trabalha com duas literais\r\n   \r\n    Q - Clicado\r\n    A - Visto\r\n"},"response":[]}],"id":"bb52f3ee-4c04-4c0d-b4b6-13af21fbf271","event":[{"listen":"prerequest","script":{"type":"text/javascript","exec":[""],"id":"a4c19307-667f-42e1-bedc-3c93764975ef"}},{"listen":"test","script":{"type":"text/javascript","exec":[""],"id":"828b08bb-5aa5-472e-abb4-11c7502f7b2c"}}]}],"id":"f1ce57a0-ca5b-4579-b8a8-5050a61487d6"}],"event":[{"listen":"prerequest","script":{"type":"text/javascript","exec":[""],"id":"7edf0b1d-a2ab-420d-9662-ccbf0b196ff1"}},{"listen":"test","script":{"type":"text/javascript","exec":[""],"id":"b64f720c-5036-4dcc-b94c-bc1aa87c1a3b"}}]}