{"info":{"_postman_id":"3ab524a7-c32b-450b-b6e7-75b4192f4920","name":"HC8 - API front","schema":"https://schema.getpostman.com/json/collection/v2.1.0/collection.json"},"item":[{"name":"integracoes-retencao","item":[{"name":"ocupacoes","id":"46909b3f-8ac9-47bf-93b2-826b70242db4","protocolProfileBehavior":{"disableBodyPruning":true},"request":{"method":"GET","header":[],"url":{"raw":"https://{{url-api-front}}/api/v1/integracoes-retencao/ocupacoes","protocol":"https","host":["{{url-api-front}}"],"path":["api","v1","integracoes-retencao","ocupacoes"]}},"response":[]}],"id":"fc1e8daf-ec0b-4f6e-8bb2-5eb5429f03bf"},{"name":"v1","item":[{"name":"OK! validacoes (healt check)","id":"55801500-9336-429c-a004-4661def24a7e","protocolProfileBehavior":{"disableBodyPruning":true},"request":{"auth":{"type":"noauth"},"method":"GET","header":[{"key":"x-itau-apikey","value":"{{client_id}}","type":"text"},{"key":"x-itau-correlationID","value":"123","type":"text"},{"key":"x-apigw-api-id","value":"{{api-gateway-id}}","type":"text"},{"warning":"This is a duplicate header and will be overridden by the Authorization header generated by Postman.","key":"Authorization","value":"Bearer {{client_bearer}}","type":"text"}],"url":{"raw":"https://{{url-api-front}}/v1/validacoes","protocol":"https","host":["{{url-api-front}}"],"path":["v1","validacoes"]}},"response":[]}],"id":"dd2d71b5-881c-48bf-a18f-3b0aa2086f9b"},{"name":"LOGIN sts-int.mbi.cloud.ihf","event":[{"listen":"test","script":{"id":"f88be9a4-1684-4395-b424-f3ec69499e99","exec":["var jsonData = JSON.parse(responseBody);\r","\r","pm.environment.set(\"client_bearer\", jsonData.access_token);"],"type":"text/javascript"}}],"id":"f0f60692-4e14-43de-9c3b-93ce18abc677","protocolProfileBehavior":{"disableBodyPruning":true},"request":{"method":"POST","header":[{"key":"Content-Type","name":"Content-Type","type":"text","value":"application/x-www-form-urlencoded"},{"key":"Accept","type":"text","value":"application/json"}],"body":{"mode":"urlencoded","urlencoded":[{"key":"grant_type","value":"client_credentials","type":"text"},{"key":"client_id","value":"{{client_id}}","type":"text"},{"key":"client_secret","value":"{{client_secret}}","type":"text"}]},"url":{"raw":"https://{{url_sts}}/api/oauth/token","protocol":"https","host":["{{url_sts}}"],"path":["api","oauth","token"]},"description":"Chamada para STS\n"},"response":[]},{"name":"swagger","id":"76654505-6848-4eaf-ae63-a1cccb4a7ef2","protocolProfileBehavior":{"disableBodyPruning":true},"request":{"method":"GET","header":[],"url":{"raw":""}},"response":[]}]}