{"info":{"_postman_id":"3b4a28eb-33c1-4db7-a9be-fd20827e4fcd","name":"BRE-Cartoes","schema":"https://schema.getpostman.com/json/collection/v2.1.0/collection.json"},"item":[{"name":"aws (OAuth 2.0)","id":"f11d9a64-cbc4-4c3b-9666-0af0b54ac058","protocolProfileBehavior":{"disableBodyPruning":true},"request":{"auth":{"type":"noauth"},"method":"POST","header":[{"key":"Content-Type","type":"text","value":"application/json"},{"key":"Accept","type":"text","value":"application/json"},{"key":"x-itau-apikey","type":"text","value":"{{client_id_bre}}"},{"key":"x-itau-flowID","type":"text","value":"0"},{"key":"x-itau-correlationID","type":"text","value":"1"},{"key":"Authorization","type":"text","value":"Bearer {{client_bearer_bre}}"}],"body":{"mode":"raw","raw":"{\n    \"entrada\": {\n        \"ura\": {\n            \"ip\": \"\",\n            \"porta\": \"\"\n        },\n        \"cartao\": {\n            \"chpras\": \"\",\n            \"cartaoAtual\": \"\",\n            \"cartaoAnterior\": \"\"\n        }\n        ,\n        \"filtro\": {\n    \"OPCAO_DINERS\": \"\",\n    \"AUMENTAOPTOUT\": \"\",\n    \"FLG_COMPULS\": \"\",\n    \"ROTATIVO_MUM\": \"\",\n    \"ROTATIVO_MDOIS\": \"\",\n    \"ROTATIVO_MTRES\": \"\",\n    \"VALOR_REF\": \"\",\n    \"PERCMIN_SALDO_FAT\": \"\",\n    \"QTD_PARC_ATIVO\": \"\",\n    \"QTD_DIAS_ATRASO\": \"\",\n    \"CARTAO_MOBILE_ATIVADO\": \"\",\n    \"IND_CEDIDO\": \"\",\n    \"ADMIN\": \"\",\n    \"BASE\": \"\",\n    \"DN_PRODUTO\": \"\",\n    \"PORTFOLIO\": \"\",\n    \"TIPO_PORTADOR\": \"\",\n    \"SEGMENTO\": \"\",\n    \"STATUS_CONTA\": \"\",\n    \"IDADE_CONTA\": \"\",\n    \"CORTE\": \"\",\n    \"SALDO\": \"\",\n    \"DATA_VENCTO\": \"\",\n    \"COD_CICLO\": \"\",\n    \"CEP\": \"\",\n    \"RENTAVEL\": \"\",\n    \"LIMITE_CARTAO\": \"\",\n    \"ADICIONAIS\": \"\",\n    \"VIRTUAIS\": \"\",\n    \"TIPO_INCENT\": \"\",\n    \"FIN_COBR\": \"\",\n    \"CRED_PESSOAL\": \"\",\n    \"STAT_SEGURO\": \"\",\n    \"CLUSTER_AUT\": \"\",\n    \"VIP\": \"\",\n    \"IND_DIRETOR\": \"\",\n    \"CPF\": \"\",\n    \"VARIANTE\": \"\",\n    \"LEVERAGE\": \"\",\n    \"CHPRAS\": \"\",\n    \"MSG_PROMO\": \"\",\n    \"ATRASO\": \"\",\n    \"DIA_VENCTO\": \"\",\n    \"MOTIVO_BP\": \"\",\n    \"IND_PROTOT\": \"\",\n    \"IND_FERIADO\": \"\",\n    \"DIA_SEMANA\": \"\",\n    \"LIMITE_CONTA\": \"\",\n    \"CDN\": \"\",\n    \"DDD_ANI\": \"\",\n    \"TEL_ANI\": \"\",\n    \"ANI_ULTIMO\": \"\",\n    \"CHPRAS_ULT\": \"\",\n    \"CARTAO_ULT\": \"\",\n    \"IND_CAPIT\": \"\",\n    \"IND_COMPRA\": \"\",\n    \"IND_NEGADA\": \"\",\n    \"LIMITE_DISP\": \"\",\n    \"SALDO_INCENT\": \"\",\n    \"IND_EMPR_PESS\": \"\",\n    \"IND_ASSIST\": \"\",\n    \"IND_SEG_CONTA\": \"\",\n    \"IND_SEG_CARTAO\": \"\",\n    \"IND_ANUIDADE\": \"\",\n    \"DT_RENOV\": \"\",\n    \"IND_INTERNAC\": \"\",\n    \"ANI_OK\": \"\",\n    \"ORIGEM\": \"\",\n    \"TALKER\": \"\",\n    \"CLIENTE_IDENTIFICADO\": \"\",\n    \"ELEG_PROG_INCENT\": \"\",\n    \"ADIC_BLOQ\": \"\",\n    \"ELEG_PAG_CON\": \"\",\n    \"POSSUI_PROG_INCENT\": \"\",\n    \"AGENTES_DISP\": \"\",\n    \"CONNID\": \"\",\n    \"POSSUI_REFIN\": \"\",\n    \"UF\": \"\",\n    \"CHIP\": \"\",\n    \"BANDEIRA\": \"\",\n    \"DT_ATUAL_ENDER\": \"\",\n    \"ARVORE\": \"\",\n    \"CONFPOS_SENHA_CODSEG\": \"\",\n    \"CARTAO_NREC\": \"\",\n    \"PZ_DECORRIDO_ALT_ENDER\": \"\",\n    \"CARD_ACTION\": \"\",\n    \"BLCD_CARTAO\": \"\",\n    \"CALLBACK\": \"\",\n    \"RETORNO\": \"\",\n    \"CONPO\": \"\",\n    \"MOTIVO_EMISSAO\": \"\",\n    \"IND_SORTEIO\": \"\",\n    \"CAMPANHA\": \"\",\n    \"IND_SEGURO\": \"\",\n    \"MSG_ANUIDADE\": \"\",\n    \"BLOQUEADO\": \"\",\n    \"IND_EMPRESTIMO\": \"\",\n    \"PPAGO\": \"\",\n    \"ECORRENT\": \"\",\n    \"CTAMULTIPL\": \"\",\n    \"HEDGECAMBIAL\": \"\",\n    \"IDENTCPF\": \"\",\n    \"CONTDEVO\": \"\",\n    \"BLIND\": \"\",\n    \"NAVEGLARANJA\": \"\",\n    \"QTDCARTCPF\": \"\"\n  },\n  \"historico\": {\n    \"diaUltimoAcesso\": \"2021-03-30\"\n    \n  },\n  \"warning\": {\n    \"campanha\": \"\"\n  }\n    }\n}"},"url":{"raw":"https://{{url_bre}}/DecisionService/rest/bre_parametrizadorcartoes/1.0/Saida_Cartoes","protocol":"https","host":["{{url_bre}}"],"path":["DecisionService","rest","bre_parametrizadorcartoes","1.0","Saida_Cartoes"]}},"response":[]}]}