{"info":{"_postman_id":"4669e0a5-7f6b-4de9-b607-d950ff499532","name":"BFF - WhatsAppOptin","schema":"https://schema.getpostman.com/json/collection/v2.1.0/collection.json"},"item":[{"name":"Valida status da BFF","event":[{"listen":"prerequest","script":{"exec":["var sts = pm.environment.get(\"oauth\");\r","var clientID = pm.environment.get(\"client_id\");\r","var clientSecret = pm.environment.get(\"client_secret\");\r","var tokenExpiration = pm.environment.get(\"token-expire\");\r","var timeNow = Date.now();\r","tokenExpiration = tokenExpiration ? tokenExpiration : timeNow - 1;\r","\r","if (tokenExpiration < timeNow) {\r","    console.log(\"requesting token\")\r","    pm.sendRequest({\r","        url: sts,\r","        method: 'POST',\r","        header: {\r","            'Content-Type': 'application/x-www-form-urlencoded',\r","            'Accept': 'application/json'\r","        },\r","        body: {\r","            mode: 'urlencoded',\r","            urlencoded: [\r","                { key: \"grant_type\", value: \"client_credentials\", disabled: false },\r","                { key: \"client_id\", value: clientID, disabled: false },\r","                { key: \"client_secret\", value: clientSecret, disabled: false },\r","            ]\r","        }\r","    }, function (err, response) {\r","        pm.environment.set(\"access_token\", response.json().access_token);\r","        pm.environment.set(\"token-expire\", timeNow + 300000);\r","    });\r","} else {\r","    console.log(\"cached token\");\r","}"],"type":"text/javascript","id":"ba1446c8-ad4e-4ef2-bff6-bbbdb582ea8f"}}],"id":"b6e24cf8-63e8-493c-ba47-b6b946e3b681","protocolProfileBehavior":{"disableBodyPruning":true},"request":{"method":"GET","header":[{"key":"x-apigw-api-id","value":"{{idGateway}}","type":"text","disabled":true},{"key":"x-itau-correlationID","value":"{{$guid}}","type":"text"},{"key":"x-origin-cf-apigw","value":"{{IdOrigin-cf-apigw}}","type":"text"},{"key":"x-itau-apikey","value":"{{client_id}}","type":"text"},{"key":"Authorization","value":"Bearer {{access_token}}","type":"text"}],"url":{"raw":"https://relacionamentos-30-horas-api.hom.cloud.itau.com.br/v1/whatsapp/health","protocol":"https","host":["relacionamentos-30-horas-api","hom","cloud","itau","com","br"],"path":["v1","whatsapp","health"]}},"response":[]},{"name":"Consulta telefones do Cliente","event":[{"listen":"prerequest","script":{"exec":["var sts = pm.environment.get(\"oauth\");\r","var clientID = pm.environment.get(\"client_id\");\r","var clientSecret = pm.environment.get(\"client_secret\");\r","var tokenExpiration = pm.environment.get(\"token-expire\");\r","var timeNow = Date.now();\r","tokenExpiration = tokenExpiration ? tokenExpiration : timeNow - 1;\r","\r","if (tokenExpiration < timeNow) {\r","    console.log(\"requesting token\")\r","    pm.sendRequest({\r","        url: sts,\r","        method: 'POST',\r","        header: {\r","            'Content-Type': 'application/x-www-form-urlencoded',\r","            'Accept': 'application/json'\r","        },\r","        body: {\r","            mode: 'urlencoded',\r","            urlencoded: [\r","                { key: \"grant_type\", value: \"client_credentials\", disabled: false },\r","                { key: \"client_id\", value: clientID, disabled: false },\r","                { key: \"client_secret\", value: clientSecret, disabled: false },\r","            ]\r","        }\r","    }, function (err, response) {\r","        pm.environment.set(\"access_token\", response.json().access_token);\r","        pm.environment.set(\"token-expire\", timeNow);\r","    });\r","} else {\r","    console.log(\"cached token\");\r","}"],"type":"text/javascript","id":"1e29f3f1-fa96-4810-92c2-e0f4a9e9462a"}}],"id":"e1f747ca-642a-4cd2-b378-51d5487f9a9a","protocolProfileBehavior":{"disableBodyPruning":true},"request":{"method":"GET","header":[{"key":"x-apigw-api-id","value":"{{idGateway}}","type":"text","disabled":true},{"key":"x-itau-correlationID","value":"{{$guid}}","type":"text"},{"key":"x-origin-cf-apigw","value":"{{IdOrigin-cf-apigw}}","type":"text"},{"key":"x-itau-apikey","value":"{{client_id}}","type":"text"},{"key":"Authorization","value":"Bearer {{access_token}}","type":"text"}],"url":{"raw":"https://relacionamentos-30-horas-api.hom.cloud.itau.com.br/v1/whatsapp/telefones?id_cliente=001CC 004341$150000052012$000001","protocol":"https","host":["relacionamentos-30-horas-api","hom","cloud","itau","com","br"],"path":["v1","whatsapp","telefones"],"query":[{"key":"id_cliente","value":"001CC 004341$150000052012$000001"}]}},"response":[]},{"name":"Consulta se há Optin Cadastrado","event":[{"listen":"prerequest","script":{"exec":["var sts = pm.environment.get(\"oauth\");\r","var clientID = pm.environment.get(\"client_id\");\r","var clientSecret = pm.environment.get(\"client_secret\");\r","var tokenExpiration = pm.environment.get(\"token-expire\");\r","var timeNow = Date.now();\r","tokenExpiration = tokenExpiration ? tokenExpiration : timeNow - 1;\r","\r","if (true) {\r","    console.log(\"requesting token\")\r","    pm.sendRequest({\r","        url: sts,\r","        method: 'POST',\r","        header: {\r","            'Content-Type': 'application/x-www-form-urlencoded',\r","            'Accept': 'application/json'\r","        },\r","        body: {\r","            mode: 'urlencoded',\r","            urlencoded: [\r","                { key: \"grant_type\", value: \"client_credentials\", disabled: false },\r","                { key: \"client_id\", value: clientID, disabled: false },\r","                { key: \"client_secret\", value: clientSecret, disabled: false },\r","            ]\r","        }\r","    }, function (err, response) {\r","        pm.environment.set(\"access_token\", response.json().access_token);\r","        pm.environment.set(\"token-expire\", timeNow + 300000);\r","    });\r","} else {\r","    console.log(\"cached token\");\r","}"],"type":"text/javascript","id":"a5a3f4ff-0938-4a6c-989d-e5553a4edbd6"}}],"id":"84247aa7-e3c1-4778-9a0a-0d3dac62abac","protocolProfileBehavior":{"disableBodyPruning":true},"request":{"method":"GET","header":[{"key":"x-apigw-api-id","value":"{{idGateway}}","type":"text","disabled":true},{"key":"x-itau-correlationID","value":"{{$guid}}","type":"text"},{"key":"x-origin-cf-apigw","value":"{{IdOrigin-cf-apigw}}","type":"text"},{"key":"x-itau-apikey","value":"{{client_id}}","type":"text"},{"key":"Authorization","value":"Bearer {{access_token}}","type":"text"}],"url":{"raw":"https://relacionamentos-30-horas-api.hom.cloud.itau.com.br/v1/whatsapp/optins?cpf=05201005225&numeroTelefone=5511988620000","protocol":"https","host":["relacionamentos-30-horas-api","hom","cloud","itau","com","br"],"path":["v1","whatsapp","optins"],"query":[{"key":"cpf","value":"05201005225"},{"key":"numeroTelefone","value":"5511988620000"}]}},"response":[]},{"name":"Cadastra Optin","event":[{"listen":"prerequest","script":{"exec":["var sts = pm.environment.get(\"oauth\");\r","var clientID = pm.environment.get(\"client_id\");\r","var clientSecret = pm.environment.get(\"client_secret\");\r","var tokenExpiration = pm.environment.get(\"token-expire\");\r","var timeNow = Date.now();\r","tokenExpiration = tokenExpiration ? tokenExpiration : timeNow - 1;\r","\r","if (tokenExpiration < timeNow) {\r","    console.log(\"requesting token\")\r","    pm.sendRequest({\r","        url: sts,\r","        method: 'POST',\r","        header: {\r","            'Content-Type': 'application/x-www-form-urlencoded',\r","            'Accept': 'application/json'\r","        },\r","        body: {\r","            mode: 'urlencoded',\r","            urlencoded: [\r","                { key: \"grant_type\", value: \"client_credentials\", disabled: false },\r","                { key: \"client_id\", value: clientID, disabled: false },\r","                { key: \"client_secret\", value: clientSecret, disabled: false },\r","            ]\r","        }\r","    }, function (err, response) {\r","        pm.environment.set(\"access_token\", response.json().access_token);\r","        pm.environment.set(\"token-expire\", timeNow + 300000);\r","    });\r","} else {\r","    console.log(\"cached token\");\r","}"],"type":"text/javascript","id":"0295ce2a-24a4-4dc3-8eb7-ce0b106e0a27"}}],"id":"8fdfe4f9-379c-4f9e-8657-6eb225898bb6","protocolProfileBehavior":{"disableBodyPruning":true},"request":{"method":"POST","header":[{"key":"x-apigw-api-id","value":"{{idGateway}}","type":"text","disabled":true},{"key":"x-itau-correlationID","value":"{{$guid}}","type":"text"},{"key":"x-origin-cf-apigw","value":"{{IdOrigin-cf-apigw}}","type":"text"},{"key":"x-itau-apikey","value":"{{client_id}}","type":"text"},{"key":"Authorization","value":"Bearer {{access_token}}","type":"text"}],"body":{"mode":"raw","raw":"{\r\n    \"cpf\": \"88280924086\",\r\n    \"telefone\": \"551199999999\"\r\n}","options":{"raw":{"language":"json"}}},"url":{"raw":"https://relacionamentos-30-horas-api.hom.cloud.itau.com.br/v1/whatsapp/optins","protocol":"https","host":["relacionamentos-30-horas-api","hom","cloud","itau","com","br"],"path":["v1","whatsapp","optins"]}},"response":[]},{"name":"Exclui Optin","event":[{"listen":"prerequest","script":{"exec":["var sts = pm.environment.get(\"oauth\");\r","var clientID = pm.environment.get(\"client_id\");\r","var clientSecret = pm.environment.get(\"client_secret\");\r","var tokenExpiration = pm.environment.get(\"token-expire\");\r","var timeNow = Date.now();\r","tokenExpiration = tokenExpiration ? tokenExpiration : timeNow - 1;\r","\r","if (tokenExpiration < timeNow) {\r","    console.log(\"requesting token\")\r","    pm.sendRequest({\r","        url: sts,\r","        method: 'POST',\r","        header: {\r","            'Content-Type': 'application/x-www-form-urlencoded',\r","            'Accept': 'application/json'\r","        },\r","        body: {\r","            mode: 'urlencoded',\r","            urlencoded: [\r","                { key: \"grant_type\", value: \"client_credentials\", disabled: false },\r","                { key: \"client_id\", value: clientID, disabled: false },\r","                { key: \"client_secret\", value: clientSecret, disabled: false },\r","            ]\r","        }\r","    }, function (err, response) {\r","        pm.environment.set(\"access_token\", response.json().access_token);\r","        pm.environment.set(\"token-expire\", timeNow + 300000);\r","    });\r","} else {\r","    console.log(\"cached token\");\r","}"],"type":"text/javascript","id":"d9b7123a-5940-4110-afb4-4afca511f9c0"}}],"id":"4d861448-41c9-47c7-8640-2dfda5668792","protocolProfileBehavior":{"disableBodyPruning":true},"request":{"method":"DELETE","header":[{"key":"x-apigw-api-id","value":"{{idGateway}}","type":"text","disabled":true},{"key":"x-itau-correlationID","value":"{{$guid}}","type":"text"},{"key":"x-origin-cf-apigw","value":"{{IdOrigin-cf-apigw}}","type":"text"},{"key":"x-itau-apikey","value":"{{client_id}}","type":"text"},{"key":"Authorization","value":"Bearer {{access_token}}","type":"text"}],"url":{"raw":"https://relacionamentos-30-horas-api.hom.cloud.itau.com.br/v1/whatsapp/optins?cpf=88280924086&numeroTelefone=551199999999","protocol":"https","host":["relacionamentos-30-horas-api","hom","cloud","itau","com","br"],"path":["v1","whatsapp","optins"],"query":[{"key":"cpf","value":"88280924086"},{"key":"numeroTelefone","value":"551199999999"}]}},"response":[]}]}