{"info":{"_postman_id":"4b4ca578-0b46-4072-9f1b-cce1b0abc183","name":"HC8 login sts","description":"Realiza o login no STS, do client_id utilizado no HC8","schema":"https://schema.getpostman.com/json/collection/v2.1.0/collection.json"},"item":[{"name":"HC8 LOGIN","event":[{"listen":"test","script":{"exec":["var jsonData = JSON.parse(responseBody);\r","\r","\r","pm.test(\"Status code is 200\", function () {\r","    pm.response.to.have.status(200);});\r","\r","pm.environment.set(\"client_bearer\", jsonData.access_token);"],"type":"text/javascript","id":"146831c5-1357-465a-8f74-8e81fad73d1c"}},{"listen":"prerequest","script":{"exec":[""],"type":"text/javascript","id":"41735721-2062-455e-b655-504c91618a3d"}}],"id":"c114b9ad-8a4b-4282-a9c0-8fed2221b883","protocolProfileBehavior":{"disableBodyPruning":true},"request":{"method":"POST","header":[{"key":"Content-Type","name":"Content-Type","type":"text","value":"application/x-www-form-urlencoded"},{"key":"Accept","type":"text","value":"application/json"}],"body":{"mode":"urlencoded","urlencoded":[{"key":"grant_type","value":"client_credentials","type":"text"},{"key":"client_id","value":"{{client_id}}","type":"text"},{"key":"client_secret","value":"{{client_secret}}","type":"text"}]},"url":{"raw":"https://{{url_sts}}/api/oauth/token","protocol":"https","host":["{{url_sts}}"],"path":["api","oauth","token"]},"description":"Chamada para STS\n"},"response":[]},{"name":"HC8 LOGIN HC8-P (API frontend)","event":[{"listen":"test","script":{"exec":["var jsonData = JSON.parse(responseBody);\r","\r","\r","pm.test(\"Status code is 200\", function () {\r","    pm.response.to.have.status(200);});\r","\r","pm.environment.set(\"client_bearer\", jsonData.access_token);"],"type":"text/javascript","id":"4b0a97fb-aacb-4ab9-9b05-8f2e521dd105"}},{"listen":"prerequest","script":{"exec":[""],"type":"text/javascript","id":"999c5a8e-aecb-45e8-a400-0793bc9c2d3c"}}],"id":"d7328627-4058-4766-bd81-cecd5e85cefa","protocolProfileBehavior":{"disableBodyPruning":true},"request":{"method":"POST","header":[{"key":"Content-Type","name":"Content-Type","type":"text","value":"application/x-www-form-urlencoded"},{"key":"Accept","type":"text","value":"application/json"}],"body":{"mode":"urlencoded","urlencoded":[{"key":"grant_type","value":"client_credentials","type":"text"},{"key":"client_id","value":"{{HC8-P.client_id}}","type":"text"},{"key":"client_secret","value":"{{HC8-P.client_secret}}","type":"text"}]},"url":{"raw":"https://{{url_sts}}/api/oauth/token","protocol":"https","host":["{{url_sts}}"],"path":["api","oauth","token"]},"description":"Chamada para STS\n"},"response":[]},{"name":"FU5 Login","event":[{"listen":"test","script":{"exec":["var jsonData = JSON.parse(responseBody);\r","\r","\r","pm.test(\"Status code is 200\", function () {\r","    pm.response.to.have.status(200);});\r","\r","pm.environment.set(\"fu5_client_bearer\", jsonData.access_token);"],"type":"text/javascript","id":"9736a50d-ad52-40e7-93c2-4256bc379bf5"}},{"listen":"prerequest","script":{"exec":[""],"type":"text/javascript","id":"d9b23ee1-4f3a-4b5e-a46a-31af7d4ccc20"}}],"id":"a28e00f3-041a-4f73-92b4-3ff824319768","protocolProfileBehavior":{"disableBodyPruning":true},"request":{"method":"POST","header":[{"key":"Content-Type","name":"Content-Type","type":"text","value":"application/x-www-form-urlencoded"},{"key":"Accept","type":"text","value":"application/json"}],"body":{"mode":"urlencoded","urlencoded":[{"key":"grant_type","value":"client_credentials","type":"text"},{"key":"client_id","value":"{{fu5_client_id}}","type":"text"},{"key":"client_secret","value":"{{fu5_client_secret}}","type":"text"}]},"url":{"raw":"https://{{url_sts}}/api/oauth/token","protocol":"https","host":["{{url_sts}}"],"path":["api","oauth","token"]},"description":"Chamada para STS\n"},"response":[]},{"name":"LOGIN BRE","event":[{"listen":"test","script":{"exec":["var jsonData = JSON.parse(responseBody);\r","\r","\r","pm.test(\"Status code is 200\", function () {\r","    pm.response.to.have.status(200);});\r","\r","pm.environment.set(\"client_bearer_bre\", jsonData.access_token);"],"type":"text/javascript","id":"9712acfb-5e93-47b2-8387-64fd0d117d92"}},{"listen":"prerequest","script":{"exec":[""],"type":"text/javascript","id":"05f7806d-e493-4804-a079-c84562a3c57f"}}],"id":"de4179c0-6e5d-4105-bda7-ac5193d9b784","protocolProfileBehavior":{"disableBodyPruning":true},"request":{"method":"POST","header":[{"key":"Content-Type","name":"Content-Type","type":"text","value":"application/x-www-form-urlencoded"},{"key":"Accept","type":"text","value":"application/json"}],"body":{"mode":"urlencoded","urlencoded":[{"key":"grant_type","value":"client_credentials","type":"text"},{"key":"client_id","value":"{{client_id_bre}}","type":"text"},{"key":"client_secret","value":"{{client_secret_bre}}","type":"text"}]},"url":{"raw":"https://{{url_sts}}/api/oauth/token","protocol":"https","host":["{{url_sts}}"],"path":["api","oauth","token"]},"description":"Chamada para STS\n"},"response":[]},{"name":"LOGIN BRE (RSA)","event":[{"listen":"test","script":{"exec":["var jsonData = JSON.parse(responseBody);\r","\r","\r","pm.test(\"Status code is 200\", function () {\r","    pm.response.to.have.status(200);});\r","\r","pm.environment.set(\"hc8_bearer_bre_rsa\", jsonData.access_token);"],"type":"text/javascript","id":"f59f7417-cff8-4baa-888d-f287a9e7a788"}},{"listen":"prerequest","script":{"exec":[""],"type":"text/javascript","id":"d3838070-ff7c-4562-893d-b5bd80187667"}}],"id":"ba3aa141-cf33-409f-b2c5-62ea1ea7c409","protocolProfileBehavior":{"disableBodyPruning":true},"request":{"method":"POST","header":[{"key":"Content-Type","name":"Content-Type","type":"text","value":"application/x-www-form-urlencoded"},{"key":"Accept","type":"text","value":"application/json"}],"body":{"mode":"urlencoded","urlencoded":[{"key":"grant_type","value":"client_credentials","type":"text"},{"key":"client_id","value":"{{hc8_client_id_bre_rsa}}","type":"text"},{"key":"client_secret","value":"{{hc8_client_secret_bre_rsa}}","type":"text"}]},"url":{"raw":"https://{{url_sts}}/api/oauth/token","protocol":"https","host":["{{url_sts}}"],"path":["api","oauth","token"]},"description":"Chamada para STS\n"},"response":[]},{"name":"TOKEN INFO","event":[{"listen":"test","script":{"exec":["var json = JSON.parse(responseBody);\r","\r","pm.test(\"expires_in = 300\", function () {\r","    pm.expect(json.expires_in).not.to.eql(0);\r","});"],"type":"text/javascript","id":"4b0f5944-f282-4bd2-b2af-25062c30a364"}}],"id":"e9af6cc1-91dc-42cc-ad34-36bd05b1f67a","protocolProfileBehavior":{"disableBodyPruning":true},"request":{"method":"GET","header":[{"key":"Content-Type","name":"Content-Type","type":"text","value":"application/x-www-form-urlencoded"}],"body":{"mode":"urlencoded","urlencoded":[{"key":"access_token","value":"{{client_bearer}}","type":"text"}]},"url":{"raw":"https://{{url_sts}}/api/oauth/tokeninfo","protocol":"https","host":["{{url_sts}}"],"path":["api","oauth","tokeninfo"]}},"response":[]}]}