{"info":{"_postman_id":"4d08d737-6b4c-4327-acca-bd7e503a948d","name":"API - HI - Orquestração","schema":"https://schema.getpostman.com/json/collection/v2.1.0/collection.json"},"item":[{"name":"DEBUG - Localhost CCred","id":"1f7c2973-1201-4a88-b57b-1baffa8f298f","protocolProfileBehavior":{"disableBodyPruning":true},"request":{"method":"GET","header":[{"key":"Content-Type","name":"Content-Type","type":"text","value":"application/x-www-form-urlencoded"},{"key":"Authorization","type":"text","value":"Bearer {{token}}"},{"key":"x-itau-apikey","type":"text","value":"9f44db50-b8f9-444b-ba9a-5428821e2575"},{"key":"x-itau-flowID","type":"text","value":"0"},{"key":"x-itau-correlationID","type":"text","value":"1"},{"key":"x-itau-appid","value":"1c703637-1d33-400f-8030-2eed0c9f95d6","type":"text"}],"body":{"mode":"urlencoded","urlencoded":[]},"url":{"raw":"https://api-itau-hi-warnings-orq-itau-hi-warning-orq.apps.ocp2.ctsp.des.cloud.ihf/campanhas/v2/campanhas_relacionamento?tipo_acesso=3&tipo_documento=id_chpras&documento=0123456789123456","protocol":"https","host":["api-itau-hi-warnings-orq-itau-hi-warning-orq","apps","ocp2","ctsp","des","cloud","ihf"],"path":["campanhas","v2","campanhas_relacionamento"],"query":[{"key":"tipo_acesso","value":"3"},{"key":"tipo_documento","value":"id_chpras"},{"key":"documento","value":"0123456789123456"}]}},"response":[]},{"name":"DEBUG - Localhost - ORQ - Cartonista","id":"85811698-9174-4b6f-8ca8-915b090f4d52","protocolProfileBehavior":{"disableBodyPruning":true},"request":{"method":"PATCH","header":[{"key":"Content-Type","name":"Content-Type","type":"text","value":"application/json"},{"key":"Authorization","type":"text","value":"Bearer {{token}}"},{"key":"x-itau-apikey","type":"text","value":"9f44db50-b8f9-444b-ba9a-5428821e2575"},{"key":"x-itau-flowID","type":"text","value":"0"},{"key":"x-itau-correlationID","type":"text","value":"1"},{"key":"x-itau-appid","value":"1c703637-1d33-400f-8030-2eed0c9f95d6","type":"text"}],"body":{"mode":"raw","raw":"{\r\n    \"tipo_acesso\":3,\r\n    \"tipo_documento\":\"id_chpras\",\r\n    \"documento\":\"12345678945\",\r\n    \"codigo_produto\":\"SYF\",\r\n    \"codigo_subproduto\":\"002\",\r\n    \"data_hora\":\"2019-07-11 16:32:00\",\r\n    \"codigo_retorno\":\"Q\",\r\n    \"tpempresa_orig_canal\":\"004\",\r\n    \"codbanco_orig_canal\":\"341\",\r\n    \"agencia_orig_canal\":\"0933\"\r\n}"},"url":{"raw":"https://api-itau-hi-warnings-orq-itau-hi-warning-orq.apps.ocp2.ctsp.des.cloud.ihf/campanhas/v2/campanhas_relacionamento/SYF002","protocol":"https","host":["api-itau-hi-warnings-orq-itau-hi-warning-orq","apps","ocp2","ctsp","des","cloud","ihf"],"path":["campanhas","v2","campanhas_relacionamento","SYF002"]}},"response":[]},{"name":"STS - Token - DES","event":[{"listen":"test","script":{"id":"9ba1b662-5a5c-479d-9708-b6d00b782548","exec":["var jsonData = JSON.parse(responseBody);\r","postman.setEnvironmentVariable(\"token\", jsonData.access_token);\r","pm.test(\"response is ok\", function () {\r","    pm.response.to.have.status(200);\r","});"],"type":"text/javascript"}}],"id":"95ae2457-5a3b-4d3d-8a61-bb45e67ba070","protocolProfileBehavior":{"disableBodyPruning":true},"request":{"method":"POST","header":[{"key":"Content-Type","value":"application/x-www-form-urlencoded","disabled":true},{"key":"x-itau-flowID","value":"0","disabled":true},{"key":"x-itau-correlationID","value":"1","disabled":true}],"body":{"mode":"urlencoded","urlencoded":[{"key":"grant_type","value":"client_credentials","type":"text"},{"key":"client_id","value":"c47ec18f-168d-4a27-b220-63b5e5e77c25","type":"text"},{"key":"client_secret","value":"942a4dcb-b703-4057-bedb-922ed74f4829","type":"text"}]},"url":{"raw":"https://hom-sts-int.mbi.cloud.ihf/api/oauth/token","protocol":"https","host":["hom-sts-int","mbi","cloud","ihf"],"path":["api","oauth","token"]}},"response":[]}]}