{"info":{"_postman_id":"4fecf15e-ffae-4d89-a97c-2a5102afed24","name":"BP4 Autenticação","schema":"https://schema.getpostman.com/json/collection/v2.1.0/collection.json"},"item":[{"name":"STS DES","event":[{"listen":"test","script":{"id":"42e6fd05-3c32-46f0-b34f-c18ec9922a99","exec":["var data = pm.response.json();\r","pm.environment.set(\"bearer_token\",data.access_token);"],"type":"text/javascript"}}],"id":"95435ee7-6c66-4491-bd0a-96192cf138c5","protocolProfileBehavior":{"disableBodyPruning":true},"request":{"method":"POST","header":[{"key":"Content-Type","value":"application/x-www-form-urlencoded"},{"key":"x-itau-flowID","value":"1234"},{"key":"x-itau-correlationID","value":"5678"}],"body":{"mode":"urlencoded","urlencoded":[{"key":"grant_type","value":"client_credentials","type":"text"},{"key":"client_id","value":"04a32ce9-9c50-439a-af56-9b7e80708843","type":"text","disabled":true},{"key":"client_secret","value":"ab92e05e-42e3-402c-b6a0-c0b3c542c8f9","type":"text","disabled":true},{"key":"client_id","value":"af1b959e-2f17-4aa5-b958-f71d11d0c116","type":"text"},{"key":"client_secret","value":"34f5e87a-36be-4ca4-8825-9421048ee338","type":"text"}]},"url":{"raw":"https://des-sts-int.mbi.cloud.ihf/api/oauth/token","protocol":"https","host":["des-sts-int","mbi","cloud","ihf"],"path":["api","oauth","token"]}},"response":[]},{"name":"STS HOMOLOG","event":[{"listen":"test","script":{"id":"4b8b919a-e6fc-4ae0-9615-e89b6c6e6cef","exec":["var data = pm.response.json();\r","pm.environment.set(\"bearer_token\",data.access_token);"],"type":"text/javascript"}}],"id":"833f925b-2da3-47b7-943b-97670d741d24","protocolProfileBehavior":{"disableBodyPruning":true},"request":{"method":"POST","header":[{"key":"Content-Type","value":"application/x-www-form-urlencoded"},{"key":"x-itau-flowID","value":"1234"},{"key":"x-itau-correlationID","value":"5678"}],"body":{"mode":"urlencoded","urlencoded":[{"key":"grant_type","value":"client_credentials","type":"text"},{"key":"client_id","value":"f601af2d-2818-42e3-bdd6-c02910bcac74","type":"text"},{"key":"client_secret","value":"285ecf81-3115-47ee-9a93-b6ffb12bb5fe","type":"text"}]},"url":{"raw":"https://hom-sts-int.mbi.cloud.ihf/api/oauth/token","protocol":"https","host":["hom-sts-int","mbi","cloud","ihf"],"path":["api","oauth","token"]}},"response":[]},{"name":"STS PROD Interno","event":[{"listen":"test","script":{"id":"92261b71-cda3-4e0b-8720-1d5f4152975b","exec":["var data = pm.response.json();\r","pm.environment.set(\"bearer_token\",data.access_token);"],"type":"text/javascript"}}],"id":"1977f814-1ee6-4934-9944-5a5b558df522","protocolProfileBehavior":{"disableBodyPruning":true},"request":{"method":"POST","header":[{"key":"Content-Type","value":"application/x-www-form-urlencoded"},{"key":"x-itau-flowID","value":"1234"},{"key":"x-itau-correlationID","value":"5678"}],"body":{"mode":"urlencoded","urlencoded":[{"key":"grant_type","value":"client_credentials","type":"text"},{"key":"client_id","value":"77cd9b29-5683-4b15-99ba-cba98179a27f","type":"text"},{"key":"client_secret","value":"ed52ba25-4800-477c-8523-3b94ee918a92","type":"text"}]},"url":{"raw":"https://sts-m1.mbi.cloud.ihf/api/oauth/token","protocol":"https","host":["sts-m1","mbi","cloud","ihf"],"path":["api","oauth","token"]}},"response":[]},{"name":"https://sts-ext-m1.mbi.cloud.ihf","id":"0cd2c4c6-3e70-4283-9023-6a0b6018194a","protocolProfileBehavior":{"disableBodyPruning":true},"request":{"method":"POST","header":[{"key":"Content-Type","value":"application/x-www-form-urlencoded"},{"key":"x-itau-flowID","value":"1234"},{"key":"x-itau-correlationID","value":"5678"}],"body":{"mode":"urlencoded","urlencoded":[{"key":"grant_type","value":"client_credentials","type":"text"},{"key":"client_id","value":"77cd9b29-5683-4b15-99ba-cba98179a27f","type":"text"},{"key":"client_secret","value":"ed52ba25-4800-477c-8523-3b94ee918a92","type":"text"}]},"url":{"raw":"https://sts-ext-m1.mbi.cloud.ihf/api/oauth/token","protocol":"https","host":["sts-ext-m1","mbi","cloud","ihf"],"path":["api","oauth","token"]}},"response":[]}]}