{"info":{"_postman_id":"5b25d70b-658c-4207-8953-e2e53d6d5d3c","name":"BRE-Retencao","schema":"https://schema.getpostman.com/json/collection/v2.1.0/collection.json"},"item":[{"name":"Listar Ocupações","event":[{"listen":"prerequest","script":{"id":"9602e048-4140-493a-b08c-a32f5b7553b7","exec":[""],"type":"text/javascript"}}],"id":"0222ab81-0022-4028-a25c-4117c2ead50e","protocolProfileBehavior":{"disableBodyPruning":true},"request":{"auth":{"type":"noauth"},"method":"POST","header":[{"key":"Content-Type","name":"Content-Type","type":"text","value":"application/json"},{"key":"Accept","type":"text","value":"application/json"},{"key":"Authorization","value":"Bearer {{client_bearer_bre}}","type":"text"}],"body":{"mode":"raw","raw":"{\r\n   \"Entrada\": {\r\n        \"Passo\": \"1\",\r\n        \"Ocupacao\": \"\",\r\n        \"Retencao\": \"\"\r\n    }\r\n}"},"url":{"raw":"https://{{url_bre}}/DecisionService/rest/bre_parametrizadoreletronico/1.0/decisao","protocol":"https","host":["{{url_bre}}"],"path":["DecisionService","rest","bre_parametrizadoreletronico","1.0","decisao"]}},"response":[]},{"name":"Listar Motivos","event":[{"listen":"prerequest","script":{"id":"a3148060-018d-4abc-afcd-a3df57931501","exec":[""],"type":"text/javascript"}}],"id":"f1a9e154-1b33-4e51-a023-8ff883784b29","protocolProfileBehavior":{"disableBodyPruning":true},"request":{"auth":{"type":"noauth"},"method":"POST","header":[{"key":"Content-Type","name":"Content-Type","type":"text","value":"application/json"},{"key":"Accept","type":"text","value":"application/json"},{"key":"Authorization","type":"text","value":"Bearer {{client_bearer_bre}}"}],"body":{"mode":"raw","raw":"{\r\n   \"Entrada\": {\r\n        \"Passo\": \"2\",\r\n        \"Ocupacao\": \"\",\r\n        \"Retencao\": \"\"\r\n    }\r\n}"},"url":{"raw":"https://{{url_bre}}/DecisionService/rest/bre_parametrizadoreletronico/1.0/decisao","protocol":"https","host":["{{url_bre}}"],"path":["DecisionService","rest","bre_parametrizadoreletronico","1.0","decisao"]}},"response":[]},{"name":"Listar Argumentos, Incentivos e Resultados","event":[{"listen":"prerequest","script":{"id":"587a7c39-0233-4600-ad81-1952fa6f4395","exec":[""],"type":"text/javascript"}}],"id":"e7e4cc1a-df50-40bc-afdd-72f1eb542d36","protocolProfileBehavior":{"disableBodyPruning":true},"request":{"auth":{"type":"noauth"},"method":"POST","header":[{"key":"Content-Type","name":"Content-Type","type":"text","value":"application/json"},{"key":"Accept","type":"text","value":"application/json"},{"key":"Authorization","type":"text","value":"Bearer {{client_bearer_bre}}"}],"body":{"mode":"raw","raw":"{\r\n   \"Entrada\": {\r\n        \"Passo\": \"3\",\r\n        \"Ocupacao\": \"\",\r\n        \"Retencao\": \"\"\r\n    }\r\n}"},"url":{"raw":"https://{{url_bre}}/DecisionService/rest/bre_parametrizadoreletronico/1.0/decisao","protocol":"https","host":["{{url_bre}}"],"path":["DecisionService","rest","bre_parametrizadoreletronico","1.0","decisao"]}},"response":[]}]}