{"info":{"_postman_id":"5b771015-a15b-4da5-a209-c533f2107f98","name":"Token","schema":"https://schema.getpostman.com/json/collection/v2.1.0/collection.json"},"item":[{"name":"Gerar Token","event":[{"listen":"test","script":{"id":"22727972-0e81-4c52-be69-b852427000d1","exec":["var jsonData = JSON.parse(responseBody);\r","postman.setEnvironmentVariable(\"STS_TOKEN\", jsonData.access_token)"],"type":"text/javascript"}}],"id":"5da8910d-f501-464c-b315-eefac456e68d","protocolProfileBehavior":{"disableBodyPruning":true},"request":{"method":"POST","header":[],"body":{"mode":"urlencoded","urlencoded":[{"key":"grant_type","value":"password","type":"text"},{"key":"client_id","value":"e14726eb-716c-440a-aecf-6fcecb74fe98","type":"text"},{"key":"scope","value":"profile openid","type":"text"},{"key":"client_secret","value":"qw57Q~BpHD58tyKlRqsqb__l~Urxt4ETO.EmG","type":"text"},{"key":"username","value":"rodrigo.antunes-rodrigues@itau-unibanco.com.br","type":"text"},{"key":"password","value":"","type":"text"},{"key":"resource","value":"clientId","type":"text","disabled":true}]},"url":{"raw":"https://login.microsoftonline.com/591669a0-183f-49a5-98f4-9aa0d0b63d81/oauth2/v2.0/token","protocol":"https","host":["login","microsoftonline","com"],"path":["591669a0-183f-49a5-98f4-9aa0d0b63d81","oauth2","v2.0","token"]}},"response":[]},{"name":"Gerar Token Copy","event":[{"listen":"test","script":{"id":"22727972-0e81-4c52-be69-b852427000d1","exec":["var jsonData = JSON.parse(responseBody);\r","postman.setEnvironmentVariable(\"STS_TOKEN\", jsonData.access_token)"],"type":"text/javascript"}}],"id":"6fd46c4c-96ef-47ee-a372-0d2e0abb7053","protocolProfileBehavior":{"disableBodyPruning":true},"request":{"method":"POST","header":[],"body":{"mode":"urlencoded","urlencoded":[{"key":"grant_type","value":"password","type":"text"},{"key":"client_id","value":"e14726eb-716c-440a-aecf-6fcecb74fe98","type":"text"},{"key":"scope","value":"profile openid","type":"text"},{"key":"client_secret","value":"qw57Q~BpHD58tyKlRqsqb__l~Urxt4ETO.EmG","type":"text"},{"key":"username","value":"rodrigo.antunes-rodrigues@itau-unibanco.com.br","type":"text"},{"key":"password","value":"","type":"text"},{"key":"resource","value":"clientId","type":"text","disabled":true}]},"url":{"raw":"https://login.microsoftonline.com/591669a0-183f-49a5-98f4-9aa0d0b63d81/oauth2/v2.0/token","protocol":"https","host":["login","microsoftonline","com"],"path":["591669a0-183f-49a5-98f4-9aa0d0b63d81","oauth2","v2.0","token"]}},"response":[]}]}