{"info":{"_postman_id":"5ecff21a-fecf-4250-a297-20ffef63729d","name":"BRE-intensivo","schema":"https://schema.getpostman.com/json/collection/v2.1.0/collection.json"},"item":[{"name":"LOGIN BRE","event":[{"listen":"test","script":{"exec":["var jsonData = JSON.parse(responseBody);\r","\r","\r","pm.test(\"Status code is 200\", function () {\r","    pm.response.to.have.status(200);});\r","\r","pm.environment.set(\"client_bearer_bre\", jsonData.access_token);"],"type":"text/javascript","id":"99613aad-1053-4bef-b929-461006e56482"}},{"listen":"prerequest","script":{"exec":[""],"type":"text/javascript","id":"98854332-a4b0-4d1c-bada-c36f0ebcbddd"}}],"id":"2a8e89f4-233e-415b-af16-046f8885f1bf","protocolProfileBehavior":{"disableBodyPruning":true},"request":{"method":"POST","header":[{"key":"Content-Type","name":"Content-Type","type":"text","value":"application/x-www-form-urlencoded"},{"key":"Accept","type":"text","value":"application/json"}],"body":{"mode":"urlencoded","urlencoded":[{"key":"grant_type","value":"client_credentials","type":"text"},{"key":"client_id","value":"{{client_id_bre}}","type":"text"},{"key":"client_secret","value":"{{client_secret_bre}}","type":"text"}]},"url":{"raw":"https://{{url_sts}}/api/oauth/token","protocol":"https","host":["{{url_sts}}"],"path":["api","oauth","token"]},"description":"Chamada para STS\n"},"response":[]},{"name":"Varejo","event":[{"listen":"test","script":{"exec":["var json = JSON.parse(responseBody);\r","\r","pm.test(\"ListaFilaDerivacao.CDN = 1900\", function () {\r","    pm.expect(json.saida.ListaFilaDerivacao[0].CDN).to.eql(\"1900\");\r","});\r","\r","pm.test(\"ListaFilaDerivacao.RoutingPoint = 3073\", function () {\r","    pm.expect(json.saida.ListaFilaDerivacao[0].RoutingPoint).to.eql(\"3073\");\r","});\r",""],"type":"text/javascript","id":"f3da273e-baf3-41b1-b319-bf9eab10ce35"}}],"id":"1695ec2a-b2e9-4dbc-a38e-922953c88aa9","protocolProfileBehavior":{"disableBodyPruning":true},"request":{"auth":{"type":"noauth"},"method":"POST","header":[{"key":"Content-Type","name":"Content-Type","type":"text","value":"application/json"},{"key":"Accept","type":"text","value":"application/json"},{"key":"Authorization","type":"text","value":"Bearer {{client_bearer_bre}}"}],"body":{"mode":"raw","raw":"{\r\n   \"entrada\": {\r\n            \"Segmento\":\"VAREJO\",\r\n            \"Salario\":1000,\r\n            \"AnoNascimento\":2003\r\n    }\r\n}"},"url":{"raw":"https://{{url_bre}}:443/DecisionService/rest/bre_parametrizador_treinamento/1.0/financiamento","protocol":"https","host":["{{url_bre}}"],"port":"443","path":["DecisionService","rest","bre_parametrizador_treinamento","1.0","financiamento"]}},"response":[]},{"name":"Uniclass","event":[{"listen":"test","script":{"exec":["var json = JSON.parse(responseBody);\r","\r","pm.test(\"ListaFilaDerivacao.CDN = 1900\", function () {\r","    pm.expect(json.saida.ListaFilaDerivacao[0].CDN).to.eql(\"1900\");\r","});\r","\r","pm.test(\"ListaFilaDerivacao.RoutingPoint = 3073\", function () {\r","    pm.expect(json.saida.ListaFilaDerivacao[0].RoutingPoint).to.eql(\"3073\");\r","});\r",""],"type":"text/javascript","id":"2013c134-9a4c-4467-aa05-15373cd2b8fd"}}],"id":"c536bd14-e464-4b71-b2c7-898e96800d83","protocolProfileBehavior":{"disableBodyPruning":true},"request":{"auth":{"type":"noauth"},"method":"POST","header":[{"key":"Content-Type","name":"Content-Type","type":"text","value":"application/json"},{"key":"Accept","type":"text","value":"application/json"},{"key":"Authorization","type":"text","value":"Bearer {{client_bearer_bre}}"}],"body":{"mode":"raw","raw":"{\r\n   \"entrada\": {\r\n            \"Segmento\":\"VAREJO\",\r\n            \"Salario\":1000,\r\n            \"AnoNascimento\":2005\r\n    }\r\n}"},"url":{"raw":"https://{{url_bre}}:443/DecisionService/rest/bre_parametrizador_treinamento/1.0/financiamento","protocol":"https","host":["{{url_bre}}"],"port":"443","path":["DecisionService","rest","bre_parametrizador_treinamento","1.0","financiamento"]}},"response":[]},{"name":"Person","event":[{"listen":"test","script":{"exec":["var json = JSON.parse(responseBody);\r","\r","pm.test(\"ListaFilaDerivacao.CDN = 1900\", function () {\r","    pm.expect(json.saida.ListaFilaDerivacao[0].CDN).to.eql(\"1900\");\r","});\r","\r","pm.test(\"ListaFilaDerivacao.RoutingPoint = 3073\", function () {\r","    pm.expect(json.saida.ListaFilaDerivacao[0].RoutingPoint).to.eql(\"3073\");\r","});\r",""],"type":"text/javascript","id":"5aaddf99-1552-41fb-8468-3e83d9a5ccbf"}}],"id":"15f50524-ac14-4d81-825a-9bc24a9f1bcc","protocolProfileBehavior":{"disableBodyPruning":true},"request":{"auth":{"type":"noauth"},"method":"POST","header":[{"key":"Content-Type","name":"Content-Type","type":"text","value":"application/json"},{"key":"Accept","type":"text","value":"application/json"},{"key":"Authorization","type":"text","value":"Bearer {{client_bearer_bre}}"}],"body":{"mode":"raw","raw":"{\r\n   \"entrada\": {\r\n            \"Segmento\":\"PERSON\",\r\n            \"Salario\":150000,\r\n            \"AnoNascimento\":2000\r\n    }\r\n}"},"url":{"raw":"https://{{url_bre}}:443/DecisionService/rest/bre_parametrizador_treinamento/1.0/financiamento","protocol":"https","host":["{{url_bre}}"],"port":"443","path":["DecisionService","rest","bre_parametrizador_treinamento","1.0","financiamento"]}},"response":[]}]}