{"info":{"_postman_id":"6184a588-62e5-4f86-acb1-5f6ac704df99","name":"0 - Dialog Manager","schema":"https://schema.getpostman.com/json/collection/v2.1.0/collection.json"},"item":[{"name":"02 - Welcome LOCAL","id":"9b717ec5-e89e-46e2-8dc4-6a4ceebcb2cb","protocolProfileBehavior":{"disabledSystemHeaders":{},"disableBodyPruning":true},"request":{"auth":{"type":"apikey","apikey":[{"key":"value","value":"965a086c-f8d5-408c-bfb9-cb4a0b12b2fe","type":"string"},{"key":"key","value":"APIKey","type":"string"},{"key":"in","value":"header","type":"string"}]},"method":"POST","header":[{"key":"x-itau-correlationID","value":"76f55a98bc","type":"text"}],"body":{"mode":"raw","raw":"{\r\n  \"estado\": \"WELCOME\",\r\n  \"dados_interacao\": {\r\n    \"digitos\": \"\",\r\n    \"tentativa_atual\": \"0\"\r\n  },\r\n  \"dados_ligacao\": {\r\n    \"correlation_id\": \"2021092215561923242\",\r\n    \"mcdu\": \"5444\",\r\n    \"ani\": \"11999999999\"\r\n  }\r\n}","options":{"raw":{"language":"json"}}},"url":{"raw":"https://urasegurosfront-uraseguros.svc1.dev.aws.cloud.ihf/api/v1/genesys_front_end","protocol":"https","host":["urasegurosfront-uraseguros","svc1","dev","aws","cloud","ihf"],"path":["api","v1","genesys_front_end"]}},"response":[]},{"name":"02 - Welcome SERVER","id":"d0e6ab55-8d35-430a-8496-966ef6af64f1","protocolProfileBehavior":{"disabledSystemHeaders":{},"disableBodyPruning":true},"request":{"auth":{"type":"apikey","apikey":[{"key":"value","value":"965a086c-f8d5-408c-bfb9-cb4a0b12b2fe","type":"string"},{"key":"key","value":"APIKey","type":"string"},{"key":"in","value":"header","type":"string"}]},"method":"POST","header":[],"body":{"mode":"raw","raw":"{\r\n  \"estado\": \"VALIDAR_DADOS\",\r\n  \"dados_interacao\": {\r\n    \"digitos\": \"55555555553\",\r\n    \"tentativaAtual\": \"\"\r\n  },\r\n  \"dados_ligacao\": {\r\n      \"teste\":\"teste\"\r\n  }\r\n}","options":{"raw":{"language":"json"}}},"url":{"raw":"https://localhost:5001/api/v1/UraVeiculos?format=JSON","protocol":"https","host":["localhost"],"port":"5001","path":["api","v1","UraVeiculos"],"query":[{"key":"format","value":"JSON"}]}},"response":[]},{"name":"02 - Welcome LOCAL Copy","id":"8c3cebd6-0cdf-4e73-ace8-27029b174a0d","protocolProfileBehavior":{"disabledSystemHeaders":{},"disableBodyPruning":true},"request":{"auth":{"type":"apikey","apikey":[{"key":"value","value":"965a086c-f8d5-408c-bfb9-cb4a0b12b2fe","type":"string"},{"key":"key","value":"APIKey","type":"string"},{"key":"in","value":"header","type":"string"}]},"method":"POST","header":[{"key":"x-itau-correlationID","value":"76f55a98bc","type":"text"}],"body":{"mode":"raw","raw":"{\r\n  \"estado\": \"WELCOME\",\r\n  \"dados_interacao\": {\r\n    \"digitos\": \"\",\r\n    \"tentativa_atual\": \"0\"\r\n  },\r\n  \"dados_ligacao\": {\r\n    \"correlation_id\": \"5469\",\r\n    \"mcdu\": \"5444\",\r\n    \"ani\": \"11757425786\"\r\n  }\r\n}","options":{"raw":{"language":"json"}}},"url":{"raw":"https://urasegurosfront-uraseguros.svc1.dev.aws.cloud.ihf/api/v1/genesys_front_end","protocol":"https","host":["urasegurosfront-uraseguros","svc1","dev","aws","cloud","ihf"],"path":["api","v1","genesys_front_end"]}},"response":[]},{"name":"02 - Welcome LOCAL Copy 2","id":"7ea3c301-e626-45de-b98e-fd7f57fa53f0","protocolProfileBehavior":{"disabledSystemHeaders":{},"disableBodyPruning":true},"request":{"auth":{"type":"apikey","apikey":[{"key":"value","value":"965a086c-f8d5-408c-bfb9-cb4a0b12b2fe","type":"string"},{"key":"key","value":"APIKey","type":"string"},{"key":"in","value":"header","type":"string"}]},"method":"POST","header":[{"key":"x-itau-correlationID","value":"76f55a98bc","type":"text"}],"body":{"mode":"raw","raw":"{\r\n  \"estado\": \"WELCOME\",\r\n  \"dados_interacao\": {\r\n    \"digitos\": \"\",\r\n    \"tentativaAtual\": \"0\"\r\n  },\r\n  \"dados_ligacao\": {\r\n      \"CorrelationId\":\"76f55a98bc\",\r\n      \"Mcdu\":\"5444\",\r\n      \"Finalizacao\":\"\",\r\n      \"Ani\":\"11999999999\",\r\n      \"Attaches\":[]\r\n  }\r\n}","options":{"raw":{"language":"json"}}},"url":{"raw":"https://localhost:5001/api/v1/generic_ivr","protocol":"https","host":["localhost"],"port":"5001","path":["api","v1","generic_ivr"]}},"response":[]}]}