{"info":{"_postman_id":"6994bfaa-a3bf-4318-9af5-cdfaa22b240a","name":"FZ6.UraSeguros.Bff","schema":"https://schema.getpostman.com/json/collection/v2.1.0/collection.json"},"item":[{"name":"Seguros","id":"f8c5275f-66d5-489e-beaa-8ef973944786","protocolProfileBehavior":{"disableBodyPruning":true},"request":{"method":"POST","header":[],"body":{"mode":"raw","raw":"{\r\n    \"estado\": \"WELCOME\",\r\n    \"dados_interacao\": {\r\n        \"digitos\": \"1\",\r\n        \"tentativa_atual\": \"0\"\r\n    },\r\n    \"dados_ligacao\": {\r\n        \"correlation_id\": \"teste\",\r\n        \"mcdu\": \"5444\",\r\n        \"ani\": \"00000000000\",\r\n        \"attaches\": [\r\n            {\r\n                \"nome\": \"\",\r\n                \"valor\": \"\"\r\n            }\r\n        ]\r\n    }\r\n}","options":{"raw":{"language":"json"}}},"url":{"raw":"https://localhost:5001/api/v1/ura_seguros","protocol":"https","host":["localhost"],"port":"5001","path":["api","v1","ura_seguros"]}},"response":[]},{"name":"Corretora","id":"24652099-1ad3-494a-bfbe-cac356c559ed","protocolProfileBehavior":{"disableBodyPruning":true},"request":{"method":"POST","header":[],"body":{"mode":"raw","raw":"{\r\n    \"estado\": \"WELCOME\",\r\n    \"dados_interacao\": {\r\n        \"digitos\": \"1\",\r\n        \"tentativa_atual\": \"0\"\r\n    },\r\n    \"dados_ligacao\": {\r\n        \"correlation_id\": \"teste\",\r\n        \"mcdu\": \"2125\",\r\n        \"ani\": \"00000000000\",\r\n        \"attaches\": [\r\n            {\r\n                \"nome\": \"\",\r\n                \"valor\": \"\"\r\n            }\r\n        ]\r\n    }\r\n}","options":{"raw":{"language":"json"}}},"url":{"raw":"https://localhost:5001/api/v1/ura_corretora","protocol":"https","host":["localhost"],"port":"5001","path":["api","v1","ura_corretora"]}},"response":[]}],"event":[{"listen":"prerequest","script":{"type":"text/javascript","exec":[""],"id":"2361ca36-9589-4d1e-8685-e9127a19c9ad"}},{"listen":"test","script":{"type":"text/javascript","exec":[""],"id":"74290826-7cb7-42fd-8217-e37143aa9f19"}}]}