{"info":{"_postman_id":"6ca125dc-4608-4131-9d83-e59e232cb7e1","name":"HC8-BRE","schema":"https://schema.getpostman.com/json/collection/v2.1.0/collection.json"},"item":[{"name":"STS","item":[{"name":"Token BRE password","event":[{"listen":"test","script":{"id":"286da1b8-d694-4b72-b530-a3dd48623bde","exec":["var json = JSON.parse(responseBody);\r","\r","pm.environment.set(\"client_bearer_bre\", json.access_token);\r","\r","\r","pm.test(\"expires_in = 300\", function () {\r","    pm.expect(json.expires_in).to.eql(300);\r","});\r",""],"type":"text/javascript"}}],"id":"e8b77eca-65dc-4b10-96b3-7b27ffc510ff","protocolProfileBehavior":{"disableBodyPruning":true},"request":{"method":"POST","header":[{"key":"Content-Type","name":"Content-Type","type":"text","value":"application/x-www-form-urlencoded"},{"key":"Accept","type":"text","value":"application/json"}],"body":{"mode":"urlencoded","urlencoded":[{"key":"grant_type","value":"password","type":"text"},{"key":"client_id","value":"{{client_id_bre}}","type":"text"},{"key":"client_secret","value":"{{client_secret_bre}}","type":"text"},{"key":"username","value":"cps932c","type":"text"},{"key":"password","value":"pu2TQ5m1","type":"text"}]},"url":{"raw":"https://{{url_sts}}/api/oauth/token","protocol":"https","host":["{{url_sts}}"],"path":["api","oauth","token"]},"description":"Chamada para STS\n"},"response":[]},{"name":"BRE tokenInfo","event":[{"listen":"test","script":{"id":"9648b9ec-33a7-4251-8ced-ed328d8a3efc","exec":["var json = JSON.parse(responseBody);\r","\r","pm.test(\"expires_in = 300\", function () {\r","    pm.expect(json.expires_in).not.to.eql(0);\r","});"],"type":"text/javascript"}}],"id":"cad1695c-1709-43ca-8711-4ebc93bd59d9","protocolProfileBehavior":{"disableBodyPruning":true},"request":{"method":"GET","header":[{"key":"Content-Type","name":"Content-Type","type":"text","value":"application/x-www-form-urlencoded"}],"body":{"mode":"urlencoded","urlencoded":[{"key":"access_token","value":"{{client_bearer_bre}}","type":"text"}]},"url":{"raw":"https://{{url_sts}}/api/oauth/tokeninfo","protocol":"https","host":["{{url_sts}}"],"path":["api","oauth","tokeninfo"]}},"response":[]}],"id":"bfc2d888-97d5-4d81-8e66-f08d3f9f533b"},{"name":"Retencao","item":[{"name":"BRE.aws (OAuth 2.0)","event":[{"listen":"prerequest","script":{"id":"fb4a663c-6caf-4426-943b-1f6c4d8ad574","exec":[""],"type":"text/javascript"}}],"id":"977af06c-1770-49e6-a13a-82a432ea36a3","protocolProfileBehavior":{"disableBodyPruning":true},"request":{"auth":{"type":"noauth"},"method":"POST","header":[{"key":"Content-Type","name":"Content-Type","type":"text","value":"application/json"},{"key":"Accept","type":"text","value":"application/json"},{"key":"Authorization","value":"Bearer {{client_bearer_bre}}","type":"text"}],"body":{"mode":"raw","raw":"{\n\n}"},"url":{"raw":"https://{{url_bre}}/DecisionService/rest/bre_parametrizadoreletronico/1.0/decisao","protocol":"https","host":["{{url_bre}}"],"path":["DecisionService","rest","bre_parametrizadoreletronico","1.0","decisao"]}},"response":[]}],"id":"6db46ea2-6783-426d-8dd4-00901b1f5ae7"},{"name":"Seguros","item":[{"name":"Seguros","item":[{"name":"PJ","item":[{"name":"VDN 0019","event":[{"listen":"test","script":{"id":"815f3348-1e21-4213-b9c2-6d2e1483e054","exec":["var json = JSON.parse(responseBody);\r","\r","pm.test(\"ListaFilaDerivacao.CDN = 0000\", function () {\r","    pm.expect(json.saida.ListaFilaDerivacao[0].CDN).to.eql(\"0000\");\r","});\r","\r","pm.test(\"ListaFilaDerivacao.RoutingPoint = 0019\", function () {\r","    pm.expect(json.saida.ListaFilaDerivacao[0].RoutingPoint).to.eql(\"0019\");\r","});\r",""],"type":"text/javascript"}}],"id":"cfd5dfa6-50a0-4d7b-96a6-b5de988fd250","protocolProfileBehavior":{"disableBodyPruning":true},"request":{"auth":{"type":"noauth"},"method":"POST","header":[{"key":"Content-Type","name":"Content-Type","type":"text","value":"application/json"},{"key":"Accept","type":"text","value":"application/json"},{"key":"Authorization","type":"text","value":"Bearer {{client_bearer_bre}}"}],"body":{"mode":"raw","raw":"{\n    \"entrada\": {\n        \"Org\": \"\",\n        \"Admin\": \"\",\n        \"CDN\": \"4444\",\n        \"URA\": {\n            \"Ip\": \"\",\n            \"Porta\": \"\",\n            \"Feriado\": \"\"\n        },\n        \"Menu\": {\n            \"Arvore\": \"SG\",\n            \"Visivel\": \"\",\n            \"Digitacao\": \"2222\"\n        },\n        \"TipoPessoa\": \"J\",\n        \"Data\":\"04062021\",\n        \"Hora\":\"190000\",\n        \"DiaSemana\":\"Sexta\"\n        \n    }\n}"},"url":{"raw":"https://{{url_bre}}:443/DecisionService/rest/bre_seguros/1.0/saida_seguros","protocol":"https","host":["{{url_bre}}"],"port":"443","path":["DecisionService","rest","bre_seguros","1.0","saida_seguros"]}},"response":[]},{"name":"VDN 0071","event":[{"listen":"test","script":{"id":"06b69fcb-da90-43c0-918a-58001335656d","exec":["var json = JSON.parse(responseBody);\r","\r","pm.test(\"ListaFilaDerivacao.CDN = 0000\", function () {\r","    pm.expect(json.saida.ListaFilaDerivacao[0].CDN).to.eql(\"0000\");\r","});\r","\r","pm.test(\"ListaFilaDerivacao.RoutingPoint = 0071\", function () {\r","    pm.expect(json.saida.ListaFilaDerivacao[0].RoutingPoint).to.eql(\"0071\");\r","});\r",""],"type":"text/javascript"}}],"id":"db88b261-c84f-4e29-98dd-0e06ec9f6bbd","protocolProfileBehavior":{"disableBodyPruning":true},"request":{"auth":{"type":"noauth"},"method":"POST","header":[{"key":"Content-Type","name":"Content-Type","type":"text","value":"application/json"},{"key":"Accept","type":"text","value":"application/json"},{"key":"Authorization","type":"text","value":"Bearer {{client_bearer_bre}}"}],"body":{"mode":"raw","raw":"{\n    \"entrada\": {\n        \"Org\": \"\",\n        \"Admin\": \"\",\n        \"CDN\": \"4444\",\n        \"URA\": {\n            \"Ip\": \"\",\n            \"Porta\": \"\",\n            \"Feriado\": \"\"\n        },\n        \"Menu\": {\n            \"Arvore\": \"SG\",\n            \"Visivel\": \"\",\n            \"Digitacao\": \"2223\"\n        },\n        \"TipoPessoa\": \"J\",\n        \"Data\":\"04062021\",\n        \"Hora\":\"190000\",\n        \"DiaSemana\":\"Sexta\"\n    }\n}"},"url":{"raw":"https://{{url_bre}}:443/DecisionService/rest/bre_seguros/1.0/saida_seguros","protocol":"https","host":["{{url_bre}}"],"port":"443","path":["DecisionService","rest","bre_seguros","1.0","saida_seguros"]}},"response":[]}],"id":"860d6f41-50e4-427d-879f-461ff3b2d595"},{"name":"PF","item":[{"name":"0000_0071","event":[{"listen":"test","script":{"id":"60083cc6-a9ba-4a7f-bdc9-e76f9ba2a5d9","exec":["var json = JSON.parse(responseBody);\r","\r","pm.test(\"ListaFilaDerivacao.CDN = 0000\", function () {\r","    pm.expect(json.saida.ListaFilaDerivacao[0].CDN).to.eql(\"0000\");\r","});\r","\r","pm.test(\"ListaFilaDerivacao.RoutingPoint = 0071\", function () {\r","    pm.expect(json.saida.ListaFilaDerivacao[0].RoutingPoint).to.eql(\"0071\");\r","});\r",""],"type":"text/javascript"}}],"id":"d53570ff-4c22-4cf8-a6be-60195486c2f2","protocolProfileBehavior":{"disableBodyPruning":true},"request":{"auth":{"type":"noauth"},"method":"POST","header":[{"key":"Content-Type","name":"Content-Type","type":"text","value":"application/json"},{"key":"Accept","type":"text","value":"application/json"},{"key":"Authorization","type":"text","value":"Bearer {{client_bearer_bre}}"}],"body":{"mode":"raw","raw":"{\n    \"entrada\": {\n        \"Org\": \"\",\n        \"Admin\": \"\",\n        \"CDN\": \"4444\",\n        \"URA\": {\n            \"Ip\": \"\",\n            \"Porta\": \"\",\n            \"Feriado\": \"\"\n        },\n        \"Menu\": {\n            \"Arvore\": \"SG\",\n            \"Visivel\": \"\",\n            \"Digitacao\": \"3223\"\n        },\n        \"TipoPessoa\": \"F\",\n        \"Data\":\"04062021\",\n        \"Hora\":\"230000\",\n        \"DiaSemana\":\"Domingo\"\n    }\n}"},"url":{"raw":"https://{{url_bre}}:443/DecisionService/rest/bre_seguros/1.0/saida_seguros","protocol":"https","host":["{{url_bre}}"],"port":"443","path":["DecisionService","rest","bre_seguros","1.0","saida_seguros"]}},"response":[]},{"name":"1133_8506","event":[{"listen":"test","script":{"id":"61c95528-e82c-4666-a268-3ca36891b7a6","exec":["var json = JSON.parse(responseBody);\r","\r","pm.test(\"ListaFilaDerivacao.CDN = 1133\", function () {\r","    pm.expect(json.saida.ListaFilaDerivacao[0].CDN).to.eql(\"1133\");\r","});\r","\r","pm.test(\"ListaFilaDerivacao.RoutingPoint = 8506\", function () {\r","    pm.expect(json.saida.ListaFilaDerivacao[0].RoutingPoint).to.eql(\"8506\");\r","});\r",""],"type":"text/javascript"}}],"id":"025f5099-2005-445d-9c27-54e46c395901","protocolProfileBehavior":{"disableBodyPruning":true},"request":{"auth":{"type":"noauth"},"method":"POST","header":[{"key":"Content-Type","name":"Content-Type","type":"text","value":"application/json"},{"key":"Accept","type":"text","value":"application/json"},{"key":"Authorization","type":"text","value":"Bearer {{client_bearer_bre}}"}],"body":{"mode":"raw","raw":"{\n    \"entrada\": {\n        \"Org\": \"\",\n        \"Admin\": \"\",\n        \"CDN\": \"4444\",\n        \"URA\": {\n            \"Ip\": \"\",\n            \"Porta\": \"\",\n            \"Feriado\": \"\"\n        },\n        \"Menu\": {\n            \"Arvore\": \"SG\",\n            \"Visivel\": \"\",\n            \"Digitacao\": \"3228\"\n        },\n        \"TipoPessoa\": \"F\",\n        \"Data\":\"04062021\",\n        \"Hora\":\"190000\",\n        \"DiaSemana\":\"Sexta\"\n    }\n}"},"url":{"raw":"https://{{url_bre}}:443/DecisionService/rest/bre_seguros/1.0/saida_seguros","protocol":"https","host":["{{url_bre}}"],"port":"443","path":["DecisionService","rest","bre_seguros","1.0","saida_seguros"]}},"response":[]}],"id":"8f876dbb-455a-4182-966c-349b823c2137"},{"name":"Default","item":[{"name":"Consorcio | CDN 5503 e 5403","event":[{"listen":"test","script":{"id":"dfb4bf6e-def8-4558-96b4-aa2781070658","exec":["var json = JSON.parse(responseBody);\r","\r","pm.test(\"ListaFilaDerivacao.CDN = 1685\", function () {\r","    pm.expect(json.saida.ListaFilaDerivacao[0].CDN).to.eql(\"1685\");\r","});\r","\r","pm.test(\"ListaFilaDerivacao.RoutingPoint = 8506\", function () {\r","    pm.expect(json.saida.ListaFilaDerivacao[0].RoutingPoint).to.eql(\"8506\");\r","});\r",""],"type":"text/javascript"}}],"id":"2af4d222-dda7-4022-a5e7-eb04ff70552e","protocolProfileBehavior":{"disableBodyPruning":true},"request":{"auth":{"type":"noauth"},"method":"POST","header":[{"key":"Content-Type","name":"Content-Type","type":"text","value":"application/json"},{"key":"Accept","type":"text","value":"application/json"},{"key":"Authorization","type":"text","value":"Bearer {{client_bearer_bre}}"}],"body":{"mode":"raw","raw":"{\n    \"entrada\": {\n        \"Org\": \"\",\n        \"Admin\": \"\",\n        \"CDN\": \"5503\",\n        \"URA\": {\n            \"Ip\": \"\",\n            \"Porta\": \"\",\n            \"Feriado\": \"\"\n        },\n        \"Menu\": {\n            \"Arvore\": \"SG\",\n            \"Visivel\": \"\",\n            \"Digitacao\": \"\"\n        },\n        \"TipoPessoa\": \"F\",\n        \"Data\":\"04062021\",\n        \"Hora\":\"190000\",\n        \"DiaSemana\":\"Sexta\"\n    }\n}"},"url":{"raw":"https://{{url_bre}}:443/DecisionService/rest/bre_seguros/1.0/saida_seguros","protocol":"https","host":["{{url_bre}}"],"port":"443","path":["DecisionService","rest","bre_seguros","1.0","saida_seguros"]}},"response":[]},{"name":"Consultor CDN 8800","event":[{"listen":"test","script":{"id":"65a24493-7478-4931-8dbf-8ebf845498ef","exec":["var json = JSON.parse(responseBody);\r","\r","pm.test(\"ListaFilaDerivacao.CDN = 1640\", function () {\r","    pm.expect(json.saida.ListaFilaDerivacao[0].CDN).to.eql(\"1640\");\r","});\r","\r","pm.test(\"ListaFilaDerivacao.RoutingPoint = 8506\", function () {\r","    pm.expect(json.saida.ListaFilaDerivacao[0].RoutingPoint).to.eql(\"8506\");\r","});\r",""],"type":"text/javascript"}}],"id":"82dda173-bef1-40a3-ac8f-3ba83f6e6e05","protocolProfileBehavior":{"disableBodyPruning":true},"request":{"auth":{"type":"noauth"},"method":"POST","header":[{"key":"Content-Type","name":"Content-Type","type":"text","value":"application/json"},{"key":"Accept","type":"text","value":"application/json"},{"key":"Authorization","type":"text","value":"Bearer {{client_bearer_bre}}"}],"body":{"mode":"raw","raw":"{\n    \"entrada\": {\n        \"Org\": \"\",\n        \"Admin\": \"\",\n        \"CDN\": \"8800\",\n        \"URA\": {\n            \"Ip\": \"\",\n            \"Porta\": \"\",\n            \"Feriado\": \"\"\n        },\n        \"Menu\": {\n            \"Arvore\": \"SG\",\n            \"Visivel\": \"\",\n            \"Digitacao\": \"\"\n        },\n        \"TipoPessoa\": \"F\",\n        \"Data\":\"04062021\",\n        \"Hora\":\"190000\",\n        \"DiaSemana\":\"Sexta\"\n    }\n}"},"url":{"raw":"https://{{url_bre}}:443/DecisionService/rest/bre_seguros/1.0/saida_seguros","protocol":"https","host":["{{url_bre}}"],"port":"443","path":["DecisionService","rest","bre_seguros","1.0","saida_seguros"]}},"response":[]}],"id":"6b8e48fb-b454-4527-bdf6-2acb44e35046"}],"id":"581c21d1-33e1-481b-b412-24bbbb2bcc4a"},{"name":"Marcep","item":[{"name":"Nova Corretora","item":[{"name":"PF","item":[{"name":"24x7","item":[{"name":"CDN=1125, Digitacao=32222","event":[{"listen":"test","script":{"id":"5f2c5ef9-7e3f-4230-b373-e3dbf2b48dd1","exec":["var json = JSON.parse(responseBody);\r","\r","pm.test(\"ListaFilaDerivacao.CDN = 0000\", function () {\r","    pm.expect(json.saida.ListaFilaDerivacao[0].CDN).to.eql(\"0000\");\r","});\r","\r","pm.test(\"ListaFilaDerivacao.RoutingPoint = 9966\", function () {\r","    pm.expect(json.saida.ListaFilaDerivacao[0].RoutingPoint).to.eql(\"9966\");\r","});\r",""],"type":"text/javascript"}}],"id":"fb97ac91-3ef0-4358-817f-7604b85d9a81","protocolProfileBehavior":{"disableBodyPruning":true},"request":{"auth":{"type":"noauth"},"method":"POST","header":[{"key":"Content-Type","name":"Content-Type","type":"text","value":"application/json"},{"key":"Accept","type":"text","value":"application/json"},{"key":"Authorization","type":"text","value":"Bearer {{client_bearer_bre}}"}],"body":{"mode":"raw","raw":"{\n    \"entrada\": {\n        \"Org\": \"\",\n        \"Admin\": \"\",\n        \"CDN\": \"1125\",\n        \"URA\": {\n            \"Ip\": \"\",\n            \"Porta\": \"\",\n            \"Feriado\": \"\"\n        },\n        \"Menu\": {\n            \"Arvore\": \"CS\",\n            \"Visivel\": \"\",\n            \"Digitacao\": \"32222\"\n        },\n        \"TipoPessoa\": \"F\",\n        \"Data\":\"04062021\",\n        \"Hora\":\"190000\",\n        \"DiaSemana\":\"Sexta\"\n    }\n}"},"url":{"raw":"https://{{url_bre}}:443/DecisionService/rest/bre_seguros/1.0/saida_seguros","protocol":"https","host":["{{url_bre}}"],"port":"443","path":["DecisionService","rest","bre_seguros","1.0","saida_seguros"]}},"response":[]}],"id":"e46ccee0-cc69-4015-abe9-654f3ac2b0c9"},{"name":"Segunda-feira 06h00","item":[],"id":"35bdc15b-b7f0-493a-8efb-da74b3f50b53"},{"name":"Segunda-feira 07h00","item":[],"id":"43b44354-3cd6-4501-a9d8-cc2dcdff887a"}],"id":"f4184f9c-98da-4461-9548-7124ac7c075d"},{"name":"PJ","item":[],"id":"38d7f73a-20c5-408a-a03c-b102767968f1"}],"id":"ac8af7e7-6139-4e91-b7d5-38336dad4900"}],"id":"a55465c4-e1af-4eb7-a2d6-1b23fc19cc81"}],"id":"03c4e6a9-3190-4b5e-90cd-8b7981f897d0"},{"name":"Cartoes","item":[{"name":"aws (OAuth 2.0)","id":"c3ce9f01-ccc6-498e-ae1f-9f1cea39f053","protocolProfileBehavior":{"disableBodyPruning":true},"request":{"auth":{"type":"noauth"},"method":"POST","header":[{"key":"Content-Type","type":"text","value":"application/json"},{"key":"Accept","type":"text","value":"application/json"},{"key":"x-itau-apikey","type":"text","value":"{{client_id_bre}}"},{"key":"x-itau-flowID","type":"text","value":"0"},{"key":"x-itau-correlationID","type":"text","value":"1"},{"key":"Authorization","type":"text","value":"Bearer {{client_bearer_bre}}"}],"body":{"mode":"raw","raw":"{\n    \"entrada\": {\n        \"ura\": {\n            \"ip\": \"\",\n            \"porta\": \"\"\n        },\n        \"cartao\": {\n            \"chpras\": \"\",\n            \"cartaoAtual\": \"\",\n            \"cartaoAnterior\": \"\"\n        }\n        ,\n        \"filtro\": {\n    \"OPCAO_DINERS\": \"\",\n    \"AUMENTAOPTOUT\": \"\",\n    \"FLG_COMPULS\": \"\",\n    \"ROTATIVO_MUM\": \"\",\n    \"ROTATIVO_MDOIS\": \"\",\n    \"ROTATIVO_MTRES\": \"\",\n    \"VALOR_REF\": \"\",\n    \"PERCMIN_SALDO_FAT\": \"\",\n    \"QTD_PARC_ATIVO\": \"\",\n    \"QTD_DIAS_ATRASO\": \"\",\n    \"CARTAO_MOBILE_ATIVADO\": \"\",\n    \"IND_CEDIDO\": \"\",\n    \"ADMIN\": \"\",\n    \"BASE\": \"\",\n    \"DN_PRODUTO\": \"\",\n    \"PORTFOLIO\": \"\",\n    \"TIPO_PORTADOR\": \"\",\n    \"SEGMENTO\": \"\",\n    \"STATUS_CONTA\": \"\",\n    \"IDADE_CONTA\": \"\",\n    \"CORTE\": \"\",\n    \"SALDO\": \"\",\n    \"DATA_VENCTO\": \"\",\n    \"COD_CICLO\": \"\",\n    \"CEP\": \"\",\n    \"RENTAVEL\": \"\",\n    \"LIMITE_CARTAO\": \"\",\n    \"ADICIONAIS\": \"\",\n    \"VIRTUAIS\": \"\",\n    \"TIPO_INCENT\": \"\",\n    \"FIN_COBR\": \"\",\n    \"CRED_PESSOAL\": \"\",\n    \"STAT_SEGURO\": \"\",\n    \"CLUSTER_AUT\": \"\",\n    \"VIP\": \"\",\n    \"IND_DIRETOR\": \"\",\n    \"CPF\": \"\",\n    \"VARIANTE\": \"\",\n    \"LEVERAGE\": \"\",\n    \"CHPRAS\": \"\",\n    \"MSG_PROMO\": \"\",\n    \"ATRASO\": \"\",\n    \"DIA_VENCTO\": \"\",\n    \"MOTIVO_BP\": \"\",\n    \"IND_PROTOT\": \"\",\n    \"IND_FERIADO\": \"\",\n    \"DIA_SEMANA\": \"\",\n    \"LIMITE_CONTA\": \"\",\n    \"CDN\": \"\",\n    \"DDD_ANI\": \"\",\n    \"TEL_ANI\": \"\",\n    \"ANI_ULTIMO\": \"\",\n    \"CHPRAS_ULT\": \"\",\n    \"CARTAO_ULT\": \"\",\n    \"IND_CAPIT\": \"\",\n    \"IND_COMPRA\": \"\",\n    \"IND_NEGADA\": \"\",\n    \"LIMITE_DISP\": \"\",\n    \"SALDO_INCENT\": \"\",\n    \"IND_EMPR_PESS\": \"\",\n    \"IND_ASSIST\": \"\",\n    \"IND_SEG_CONTA\": \"\",\n    \"IND_SEG_CARTAO\": \"\",\n    \"IND_ANUIDADE\": \"\",\n    \"DT_RENOV\": \"\",\n    \"IND_INTERNAC\": \"\",\n    \"ANI_OK\": \"\",\n    \"ORIGEM\": \"\",\n    \"TALKER\": \"\",\n    \"CLIENTE_IDENTIFICADO\": \"\",\n    \"ELEG_PROG_INCENT\": \"\",\n    \"ADIC_BLOQ\": \"\",\n    \"ELEG_PAG_CON\": \"\",\n    \"POSSUI_PROG_INCENT\": \"\",\n    \"AGENTES_DISP\": \"\",\n    \"CONNID\": \"\",\n    \"POSSUI_REFIN\": \"\",\n    \"UF\": \"\",\n    \"CHIP\": \"\",\n    \"BANDEIRA\": \"\",\n    \"DT_ATUAL_ENDER\": \"\",\n    \"ARVORE\": \"\",\n    \"CONFPOS_SENHA_CODSEG\": \"\",\n    \"CARTAO_NREC\": \"\",\n    \"PZ_DECORRIDO_ALT_ENDER\": \"\",\n    \"CARD_ACTION\": \"\",\n    \"BLCD_CARTAO\": \"\",\n    \"CALLBACK\": \"\",\n    \"RETORNO\": \"\",\n    \"CONPO\": \"\",\n    \"MOTIVO_EMISSAO\": \"\",\n    \"IND_SORTEIO\": \"\",\n    \"CAMPANHA\": \"\",\n    \"IND_SEGURO\": \"\",\n    \"MSG_ANUIDADE\": \"\",\n    \"BLOQUEADO\": \"\",\n    \"IND_EMPRESTIMO\": \"\",\n    \"PPAGO\": \"\",\n    \"ECORRENT\": \"\",\n    \"CTAMULTIPL\": \"\",\n    \"HEDGECAMBIAL\": \"\",\n    \"IDENTCPF\": \"\",\n    \"CONTDEVO\": \"\",\n    \"BLIND\": \"\",\n    \"NAVEGLARANJA\": \"\",\n    \"QTDCARTCPF\": \"\"\n  },\n  \"historico\": {\n    \"diaUltimoAcesso\": \"2021-03-30\"\n    \n  },\n  \"warning\": {\n    \"campanha\": \"\"\n  }\n    }\n}"},"url":{"raw":"https://{{url_bre}}/DecisionService/rest/bre_parametrizadorcartoes/1.0/Saida_Cartoes","protocol":"https","host":["{{url_bre}}"],"path":["DecisionService","rest","bre_parametrizadorcartoes","1.0","Saida_Cartoes"]}},"response":[]}],"id":"63962437-1a17-4aac-88ef-36fbfd9dab02"},{"name":"Dealer","item":[{"name":"CO_LINHA_FRENTE / CDN=4501","event":[{"listen":"test","script":{"id":"adf630bb-df6a-44cb-a390-7ec8929c67ab","exec":["var json = JSON.parse(responseBody);\r","\r","pm.test(\"ListaFilaDerivacao.CDN = 1900\", function () {\r","    pm.expect(json.saida.ListaFilaDerivacao[0].CDN).to.eql(\"1901\");\r","});\r","\r","pm.test(\"ListaFilaDerivacao.RoutingPoint = 3073\", function () {\r","    pm.expect(json.saida.ListaFilaDerivacao[0].RoutingPoint).to.eql(\"3073\");\r","});\r",""],"type":"text/javascript"}}],"id":"f26acf1e-1d60-4c1a-9cbd-ed25301fd4bf","protocolProfileBehavior":{"disableBodyPruning":true},"request":{"auth":{"type":"noauth"},"method":"POST","header":[{"key":"Content-Type","name":"Content-Type","type":"text","value":"application/json"},{"key":"Accept","type":"text","value":"application/json"},{"key":"Authorization","value":"Bearer {{client_bearer_bre}}","type":"text"}],"body":{"mode":"raw","raw":"{\n    \"entrada\": {\n        \"Org\": \"\",\n        \"Admin\": \"\",\n        \"CDN\": \"4501\",\n        \"URA\": {\n            \"Ip\": \"\",\n            \"Porta\": \"\",\n            \"Feriado\": \"\"\n        },\n        \"Menu\": {\n            \"Arvore\": \"\",\n            \"Visivel\": \"\",\n            \"Digitacao\": \"\"\n        },\n        \"TipoPessoa\": \"F\"\n    }\n}"},"url":{"raw":"https://{{url_bre}}/DecisionService/rest/bre_dealer/1.0/saida_dealer","protocol":"https","host":["{{url_bre}}"],"path":["DecisionService","rest","bre_dealer","1.0","saida_dealer"]}},"response":[]},{"name":"CO_NSA / CDN=2112","event":[{"listen":"test","script":{"id":"6776bb4d-5548-4f92-8f3e-b6b78e2ee66e","exec":["var json = JSON.parse(responseBody);\r","\r","pm.test(\"ListaFilaDerivacao.CDN = 1935\", function () {\r","    pm.expect(json.saida.ListaFilaDerivacao[0].CDN).to.eql(\"1935\");\r","});\r","\r","pm.test(\"ListaFilaDerivacao.RoutingPoint = 3073\", function () {\r","    pm.expect(json.saida.ListaFilaDerivacao[0].RoutingPoint).to.eql(\"3073\");\r","});\r",""],"type":"text/javascript"}}],"id":"b04bf39b-d474-4171-936e-3d5ff1cf338f","protocolProfileBehavior":{"disableBodyPruning":true},"request":{"auth":{"type":"noauth"},"method":"POST","header":[{"key":"Content-Type","name":"Content-Type","type":"text","value":"application/json"},{"key":"Accept","type":"text","value":"application/json"},{"key":"Authorization","type":"text","value":"Bearer {{client_bearer_bre}}"}],"body":{"mode":"raw","raw":"{\n    \"entrada\": {\n        \"Org\": \"\",\n        \"Admin\": \"\",\n        \"CDN\": \"2112\",\n        \"URA\": {\n            \"Ip\": \"\",\n            \"Porta\": \"\",\n            \"Feriado\": \"\"\n        },\n        \"Menu\": {\n            \"Arvore\": \"\",\n            \"Visivel\": \"\",\n            \"Digitacao\": \"\"\n        },\n        \"TipoPessoa\": \"F\"\n    }\n}"},"url":{"raw":"https://{{url_bre}}/DecisionService/rest/bre_dealer/1.0/saida_dealer","protocol":"https","host":["{{url_bre}}"],"path":["DecisionService","rest","bre_dealer","1.0","saida_dealer"]}},"response":[]},{"name":"CO_NSA / CDN=2112 Copy","event":[{"listen":"test","script":{"id":"9fdfb3b0-124a-4e4e-850a-a669d9e5fd75","exec":["var json = JSON.parse(responseBody);\r","\r","pm.test(\"ListaFilaDerivacao.CDN = 1935\", function () {\r","    pm.expect(json.saida.ListaFilaDerivacao[0].CDN).to.eql(\"1935\");\r","});\r","\r","pm.test(\"ListaFilaDerivacao.RoutingPoint = 3073\", function () {\r","    pm.expect(json.saida.ListaFilaDerivacao[0].RoutingPoint).to.eql(\"3073\");\r","});\r",""],"type":"text/javascript"}}],"id":"859423ab-9958-40f5-a632-d9059b26e473","protocolProfileBehavior":{"disableBodyPruning":true},"request":{"auth":{"type":"noauth"},"method":"POST","header":[{"key":"Content-Type","name":"Content-Type","type":"text","value":"application/json"},{"key":"Accept","type":"text","value":"application/json"},{"key":"Authorization","type":"text","value":"Bearer {{client_bearer_bre}}"}],"body":{"mode":"raw","raw":"{\n    \"entrada\": {\n        \"Org\": \"\",\n        \"Admin\": \"\",\n        \"CDN\": \"1112\",\n        \"URA\": {\n            \"Ip\": \"\",\n            \"Porta\": \"\",\n            \"Feriado\": \"\"\n        },\n        \"Menu\": {\n            \"Arvore\": \"\",\n            \"Visivel\": \"\",\n            \"Digitacao\": \"\"\n        },\n        \"TipoPessoa\": \"F\"\n    }\n}"},"url":{"raw":"https://{{url_bre}}/DecisionService/rest/bre_dealer/1.0/saida_dealer","protocol":"https","host":["{{url_bre}}"],"path":["DecisionService","rest","bre_dealer","1.0","saida_dealer"]}},"response":[]},{"name":"FI_Dealer (Concessionaria) opção 2 e 3 / CDN=1152","event":[{"listen":"test","script":{"id":"9060fe21-ee3c-415a-80fb-8d5462d0bc76","exec":["var json = JSON.parse(responseBody);\r","\r","pm.test(\"ListaFilaDerivacao[0].CDN = 1901\", function () {\r","    pm.expect(json.saida.ListaFilaDerivacao[0].CDN).to.eql(\"1901\");\r","});\r","\r","pm.test(\"ListaFilaDerivacao[0].RoutingPoint = 3073\", function () {\r","    pm.expect(json.saida.ListaFilaDerivacao[0].RoutingPoint).to.eql(\"3073\");\r","});\r","\r","pm.test(\"ListaFilaDerivacao[1].CDN = 1935\", function () {\r","    pm.expect(json.saida.ListaFilaDerivacao[1].CDN).to.eql(\"1935\");\r","});\r","\r","pm.test(\"ListaFilaDerivacao[1].RoutingPoint = 3073\", function () {\r","    pm.expect(json.saida.ListaFilaDerivacao[1].RoutingPoint).to.eql(\"3073\");\r","});\r",""],"type":"text/javascript"}}],"id":"cdfd11e3-7ce0-4ddc-9a13-c82035eb8559","protocolProfileBehavior":{"disableBodyPruning":true},"request":{"auth":{"type":"noauth"},"method":"POST","header":[{"key":"Content-Type","name":"Content-Type","type":"text","value":"application/json"},{"key":"Accept","type":"text","value":"application/json"},{"key":"Authorization","type":"text","value":"Bearer {{client_bearer_bre}}"}],"body":{"mode":"raw","raw":"{\n    \"entrada\": {\n        \"Org\": \"\",\n        \"Admin\": \"\",\n        \"CDN\": \"1152\",\n        \"URA\": {\n            \"Ip\": \"\",\n            \"Porta\": \"\",\n            \"Feriado\": \"\"\n        },\n        \"Menu\": {\n            \"Arvore\": \"\",\n            \"Visivel\": \"\",\n            \"Digitacao\": \"\"\n        },\n        \"TipoPessoa\": \"F\"\n    }\n}"},"url":{"raw":"https://{{url_bre}}/DecisionService/rest/bre_dealer/1.0/saida_dealer","protocol":"https","host":["{{url_bre}}"],"path":["DecisionService","rest","bre_dealer","1.0","saida_dealer"]}},"response":[]},{"name":"FI_Dealer (Concessionaria) opção 2 e 3 / CDN=2152","event":[{"listen":"test","script":{"id":"27be6abe-03d8-40a3-a101-5252fe0fee83","exec":["var json = JSON.parse(responseBody);\r","\r","pm.test(\"ListaFilaDerivacao[0].CDN = 1901\", function () {\r","    pm.expect(json.saida.ListaFilaDerivacao[0].CDN).to.eql(\"1901\");\r","});\r","\r","pm.test(\"ListaFilaDerivacao[0].RoutingPoint = 3073\", function () {\r","    pm.expect(json.saida.ListaFilaDerivacao[0].RoutingPoint).to.eql(\"3073\");\r","});\r","\r","pm.test(\"ListaFilaDerivacao[1].CDN = 1935\", function () {\r","    pm.expect(json.saida.ListaFilaDerivacao[1].CDN).to.eql(\"1935\");\r","});\r","\r","pm.test(\"ListaFilaDerivacao[1].RoutingPoint = 3073\", function () {\r","    pm.expect(json.saida.ListaFilaDerivacao[1].RoutingPoint).to.eql(\"3073\");\r","});\r",""],"type":"text/javascript"}}],"id":"cb37b6bf-b583-4215-95cf-af90ae1adf67","protocolProfileBehavior":{"disableBodyPruning":true},"request":{"auth":{"type":"noauth"},"method":"POST","header":[{"key":"Content-Type","name":"Content-Type","type":"text","value":"application/json"},{"key":"Accept","type":"text","value":"application/json"},{"key":"Authorization","type":"text","value":"Bearer {{client_bearer_bre}}"}],"body":{"mode":"raw","raw":"{\n    \"entrada\": {\n        \"Org\": \"\",\n        \"Admin\": \"\",\n        \"CDN\": \"2152\",\n        \"URA\": {\n            \"Ip\": \"\",\n            \"Porta\": \"\",\n            \"Feriado\": \"\"\n        },\n        \"Menu\": {\n            \"Arvore\": \"\",\n            \"Visivel\": \"\",\n            \"Digitacao\": \"\"\n        },\n        \"TipoPessoa\": \"F\"\n    }\n}"},"url":{"raw":"https://{{url_bre}}/DecisionService/rest/bre_dealer/1.0/saida_dealer","protocol":"https","host":["{{url_bre}}"],"path":["DecisionService","rest","bre_dealer","1.0","saida_dealer"]}},"response":[]},{"name":"FI_Plataforma CDN=2102","event":[{"listen":"test","script":{"id":"7c13b202-cd6d-41f5-b582-6a3b08abafa7","exec":["var json = JSON.parse(responseBody);\r","\r","pm.test(\"ListaFilaDerivacao.CDN = 1906\", function () {\r","    pm.expect(json.saida.ListaFilaDerivacao[0].CDN).to.eql(\"1906\");\r","});\r","\r","pm.test(\"ListaFilaDerivacao.RoutingPoint = 3073\", function () {\r","    pm.expect(json.saida.ListaFilaDerivacao[0].RoutingPoint).to.eql(\"3073\");\r","});\r",""],"type":"text/javascript"}}],"id":"558ed337-9e6c-41f4-90a9-397bb013d3a6","protocolProfileBehavior":{"disableBodyPruning":true},"request":{"auth":{"type":"noauth"},"method":"POST","header":[{"key":"Content-Type","name":"Content-Type","type":"text","value":"application/json"},{"key":"Accept","type":"text","value":"application/json"},{"key":"Authorization","type":"text","value":"Bearer {{client_bearer_bre}}"}],"body":{"mode":"raw","raw":"{\n    \"entrada\": {\n        \"Org\": \"\",\n        \"Admin\": \"\",\n        \"CDN\": \"2102\",\n        \"URA\": {\n            \"Ip\": \"\",\n            \"Porta\": \"\",\n            \"Feriado\": \"\"\n        },\n        \"Menu\": {\n            \"Arvore\": \"\",\n            \"Visivel\": \"\",\n            \"Digitacao\": \"\"\n        },\n        \"TipoPessoa\": \"F\"\n    }\n}"},"url":{"raw":"https://{{url_bre}}/DecisionService/rest/bre_dealer/1.0/saida_dealer","protocol":"https","host":["{{url_bre}}"],"path":["DecisionService","rest","bre_dealer","1.0","saida_dealer"]}},"response":[]},{"name":"FI_Plataforma CDN=1102","event":[{"listen":"test","script":{"id":"2b3e9e1d-3e4f-4823-851e-f1bb1f74da04","exec":["var json = JSON.parse(responseBody);\r","\r","pm.test(\"ListaFilaDerivacao.CDN = 1906\", function () {\r","    pm.expect(json.saida.ListaFilaDerivacao[0].CDN).to.eql(\"1906\");\r","});\r","\r","pm.test(\"ListaFilaDerivacao.RoutingPoint = 3073\", function () {\r","    pm.expect(json.saida.ListaFilaDerivacao[0].RoutingPoint).to.eql(\"3073\");\r","});\r",""],"type":"text/javascript"}}],"id":"dc4be20a-e901-4ab6-8b82-87106be8c1be","protocolProfileBehavior":{"disableBodyPruning":true},"request":{"auth":{"type":"noauth"},"method":"POST","header":[{"key":"Content-Type","name":"Content-Type","type":"text","value":"application/json"},{"key":"Accept","type":"text","value":"application/json"},{"key":"Authorization","type":"text","value":"Bearer {{client_bearer_bre}}"}],"body":{"mode":"raw","raw":"{\n    \"entrada\": {\n        \"Org\": \"\",\n        \"Admin\": \"\",\n        \"CDN\": \"1102\",\n        \"URA\": {\n            \"Ip\": \"\",\n            \"Porta\": \"\",\n            \"Feriado\": \"\"\n        },\n        \"Menu\": {\n            \"Arvore\": \"\",\n            \"Visivel\": \"\",\n            \"Digitacao\": \"\"\n        },\n        \"TipoPessoa\": \"F\"\n    }\n}"},"url":{"raw":"https://{{url_bre}}/DecisionService/rest/bre_dealer/1.0/saida_dealer","protocol":"https","host":["{{url_bre}}"],"path":["DecisionService","rest","bre_dealer","1.0","saida_dealer"]}},"response":[]}],"id":"a1efa16b-9a79-4d2c-adbe-f05421857bce"}]}