{"info":{"_postman_id":"709e8112-0220-426d-838d-10b0a1328649","name":"BRE-Login","schema":"https://schema.getpostman.com/json/collection/v2.1.0/collection.json"},"item":[{"name":"BRE tokenInfo","event":[{"listen":"test","script":{"id":"fbc0f839-b21a-4f22-9dd6-df88242ace61","exec":["var json = JSON.parse(responseBody);\r","\r","pm.test(\"expires_in = 300\", function () {\r","    pm.expect(json.expires_in).not.to.eql(0);\r","});"],"type":"text/javascript"}}],"id":"3fa0ae58-bf2d-4fcc-aaca-825f12b3e7f0","protocolProfileBehavior":{"disableBodyPruning":true},"request":{"method":"GET","header":[{"key":"Content-Type","name":"Content-Type","type":"text","value":"application/x-www-form-urlencoded"}],"body":{"mode":"urlencoded","urlencoded":[{"key":"access_token","value":"{{client_bearer_bre}}","type":"text"}]},"url":{"raw":"https://{{url_sts}}/api/oauth/tokeninfo","protocol":"https","host":["{{url_sts}}"],"path":["api","oauth","tokeninfo"]}},"response":[]},{"name":"Token BRE password","event":[{"listen":"test","script":{"id":"29fc019a-b1b2-4d73-84f8-00d6fea234f1","exec":["var json = JSON.parse(responseBody);\r","\r","pm.environment.set(\"client_bearer_bre\", json.access_token);\r","\r","\r","pm.test(\"expires_in = 300\", function () {\r","    pm.expect(json.expires_in).to.eql(300);\r","});\r",""],"type":"text/javascript"}}],"id":"4dc30eb5-1c2a-4dc6-8044-5dd170fde2df","protocolProfileBehavior":{"disableBodyPruning":true},"request":{"method":"POST","header":[{"key":"Content-Type","name":"Content-Type","type":"text","value":"application/x-www-form-urlencoded"},{"key":"Accept","type":"text","value":"application/json"}],"body":{"mode":"urlencoded","urlencoded":[{"key":"grant_type","value":"password","type":"text"},{"key":"client_id","value":"{{client_id_bre}}","type":"text"},{"key":"client_secret","value":"{{client_secret_bre}}","type":"text"},{"key":"username","value":"{{cps_username}}","type":"text"},{"key":"password","value":"{{cps_password}}","type":"text"}]},"url":{"raw":"https://{{url_sts}}/api/oauth/token","protocol":"https","host":["{{url_sts}}"],"path":["api","oauth","token"]},"description":"Chamada para STS\n"},"response":[]},{"name":"Token BRE password (DISPARA ALARME MONIT)","event":[{"listen":"test","script":{"id":"5fba8d89-0498-4837-a9ae-de18271c9c9a","exec":["var json = JSON.parse(responseBody);\r","\r","pm.environment.set(\"client_bearer_bre\", json.access_token);\r","\r","\r","pm.test(\"expires_in = 300\", function () {\r","    pm.expect(json.expires_in).to.eql(300);\r","});\r",""],"type":"text/javascript"}}],"id":"52daa620-665e-40a1-9759-e281452ca7b0","protocolProfileBehavior":{"disableBodyPruning":true},"request":{"method":"POST","header":[{"key":"Content-Type","name":"Content-Type","type":"text","value":"application/x-www-form-urlencoded"},{"key":"Accept","type":"text","value":"application/json"}],"body":{"mode":"urlencoded","urlencoded":[{"key":"grant_type","value":"password","type":"text"},{"key":"client_id","value":"ff2bd5a0-0ef6-4eb1-a33d-e32c2cf5d4ee","type":"text"},{"key":"client_secret","value":"{{client_secret_bre}}","type":"text"},{"key":"username","value":"{{cps_username}}","type":"text"},{"key":"password","value":"{{cps_password}}2","type":"text"}]},"url":{"raw":"https://sts.mbi.cloud.ihf/api/oauth/token","protocol":"https","host":["sts","mbi","cloud","ihf"],"path":["api","oauth","token"]},"description":"Chamada para STS\n"},"response":[]}]}