{"info":{"_postman_id":"7373d03a-dff0-47c4-81ed-74a4aa24e1a0","name":"BRE-URA-Parametrizacao","schema":"https://schema.getpostman.com/json/collection/v2.1.0/collection.json"},"item":[{"name":"ET8 cartões","item":[{"name":"frontend","item":[{"name":"Variaveis","item":[{"name":"ambiente","event":[{"listen":"prerequest","script":{"exec":["var sts = \"https://\" + pm.environment.get(\"url_sts\") +\"/api/oauth/token\";\r","var clientID = pm.environment.get(\"client_id_bre\");\r","var clientSecret = pm.environment.get(\"client_secret_bre\");\r","var timeNow = Date.now();\r","\r","console.log(\"login sts\")\r","console.log(\"sts url: \"+ sts)\r","console.log(\"clientID: \"+ clientID)\r","console.log(\"clientSecret: \"+ clientSecret)\r","\r","\r","console.log(\"solicitando token ...\")\r","    pm.sendRequest({\r","        url: sts,\r","        method: 'POST',\r","        header: {\r","            'Content-Type': 'application/x-www-form-urlencoded',\r","            'Accept': 'application/json'\r","        },\r","        body: {\r","            mode: 'urlencoded',\r","            urlencoded: [\r","                { key: \"grant_type\", value: \"client_credentials\", disabled: false },\r","                { key: \"client_id\", value: clientID, disabled: false },\r","                { key: \"client_secret\", value: clientSecret, disabled: false },\r","            ]\r","        }\r","    }, function (err, response) {\r","        pm.environment.set(\"client_bearer_bre\", response.json().access_token);\r","    });\r","    \r","    console.log(\"bearer \" + pm.environment.get(\"client_bearer_bre\"))\r","\r","\r",""],"type":"text/javascript","id":"8efe6a92-bdba-455d-ae66-b55e7c75dd7d"}},{"listen":"test","script":{"exec":["var json = JSON.parse(responseBody);\r","\r","pm.test(\"ListaVoiceBanner\", function () {\r","    pm.expect(json.saida.ListaVoiceBanner[0].Frase).to.eql(\"401\");\r","    pm.expect(json.saida.ListaVoiceBanner[0].Servico).to.eql(\"98\");\r","});\r","\r","\r",""],"type":"text/javascript","id":"bcad289b-942b-4848-a9fe-c2680b1df6ea"}}],"id":"12996c71-b04f-403a-8de5-74325ede014f","protocolProfileBehavior":{"disableBodyPruning":true},"request":{"auth":{"type":"noauth"},"method":"POST","header":[{"key":"Content-Type","name":"Content-Type","type":"text","value":"application/json"},{"key":"Accept","type":"text","value":"application/json"},{"key":"Authorization","type":"text","value":"Bearer {{client_bearer_bre}}"}],"body":{"mode":"raw","raw":"{\r\n    \"entrada\": {\r\n        \"Sigla\": \"ET8\",\r\n        \"Aplicacao\": \"frontend\",\r\n        \"Feature\": {\"nome\":\"\",\"valor\":\"\"},\r\n        \"Variavel\": {\"nome\":\"ambiente\",\"valor\":\"\"},\r\n        \"ListaChave\":[\r\n            {\"nome\":\"ddd\",\"valor\":\"12\"},\r\n            {\"nome\":\"cpf_final\",\"valor\":\"6\"}\r\n        ],\r\n        \"Data\":\"2022-03-01T16:22:00-03:00\"\r\n        }\r\n}"},"url":{"raw":"https://{{url_bre}}/DecisionService/rest/bre_parametrizacao_ura_pvi/1.0/saida","protocol":"https","host":["{{url_bre}}"],"path":["DecisionService","rest","bre_parametrizacao_ura_pvi","1.0","saida"]}},"response":[]},{"name":"ambiente.cache-sts","event":[{"listen":"prerequest","script":{"exec":["var sts = \"https://\" + pm.environment.get(\"url_sts\") +\"/api/oauth/token\";\r","var clientID = pm.environment.get(\"client_id_bre\");\r","var clientSecret = pm.environment.get(\"client_secret_bre\");\r","var timeNow = Date.now();\r","\r","console.log(\"login sts\")\r","console.log(\"sts url: \"+ sts)\r","console.log(\"clientID: \"+ clientID)\r","console.log(\"clientSecret: \"+ clientSecret)\r","\r","\r","console.log(\"solicitando token ...\")\r","    pm.sendRequest({\r","        url: sts,\r","        method: 'POST',\r","        header: {\r","            'Content-Type': 'application/x-www-form-urlencoded',\r","            'Accept': 'application/json'\r","        },\r","        body: {\r","            mode: 'urlencoded',\r","            urlencoded: [\r","                { key: \"grant_type\", value: \"client_credentials\", disabled: false },\r","                { key: \"client_id\", value: clientID, disabled: false },\r","                { key: \"client_secret\", value: clientSecret, disabled: false },\r","            ]\r","        }\r","    }, function (err, response) {\r","        pm.environment.set(\"client_bearer_bre\", response.json().access_token);\r","    });\r","    \r","    console.log(\"bearer \" + pm.environment.get(\"client_bearer_bre\"))\r","\r","\r",""],"type":"text/javascript","id":"545b46c6-6fc4-4119-9d89-4506566c613d"}},{"listen":"test","script":{"exec":["var json = JSON.parse(responseBody);\r","\r","pm.test(\"ListaVoiceBanner\", function () {\r","    pm.expect(json.saida.ListaVoiceBanner[0].Frase).to.eql(\"401\");\r","    pm.expect(json.saida.ListaVoiceBanner[0].Servico).to.eql(\"98\");\r","});\r","\r","\r",""],"type":"text/javascript","id":"345aeae6-41da-40ce-bd62-addd05ba75d9"}}],"id":"15aa35f2-c41e-4692-beb4-02aeababb5ef","protocolProfileBehavior":{"disableBodyPruning":true},"request":{"auth":{"type":"noauth"},"method":"POST","header":[{"key":"Content-Type","name":"Content-Type","type":"text","value":"application/json"},{"key":"Accept","type":"text","value":"application/json"},{"key":"Authorization","type":"text","value":"Bearer {{client_bearer_bre}}"}],"body":{"mode":"raw","raw":"{\r\n    \"entrada\": {\r\n        \"Sigla\": \"ET8\",\r\n        \"Aplicacao\": \"frontend\",\r\n        \"Feature\": {\"nome\":\"\",\"valor\":\"\"},\r\n        \"Variavel\": {\"nome\":\"ambiente\",\"valor\":\"cache-sts\"},\r\n        \"ListaChave\":[\r\n            {\"nome\":\"ddd\",\"valor\":\"12\"},\r\n            {\"nome\":\"cpf_final\",\"valor\":\"6\"}\r\n        ],\r\n        \"Data\":\"2022-03-01T16:22:00-03:00\"\r\n        }\r\n}"},"url":{"raw":"https://{{url_bre}}/DecisionService/rest/bre_parametrizacao_ura_pvi/1.0/saida","protocol":"https","host":["{{url_bre}}"],"path":["DecisionService","rest","bre_parametrizacao_ura_pvi","1.0","saida"]}},"response":[]},{"name":"udial","event":[{"listen":"prerequest","script":{"exec":["var sts = \"https://\" + pm.environment.get(\"url_sts\") +\"/api/oauth/token\";\r","var clientID = pm.environment.get(\"client_id_bre\");\r","var clientSecret = pm.environment.get(\"client_secret_bre\");\r","var timeNow = Date.now();\r","\r","console.log(\"login sts\")\r","console.log(\"sts url: \"+ sts)\r","console.log(\"clientID: \"+ clientID)\r","console.log(\"clientSecret: \"+ clientSecret)\r","\r","\r","console.log(\"solicitando token ...\")\r","    pm.sendRequest({\r","        url: sts,\r","        method: 'POST',\r","        header: {\r","            'Content-Type': 'application/x-www-form-urlencoded',\r","            'Accept': 'application/json'\r","        },\r","        body: {\r","            mode: 'urlencoded',\r","            urlencoded: [\r","                { key: \"grant_type\", value: \"client_credentials\", disabled: false },\r","                { key: \"client_id\", value: clientID, disabled: false },\r","                { key: \"client_secret\", value: clientSecret, disabled: false },\r","            ]\r","        }\r","    }, function (err, response) {\r","        pm.environment.set(\"client_bearer_bre\", response.json().access_token);\r","    });\r","    \r","    console.log(\"bearer \" + pm.environment.get(\"client_bearer_bre\"))\r","\r","\r",""],"type":"text/javascript","id":"d1bd4d97-4f3f-4000-8a15-886641f11fe1"}},{"listen":"test","script":{"exec":["var json = JSON.parse(responseBody);\r","\r","pm.test(\"ListaVoiceBanner\", function () {\r","    pm.expect(json.saida.ListaVoiceBanner[0].Frase).to.eql(\"401\");\r","    pm.expect(json.saida.ListaVoiceBanner[0].Servico).to.eql(\"98\");\r","});\r","\r","\r",""],"type":"text/javascript","id":"8ceabbb8-024f-4abe-a0d4-420d6d861115"}}],"id":"d1047328-7602-46b7-ab33-17de1450f4be","protocolProfileBehavior":{"disableBodyPruning":true},"request":{"auth":{"type":"noauth"},"method":"POST","header":[{"key":"Content-Type","name":"Content-Type","type":"text","value":"application/json"},{"key":"Accept","type":"text","value":"application/json"},{"key":"Authorization","type":"text","value":"Bearer {{client_bearer_bre}}"}],"body":{"mode":"raw","raw":"{\r\n    \"entrada\": {\r\n        \"Sigla\": \"ET8\",\r\n        \"Aplicacao\": \"frontend\",\r\n        \"Feature\": {\"nome\":\"\",\"valor\":\"\"},\r\n        \"Variavel\": {\"nome\":\"udial\",\"valor\":\"\"},\r\n        \"ListaChave\":[\r\n            {\"nome\":\"ddd\",\"valor\":\"12\"},\r\n            {\"nome\":\"cpf_final\",\"valor\":\"6\"}\r\n        ],\r\n        \"Data\":\"2022-03-01T16:22:00-03:00\"\r\n        }\r\n}"},"url":{"raw":"https://{{url_bre}}/DecisionService/rest/bre_parametrizacao_ura_pvi/1.0/saida","protocol":"https","host":["{{url_bre}}"],"path":["DecisionService","rest","bre_parametrizacao_ura_pvi","1.0","saida"]}},"response":[]},{"name":"udial.funcional-admin","event":[{"listen":"prerequest","script":{"exec":["var sts = \"https://\" + pm.environment.get(\"url_sts\") +\"/api/oauth/token\";\r","var clientID = pm.environment.get(\"client_id_bre\");\r","var clientSecret = pm.environment.get(\"client_secret_bre\");\r","var timeNow = Date.now();\r","\r","console.log(\"login sts\")\r","console.log(\"sts url: \"+ sts)\r","console.log(\"clientID: \"+ clientID)\r","console.log(\"clientSecret: \"+ clientSecret)\r","\r","\r","console.log(\"solicitando token ...\")\r","    pm.sendRequest({\r","        url: sts,\r","        method: 'POST',\r","        header: {\r","            'Content-Type': 'application/x-www-form-urlencoded',\r","            'Accept': 'application/json'\r","        },\r","        body: {\r","            mode: 'urlencoded',\r","            urlencoded: [\r","                { key: \"grant_type\", value: \"client_credentials\", disabled: false },\r","                { key: \"client_id\", value: clientID, disabled: false },\r","                { key: \"client_secret\", value: clientSecret, disabled: false },\r","            ]\r","        }\r","    }, function (err, response) {\r","        pm.environment.set(\"client_bearer_bre\", response.json().access_token);\r","    });\r","    \r","    console.log(\"bearer \" + pm.environment.get(\"client_bearer_bre\"))\r","\r","\r",""],"type":"text/javascript","id":"8f5cef57-edef-42e7-bf62-ba07d506817a"}},{"listen":"test","script":{"exec":["var json = JSON.parse(responseBody);\r","\r","pm.test(\"ListaVoiceBanner\", function () {\r","    pm.expect(json.saida.ListaVoiceBanner[0].Frase).to.eql(\"401\");\r","    pm.expect(json.saida.ListaVoiceBanner[0].Servico).to.eql(\"98\");\r","});\r","\r","\r",""],"type":"text/javascript","id":"5d043de4-2397-4c5e-9e01-c10e67c50336"}}],"id":"291125d7-ba99-4172-805b-bef75fb6e6d3","protocolProfileBehavior":{"disableBodyPruning":true},"request":{"auth":{"type":"noauth"},"method":"POST","header":[{"key":"Content-Type","name":"Content-Type","type":"text","value":"application/json"},{"key":"Accept","type":"text","value":"application/json"},{"key":"Authorization","type":"text","value":"Bearer {{client_bearer_bre}}"}],"body":{"mode":"raw","raw":"{\r\n    \"entrada\": {\r\n        \"Sigla\": \"ET8\",\r\n        \"Aplicacao\": \"frontend\",\r\n        \"Feature\": {\"nome\":\"\",\"valor\":\"\"},\r\n        \"Variavel\": {\"nome\":\"udial\",\"valor\":\"funcional-admin\"},\r\n        \"ListaChave\":[\r\n            {\"nome\":\"ddd\",\"valor\":\"12\"},\r\n            {\"nome\":\"cpf_final\",\"valor\":\"6\"}\r\n        ],\r\n        \"Data\":\"2022-03-01T16:22:00-03:00\"\r\n        }\r\n}"},"url":{"raw":"https://{{url_bre}}/DecisionService/rest/bre_parametrizacao_ura_pvi/1.0/saida","protocol":"https","host":["{{url_bre}}"],"path":["DecisionService","rest","bre_parametrizacao_ura_pvi","1.0","saida"]}},"response":[]}],"id":"411f1a0f-02e9-444c-a4d3-4b3d38fb2f3c"},{"name":"Piloto","item":[{"name":"piloto SIM","event":[{"listen":"prerequest","script":{"exec":["var sts = \"https://\" + pm.environment.get(\"url_sts\") +\"/api/oauth/token\";\r","var clientID = pm.environment.get(\"client_id_bre\");\r","var clientSecret = pm.environment.get(\"client_secret_bre\");\r","var timeNow = Date.now();\r","\r","console.log(\"login sts\")\r","console.log(\"sts url: \"+ sts)\r","console.log(\"clientID: \"+ clientID)\r","console.log(\"clientSecret: \"+ clientSecret)\r","\r","\r","console.log(\"solicitando token ...\")\r","    pm.sendRequest({\r","        url: sts,\r","        method: 'POST',\r","        header: {\r","            'Content-Type': 'application/x-www-form-urlencoded',\r","            'Accept': 'application/json'\r","        },\r","        body: {\r","            mode: 'urlencoded',\r","            urlencoded: [\r","                { key: \"grant_type\", value: \"client_credentials\", disabled: false },\r","                { key: \"client_id\", value: clientID, disabled: false },\r","                { key: \"client_secret\", value: clientSecret, disabled: false },\r","            ]\r","        }\r","    }, function (err, response) {\r","        pm.environment.set(\"client_bearer_bre\", response.json().access_token);\r","    });\r","    \r","    console.log(\"bearer \" + pm.environment.get(\"client_bearer_bre\"))\r","\r","\r",""],"type":"text/javascript","id":"a7e9065b-8f08-47fb-bd45-a890e7f3a318"}},{"listen":"test","script":{"exec":["var json = JSON.parse(responseBody);\r","\r","pm.test(\"ListaVoiceBanner\", function () {\r","    pm.expect(json.saida.ListaVoiceBanner[0].Frase).to.eql(\"401\");\r","    pm.expect(json.saida.ListaVoiceBanner[0].Servico).to.eql(\"98\");\r","});\r","\r","\r",""],"type":"text/javascript","id":"aae093cc-310e-4e54-9f18-c396e1a65451"}}],"id":"79e6d089-0aa3-4192-a18e-1af0e58473aa","protocolProfileBehavior":{"disableBodyPruning":true},"request":{"auth":{"type":"noauth"},"method":"POST","header":[{"key":"Content-Type","name":"Content-Type","type":"text","value":"application/json"},{"key":"Accept","type":"text","value":"application/json"},{"key":"Authorization","type":"text","value":"Bearer {{client_bearer_bre}}"}],"body":{"mode":"raw","raw":"{\r\n    \"entrada\": {\r\n        \"Sigla\": \"ET8\",\r\n        \"Aplicacao\": \"frontend\",\r\n        \"Feature\": {\"nome\":\"\",\"valor\":\"\"},\r\n        \"Variavel\": {\"nome\":\"\",\"valor\":\"\"},\r\n        \"ListaChave\":[\r\n            {\"nome\":\"ddd\",\"valor\":\"12\"},\r\n            {\"nome\":\"cpf_final\",\"valor\":\"6\"}\r\n        ],\r\n        \"Data\":\"2022-03-01T16:22:00-03:00\"\r\n        }\r\n}"},"url":{"raw":"https://{{url_bre}}/DecisionService/rest/bre_parametrizacao_ura_pvi/1.0/saida","protocol":"https","host":["{{url_bre}}"],"path":["DecisionService","rest","bre_parametrizacao_ura_pvi","1.0","saida"]}},"response":[]},{"name":"piloto NAO","event":[{"listen":"prerequest","script":{"exec":["var sts = \"https://\" + pm.environment.get(\"url_sts\") +\"/api/oauth/token\";\r","var clientID = pm.environment.get(\"client_id_bre\");\r","var clientSecret = pm.environment.get(\"client_secret_bre\");\r","var timeNow = Date.now();\r","\r","console.log(\"login sts\")\r","console.log(\"sts url: \"+ sts)\r","console.log(\"clientID: \"+ clientID)\r","console.log(\"clientSecret: \"+ clientSecret)\r","\r","\r","console.log(\"solicitando token ...\")\r","    pm.sendRequest({\r","        url: sts,\r","        method: 'POST',\r","        header: {\r","            'Content-Type': 'application/x-www-form-urlencoded',\r","            'Accept': 'application/json'\r","        },\r","        body: {\r","            mode: 'urlencoded',\r","            urlencoded: [\r","                { key: \"grant_type\", value: \"client_credentials\", disabled: false },\r","                { key: \"client_id\", value: clientID, disabled: false },\r","                { key: \"client_secret\", value: clientSecret, disabled: false },\r","            ]\r","        }\r","    }, function (err, response) {\r","        pm.environment.set(\"client_bearer_bre\", response.json().access_token);\r","    });\r","    \r","    console.log(\"bearer \" + pm.environment.get(\"client_bearer_bre\"))\r","\r","\r",""],"type":"text/javascript","id":"478df3a8-e439-4721-87b6-b2d26a469608"}},{"listen":"test","script":{"exec":["var json = JSON.parse(responseBody);\r","\r","pm.test(\"ListaVoiceBanner\", function () {\r","    pm.expect(json.saida.ListaVoiceBanner[0].Frase).to.eql(\"401\");\r","    pm.expect(json.saida.ListaVoiceBanner[0].Servico).to.eql(\"98\");\r","});\r","\r","\r",""],"type":"text/javascript","id":"73b49950-f4e4-4b09-896e-b785f1715e52"}}],"id":"f01064d6-50af-4279-a76c-c29afda2ee0e","protocolProfileBehavior":{"disableBodyPruning":true},"request":{"auth":{"type":"noauth"},"method":"POST","header":[{"key":"Content-Type","name":"Content-Type","type":"text","value":"application/json"},{"key":"Accept","type":"text","value":"application/json"},{"key":"Authorization","type":"text","value":"Bearer {{client_bearer_bre}}"}],"body":{"mode":"raw","raw":"{\r\n    \"entrada\": {\r\n        \"Sigla\": \"ET8\",\r\n        \"Aplicacao\": \"frontend\",\r\n        \"Feature\": {\"nome\":\"\",\"valor\":\"\"},\r\n        \"Variavel\": {\"nome\":\"\",\"valor\":\"\"},\r\n        \"ListaChave\":[\r\n            {\"nome\":\"ddd\",\"valor\":\"12\"},\r\n            {\"nome\":\"cpf_final\",\"valor\":\"6\"}\r\n        ],\r\n        \"Data\":\"2022-03-01T16:22:00-03:00\"\r\n        }\r\n}"},"url":{"raw":"https://{{url_bre}}/DecisionService/rest/bre_parametrizacao_ura_pvi/1.0/saida","protocol":"https","host":["{{url_bre}}"],"path":["DecisionService","rest","bre_parametrizacao_ura_pvi","1.0","saida"]}},"response":[]}],"id":"2730679f-b1d6-4484-a38a-7acdfa613eb6"},{"name":"Features","item":[{"name":"menu","event":[{"listen":"prerequest","script":{"exec":["var sts = \"https://\" + pm.environment.get(\"url_sts\") +\"/api/oauth/token\";\r","var clientID = pm.environment.get(\"client_id_bre\");\r","var clientSecret = pm.environment.get(\"client_secret_bre\");\r","var timeNow = Date.now();\r","\r","console.log(\"login sts\")\r","console.log(\"sts url: \"+ sts)\r","console.log(\"clientID: \"+ clientID)\r","console.log(\"clientSecret: \"+ clientSecret)\r","\r","\r","console.log(\"solicitando token ...\")\r","    pm.sendRequest({\r","        url: sts,\r","        method: 'POST',\r","        header: {\r","            'Content-Type': 'application/x-www-form-urlencoded',\r","            'Accept': 'application/json'\r","        },\r","        body: {\r","            mode: 'urlencoded',\r","            urlencoded: [\r","                { key: \"grant_type\", value: \"client_credentials\", disabled: false },\r","                { key: \"client_id\", value: clientID, disabled: false },\r","                { key: \"client_secret\", value: clientSecret, disabled: false },\r","            ]\r","        }\r","    }, function (err, response) {\r","        pm.environment.set(\"client_bearer_bre\", response.json().access_token);\r","    });\r","    \r","    console.log(\"bearer \" + pm.environment.get(\"client_bearer_bre\"))\r","\r","\r",""],"type":"text/javascript","id":"7d1c178a-0dfa-492e-baef-8ad6dd80b7d2"}},{"listen":"test","script":{"exec":["var json = JSON.parse(responseBody);\r","\r","pm.test(\"ListaVoiceBanner\", function () {\r","    pm.expect(json.saida.ListaVoiceBanner[0].Frase).to.eql(\"401\");\r","    pm.expect(json.saida.ListaVoiceBanner[0].Servico).to.eql(\"98\");\r","});\r","\r","\r",""],"type":"text/javascript","id":"f089f420-c60b-40d8-955e-6d44f5a20833"}}],"id":"4bf1a9a3-bbe3-4c66-947e-12c323dfcc77","protocolProfileBehavior":{"disableBodyPruning":true},"request":{"auth":{"type":"noauth"},"method":"POST","header":[{"key":"Content-Type","name":"Content-Type","type":"text","value":"application/json"},{"key":"Accept","type":"text","value":"application/json"},{"key":"Authorization","type":"text","value":"Bearer {{client_bearer_bre}}"}],"body":{"mode":"raw","raw":"{\r\n    \"entrada\": {\r\n        \"Sigla\": \"ET8\",\r\n        \"Aplicacao\": \"frontend\",\r\n        \"Feature\": {\"nome\":\"menu\",\"valor\":\"\"},\r\n        \"ListaChave\":[\r\n            {\"nome\":\"ddd\",\"valor\":\"1g2\"},\r\n            {\"nome\":\"cpf_final\",\"valor\":\"6g\"}\r\n        ],\r\n        \"Data\":\"2022-03-01T16:22:00-03:00\"\r\n        }\r\n}"},"url":{"raw":"https://{{url_bre}}/DecisionService/rest/bre_parametrizacao_ura_pvi/1.0/saida","protocol":"https","host":["{{url_bre}}"],"path":["DecisionService","rest","bre_parametrizacao_ura_pvi","1.0","saida"]}},"response":[]},{"name":"menu.capitalizacao","event":[{"listen":"prerequest","script":{"exec":["var sts = \"https://\" + pm.environment.get(\"url_sts\") +\"/api/oauth/token\";\r","var clientID = pm.environment.get(\"client_id_bre\");\r","var clientSecret = pm.environment.get(\"client_secret_bre\");\r","var timeNow = Date.now();\r","\r","console.log(\"login sts\")\r","console.log(\"sts url: \"+ sts)\r","console.log(\"clientID: \"+ clientID)\r","console.log(\"clientSecret: \"+ clientSecret)\r","\r","\r","console.log(\"solicitando token ...\")\r","    pm.sendRequest({\r","        url: sts,\r","        method: 'POST',\r","        header: {\r","            'Content-Type': 'application/x-www-form-urlencoded',\r","            'Accept': 'application/json'\r","        },\r","        body: {\r","            mode: 'urlencoded',\r","            urlencoded: [\r","                { key: \"grant_type\", value: \"client_credentials\", disabled: false },\r","                { key: \"client_id\", value: clientID, disabled: false },\r","                { key: \"client_secret\", value: clientSecret, disabled: false },\r","            ]\r","        }\r","    }, function (err, response) {\r","        pm.environment.set(\"client_bearer_bre\", response.json().access_token);\r","    });\r","    \r","    console.log(\"bearer \" + pm.environment.get(\"client_bearer_bre\"))\r","\r","\r",""],"type":"text/javascript","id":"ae2fe9f0-3b04-4b81-a13c-ba553227d29b"}},{"listen":"test","script":{"exec":["var json = JSON.parse(responseBody);\r","\r","pm.test(\"ListaVoiceBanner\", function () {\r","    pm.expect(json.saida.ListaVoiceBanner[0].Frase).to.eql(\"401\");\r","    pm.expect(json.saida.ListaVoiceBanner[0].Servico).to.eql(\"98\");\r","});\r","\r","\r",""],"type":"text/javascript","id":"2753cfd4-34e8-462d-b1c0-8a60fc447169"}}],"id":"38ec5b45-ad7a-423b-a49f-e49aad504fe9","protocolProfileBehavior":{"disableBodyPruning":true},"request":{"auth":{"type":"noauth"},"method":"POST","header":[{"key":"Content-Type","name":"Content-Type","type":"text","value":"application/json"},{"key":"Accept","type":"text","value":"application/json"},{"key":"Authorization","type":"text","value":"Bearer {{client_bearer_bre}}"}],"body":{"mode":"raw","raw":"{\r\n    \"entrada\": {\r\n        \"Sigla\": \"ET8\",\r\n        \"Aplicacao\": \"frontend\",\r\n        \"Feature\": {\"nome\":\"menu\",\"valor\":\"/capitalizacao\"},\r\n\r\n        \"ListaChave\":[\r\n            {\"nome\":\"ddd\",\"valor\":\"12\"},\r\n            {\"nome\":\"cpf_final\",\"valor\":\"6\"}\r\n        ],\r\n        \"Data\":\"2022-03-01T16:22:00-03:00\"\r\n        }\r\n}"},"url":{"raw":"https://{{url_bre}}/DecisionService/rest/bre_parametrizacao_ura_pvi/1.0/saida","protocol":"https","host":["{{url_bre}}"],"path":["DecisionService","rest","bre_parametrizacao_ura_pvi","1.0","saida"]}},"response":[]},{"name":"udial","event":[{"listen":"prerequest","script":{"exec":["var sts = \"https://\" + pm.environment.get(\"url_sts\") +\"/api/oauth/token\";\r","var clientID = pm.environment.get(\"client_id_bre\");\r","var clientSecret = pm.environment.get(\"client_secret_bre\");\r","var timeNow = Date.now();\r","\r","console.log(\"login sts\")\r","console.log(\"sts url: \"+ sts)\r","console.log(\"clientID: \"+ clientID)\r","console.log(\"clientSecret: \"+ clientSecret)\r","\r","\r","console.log(\"solicitando token ...\")\r","    pm.sendRequest({\r","        url: sts,\r","        method: 'POST',\r","        header: {\r","            'Content-Type': 'application/x-www-form-urlencoded',\r","            'Accept': 'application/json'\r","        },\r","        body: {\r","            mode: 'urlencoded',\r","            urlencoded: [\r","                { key: \"grant_type\", value: \"client_credentials\", disabled: false },\r","                { key: \"client_id\", value: clientID, disabled: false },\r","                { key: \"client_secret\", value: clientSecret, disabled: false },\r","            ]\r","        }\r","    }, function (err, response) {\r","        pm.environment.set(\"client_bearer_bre\", response.json().access_token);\r","    });\r","    \r","    console.log(\"bearer \" + pm.environment.get(\"client_bearer_bre\"))\r","\r","\r",""],"type":"text/javascript","id":"2a359b79-2251-406a-923c-c1e4a386e619"}},{"listen":"test","script":{"exec":["var json = JSON.parse(responseBody);\r","\r","pm.test(\"ListaVoiceBanner\", function () {\r","    pm.expect(json.saida.ListaVoiceBanner[0].Frase).to.eql(\"401\");\r","    pm.expect(json.saida.ListaVoiceBanner[0].Servico).to.eql(\"98\");\r","});\r","\r","\r",""],"type":"text/javascript","id":"0a28385a-0636-4b86-a834-b39b78d0cf81"}}],"id":"2ce04697-1e2b-4660-ae2c-d17e15e22c18","protocolProfileBehavior":{"disableBodyPruning":true},"request":{"auth":{"type":"noauth"},"method":"POST","header":[{"key":"Content-Type","name":"Content-Type","type":"text","value":"application/json"},{"key":"Accept","type":"text","value":"application/json"},{"key":"Authorization","type":"text","value":"Bearer {{client_bearer_bre}}"}],"body":{"mode":"raw","raw":"{\r\n    \"entrada\": {\r\n        \"Sigla\": \"ET8\",\r\n        \"Aplicacao\": \"frontend\",\r\n        \"Feature\": {\"nome\":\"udial\",\"valor\":\"\"},\r\n\r\n        \"ListaChave\":[\r\n            {\"nome\":\"ddd\",\"valor\":\"12\"},\r\n            {\"nome\":\"cpf_final\",\"valor\":\"6\"}\r\n        ],\r\n        \"Data\":\"2022-03-01T16:22:00-03:00\"\r\n        }\r\n}"},"url":{"raw":"https://{{url_bre}}/DecisionService/rest/bre_parametrizacao_ura_pvi/1.0/saida","protocol":"https","host":["{{url_bre}}"],"path":["DecisionService","rest","bre_parametrizacao_ura_pvi","1.0","saida"]}},"response":[]},{"name":"udial.parametrizador-eletronico","event":[{"listen":"prerequest","script":{"exec":["var sts = \"https://\" + pm.environment.get(\"url_sts\") +\"/api/oauth/token\";\r","var clientID = pm.environment.get(\"client_id_bre\");\r","var clientSecret = pm.environment.get(\"client_secret_bre\");\r","var timeNow = Date.now();\r","\r","console.log(\"login sts\")\r","console.log(\"sts url: \"+ sts)\r","console.log(\"clientID: \"+ clientID)\r","console.log(\"clientSecret: \"+ clientSecret)\r","\r","\r","console.log(\"solicitando token ...\")\r","    pm.sendRequest({\r","        url: sts,\r","        method: 'POST',\r","        header: {\r","            'Content-Type': 'application/x-www-form-urlencoded',\r","            'Accept': 'application/json'\r","        },\r","        body: {\r","            mode: 'urlencoded',\r","            urlencoded: [\r","                { key: \"grant_type\", value: \"client_credentials\", disabled: false },\r","                { key: \"client_id\", value: clientID, disabled: false },\r","                { key: \"client_secret\", value: clientSecret, disabled: false },\r","            ]\r","        }\r","    }, function (err, response) {\r","        pm.environment.set(\"client_bearer_bre\", response.json().access_token);\r","    });\r","    \r","    console.log(\"bearer \" + pm.environment.get(\"client_bearer_bre\"))\r","\r","\r",""],"type":"text/javascript","id":"45328064-2397-4acb-a2ff-772e893ce5cd"}},{"listen":"test","script":{"exec":["var json = JSON.parse(responseBody);\r","\r","pm.test(\"ListaVoiceBanner\", function () {\r","    pm.expect(json.saida.ListaVoiceBanner[0].Frase).to.eql(\"401\");\r","    pm.expect(json.saida.ListaVoiceBanner[0].Servico).to.eql(\"98\");\r","});\r","\r","\r",""],"type":"text/javascript","id":"8762f9ca-90ab-411d-8f07-43fc3cbd48d2"}}],"id":"4fbefbfe-9648-45fb-a5e3-d888cd1c2383","protocolProfileBehavior":{"disableBodyPruning":true},"request":{"auth":{"type":"noauth"},"method":"POST","header":[{"key":"Content-Type","name":"Content-Type","type":"text","value":"application/json"},{"key":"Accept","type":"text","value":"application/json"},{"key":"Authorization","type":"text","value":"Bearer {{client_bearer_bre}}"}],"body":{"mode":"raw","raw":"{\r\n    \"entrada\": {\r\n        \"Sigla\": \"ET8\",\r\n        \"Aplicacao\": \"frontend\",\r\n        \"Feature\": {\"nome\":\"udial\",\"valor\":\"parametrizador-eletronico\"},\r\n\r\n        \"ListaChave\":[\r\n            {\"nome\":\"ddd\",\"valor\":\"12\"},\r\n            {\"nome\":\"cpf_final\",\"valor\":\"6\"}\r\n        ],\r\n        \"Data\":\"2022-03-01T16:22:00-03:00\"\r\n        }\r\n}"},"url":{"raw":"https://{{url_bre}}/DecisionService/rest/bre_parametrizacao_ura_pvi/1.0/saida","protocol":"https","host":["{{url_bre}}"],"path":["DecisionService","rest","bre_parametrizacao_ura_pvi","1.0","saida"]}},"response":[]}],"id":"d387e751-3e29-4ddc-b556-db38b9b43c23"}],"id":"ced9e3af-520e-4fd6-9449-3caaf81a213a"}],"id":"d4cbace2-dbb3-430a-8730-9c02ef7abb5a"},{"name":"FZ6 seguros","item":[],"id":"9034f0d7-c3be-4120-b72b-c59f35b7ef91"}]}