{"info":{"_postman_id":"783220bc-fec4-45ef-81fb-768c1471ce3b","name":"BRE-Credito-Imobiliario","schema":"https://schema.getpostman.com/json/collection/v2.1.0/collection.json"},"item":[{"name":"Listar","event":[{"listen":"test","script":{"exec":["var json = JSON.parse(responseBody);\r","\r","pm.test(\"ListaFilaDerivacao.CDN = 1900\", function () {\r","    pm.expect(json.saida.ListaFilaDerivacao[0].CDN).to.eql(\"1900\");\r","});\r","\r","pm.test(\"ListaFilaDerivacao.RoutingPoint = 3073\", function () {\r","    pm.expect(json.saida.ListaFilaDerivacao[0].RoutingPoint).to.eql(\"3073\");\r","});\r",""],"type":"text/javascript","id":"a596a2f8-a567-436d-b852-a61f496a9f51"}}],"id":"9d0145ee-a293-4ffd-98c3-971f5ada9f73","protocolProfileBehavior":{"disableBodyPruning":true},"request":{"auth":{"type":"noauth"},"method":"POST","header":[{"key":"Content-Type","name":"Content-Type","type":"text","value":"application/json"},{"key":"Accept","type":"text","value":"application/json"},{"key":"Authorization","type":"text","value":"Bearer {{client_bearer_bre}}"}],"body":{"mode":"raw","raw":"{\n    \"entrada\": {\n        \"Org\": \"\",\n        \"Admin\": \"\",\n        \"CDN\": \"\",\n        \"URA\": {\n            \"Ip\": \"\",\n            \"Porta\": \"\",\n            \"Feriado\": \"\"\n        },\n        \"Menu\": {\n            \"Arvore\": \"\",\n            \"Visivel\": \"\",\n            \"Digitacao\": \"\"\n        },\n       \"TipoPessoa\": \"\",\n        \"Data\":\"\",\n        \"Hora\":\"\",\n        \"DiaSemana\":\"\",\n        \"Historico\":{\n        \t\"ListaVoiceBanner\":[{\n        \t\t\"Frase\":\"5\",\n        \t\t\"Cut\":\"\",\n        \t\t\"Opcao\":\"\",\n        \t\t\"Servico\":\"\",\n        \t\t\"Data\":\"2021-09-15T11:00:00.000-0300\"\n        \t},{\n        \t\t\"Frase\":\"4\",\n        \t\t\"Cut\":\"\",\n        \t\t\"Opcao\":\"\",\n        \t\t\"Servico\":\"\",\n        \t\t\"Data\":\"2021-09-12T13:17:00.000-0300\"\n        \t}]\n        }\n        \n    }\n}"},"url":{"raw":"https://{{url_bre}}:443/DecisionService/rest/bre_creditoimobiliario/1.0/saida_credito_imobiliario","protocol":"https","host":["{{url_bre}}"],"port":"443","path":["DecisionService","rest","bre_creditoimobiliario","1.0","saida_credito_imobiliario"]}},"response":[]},{"name":"Listar (api gateway)","event":[{"listen":"test","script":{"exec":["var json = JSON.parse(responseBody);\r","\r","pm.test(\"ListaFilaDerivacao.CDN = 0000\", function () {\r","    pm.expect(json.saida.ListaFilaDerivacao[0].CDN).to.eql(\"0000\");\r","});\r","\r","pm.test(\"ListaFilaDerivacao.RoutingPoint = 0071\", function () {\r","    pm.expect(json.saida.ListaFilaDerivacao[0].RoutingPoint).to.eql(\"0071\");\r","});\r",""],"type":"text/javascript","id":"7b8e5885-409a-4af7-aedb-7f6c834eec21"}}],"id":"2e9ac16b-e4ba-42a7-80aa-7d7228f56be9","protocolProfileBehavior":{"disableBodyPruning":true},"request":{"auth":{"type":"noauth"},"method":"POST","header":[{"key":"Content-Type","value":"application/json","type":"text"},{"key":"Accept","value":"application/json","type":"text"},{"key":"Authorization","value":"Bearer {{hc8_bearer_bre_rsa}}","type":"text"},{"key":"x-itau-apikey","value":"{{hc8_client_id_bre_rsa}}","type":"text"},{"key":"x-itau-flowID","value":"{{$guid}}","type":"text"},{"key":"x-itau-correlationID","value":"{{$guid}}","type":"text"}],"body":{"mode":"raw","raw":"{\n    \"entrada\": {\n        \"Org\": \"\",\n        \"Admin\": \"\",\n        \"CDN\": \"\",\n        \"URA\": {\n            \"Ip\": \"\",\n            \"Porta\": \"\",\n            \"Feriado\": \"\"\n        },\n        \"Menu\": {\n            \"Arvore\": \"\",\n            \"Visivel\": \"\",\n            \"Digitacao\": \"\"\n        },\n       \"TipoPessoa\": \"\",\n        \"Data\":\"\",\n        \"Hora\":\"\",\n        \"DiaSemana\":\"\",\n        \"Historico\":{\n        \t\"ListaVoiceBanner\":[{\n        \t\t\"Frase\":\"5\",\n        \t\t\"Cut\":\"\",\n        \t\t\"Opcao\":\"\",\n        \t\t\"Servico\":\"\",\n        \t\t\"Data\":\"2021-09-15T11:00:00.000-0300\"\n        \t},{\n        \t\t\"Frase\":\"4\",\n        \t\t\"Cut\":\"\",\n        \t\t\"Opcao\":\"\",\n        \t\t\"Servico\":\"\",\n        \t\t\"Data\":\"2021-09-12T13:17:00.000-0300\"\n        \t}]\n        }\n        \n    }\n}"},"url":{"raw":"https://{{url_api_gateway}}/bre_creditoimobiliario/1.0/saida_credito_imobiliario","protocol":"https","host":["{{url_api_gateway}}"],"path":["bre_creditoimobiliario","1.0","saida_credito_imobiliario"]}},"response":[]}]}