{"info":{"_postman_id":"7b9cae63-e0d2-471c-8e59-6359944873ce","name":"BRE-Dealer","schema":"https://schema.getpostman.com/json/collection/v2.1.0/collection.json"},"item":[{"name":"CDN 1102","event":[{"listen":"test","script":{"exec":["var json = JSON.parse(responseBody);\r","\r","pm.test(\"ListaFilaDerivacao.CDN = 1906\", function () {\r","    pm.expect(json.saida.ListaFilaDerivacao[0].CDN).to.eql(\"1906\");\r","});\r","\r","pm.test(\"ListaFilaDerivacao.RoutingPoint = 3073\", function () {\r","    pm.expect(json.saida.ListaFilaDerivacao[0].RoutingPoint).to.eql(\"3073\");\r","});\r",""],"type":"text/javascript","id":"19bb53d0-4af2-4771-9c5e-9a1b8d66f5a6"}}],"id":"8ae7e1bc-24b7-4bf8-810b-9282fcbfe236","protocolProfileBehavior":{"disableBodyPruning":true},"request":{"auth":{"type":"noauth"},"method":"POST","header":[{"key":"Content-Type","name":"Content-Type","type":"text","value":"application/json"},{"key":"Accept","type":"text","value":"application/json"},{"key":"Authorization","type":"text","value":"Bearer {{client_bearer_bre}}"}],"body":{"mode":"raw","raw":"{\n    \"entrada\": {\n        \"Org\": \"\",\n        \"Admin\": \"\",\n        \"CDN\": \"1102\",\n        \"URA\": {\n            \"Ip\": \"1.1.1.1\",\n            \"Porta\": \"\",\n            \"Feriado\": \"\"\n        },\n        \"Menu\": {\n            \"Arvore\": \"DE\",\n            \"Visivel\": \"\",\n            \"Digitacao\": \"\"\n        },\n       \"TipoPessoa\": \"F\",\n        \"Data\":\"04062021\",\n        \"Hora\":\"190000\",\n        \"DiaSemana\":\"Sexta\"\n    }\n}"},"url":{"raw":"https://{{url_bre}}:443/DecisionService/rest/bre_dealer/1.0/saida_dealer","protocol":"https","host":["{{url_bre}}"],"port":"443","path":["DecisionService","rest","bre_dealer","1.0","saida_dealer"]}},"response":[]},{"name":"CDN 1112","event":[{"listen":"test","script":{"exec":["var json = JSON.parse(responseBody);\r","\r","pm.test(\"ListaFilaDerivacao\", function () {\r","    pm.expect(json.saida.ListaFilaDerivacao[0].CDN).to.eql(\"1935\");\r","     pm.expect(json.saida.ListaFilaDerivacao[0].RoutingPoint).to.eql(\"3073\");\r","});\r",""],"type":"text/javascript","id":"8364db01-17f1-4011-9222-ac0925c20659"}}],"id":"70708cc8-b81d-4af8-a396-55d3138603e7","protocolProfileBehavior":{"disableBodyPruning":true},"request":{"auth":{"type":"noauth"},"method":"POST","header":[{"key":"Content-Type","name":"Content-Type","type":"text","value":"application/json"},{"key":"Accept","type":"text","value":"application/json"},{"key":"Authorization","type":"text","value":"Bearer {{client_bearer_bre}}"}],"body":{"mode":"raw","raw":"{\n    \"entrada\": {\n        \"Org\": \"\",\n        \"Admin\": \"\",\n        \"CDN\": \"1112\",\n        \"URA\": {\n            \"Ip\": \"1.1.1.1\",\n            \"Porta\": \"\",\n            \"Feriado\": \"\"\n        },\n        \"Menu\": {\n            \"Arvore\": \"DE\",\n            \"Visivel\": \"\",\n            \"Digitacao\": \"\"\n        },\n       \"TipoPessoa\": \"F\",\n        \"Data\":\"04062021\",\n        \"Hora\":\"190000\",\n        \"DiaSemana\":\"Sexta\"\n    }\n}"},"url":{"raw":"https://{{url_bre}}:443/DecisionService/rest/bre_dealer/1.0/saida_dealer","protocol":"https","host":["{{url_bre}}"],"port":"443","path":["DecisionService","rest","bre_dealer","1.0","saida_dealer"]}},"response":[]},{"name":"CDN 1152","event":[{"listen":"test","script":{"exec":["var json = JSON.parse(responseBody);\r","\r","pm.test(\"ListaFilaDerivacao\", function () {\r","    pm.expect(json.saida.ListaFilaDerivacao[0].CDN).to.eql(\"1901\");\r","     pm.expect(json.saida.ListaFilaDerivacao[0].RoutingPoint).to.eql(\"3073\");\r","\r","    pm.expect(json.saida.ListaFilaDerivacao[1].CDN).to.eql(\"1934\");\r","     pm.expect(json.saida.ListaFilaDerivacao[1].RoutingPoint).to.eql(\"3073\");\r","});\r",""],"type":"text/javascript","id":"5f95e8ad-13e6-49d8-bf5e-ac282e9d2663"}}],"id":"6f6dc7bb-cf72-4252-b408-135f7308ffc2","protocolProfileBehavior":{"disableBodyPruning":true},"request":{"auth":{"type":"noauth"},"method":"POST","header":[{"key":"Content-Type","name":"Content-Type","type":"text","value":"application/json"},{"key":"Accept","type":"text","value":"application/json"},{"key":"Authorization","type":"text","value":"Bearer {{client_bearer_bre}}"}],"body":{"mode":"raw","raw":"{\n    \"entrada\": {\n        \"Org\": \"\",\n        \"Admin\": \"\",\n        \"CDN\": \"1152\",\n        \"URA\": {\n            \"Ip\": \"1.1.1.1\",\n            \"Porta\": \"\",\n            \"Feriado\": \"\"\n        },\n        \"Menu\": {\n            \"Arvore\": \"DE\",\n            \"Visivel\": \"\",\n            \"Digitacao\": \"\"\n        },\n       \"TipoPessoa\": \"F\",\n        \"Data\":\"04062021\",\n        \"Hora\":\"190000\",\n        \"DiaSemana\":\"Sexta\"\n    }\n}"},"url":{"raw":"https://{{url_bre}}:443/DecisionService/rest/bre_dealer/1.0/saida_dealer","protocol":"https","host":["{{url_bre}}"],"port":"443","path":["DecisionService","rest","bre_dealer","1.0","saida_dealer"]}},"response":[]},{"name":"CDN 2102","event":[{"listen":"test","script":{"exec":["var json = JSON.parse(responseBody);\r","\r","pm.test(\"ListaFilaDerivacao\", function () {\r","    pm.expect(json.saida.ListaFilaDerivacao[0].CDN).to.eql(\"1906\");\r","     pm.expect(json.saida.ListaFilaDerivacao[0].RoutingPoint).to.eql(\"3073\");\r","\r","});\r",""],"type":"text/javascript","id":"37bc79dc-07b6-4c17-959d-b4ee7013d680"}}],"id":"c71a10de-2f2a-48ba-84da-55986b5ce981","protocolProfileBehavior":{"disableBodyPruning":true},"request":{"auth":{"type":"noauth"},"method":"POST","header":[{"key":"Content-Type","name":"Content-Type","type":"text","value":"application/json"},{"key":"Accept","type":"text","value":"application/json"},{"key":"Authorization","type":"text","value":"Bearer {{client_bearer_bre}}"}],"body":{"mode":"raw","raw":"{\n    \"entrada\": {\n        \"Org\": \"\",\n        \"Admin\": \"\",\n        \"CDN\": \"2102\",\n        \"URA\": {\n            \"Ip\": \"1.1.1.1\",\n            \"Porta\": \"\",\n            \"Feriado\": \"\"\n        },\n        \"Menu\": {\n            \"Arvore\": \"DE\",\n            \"Visivel\": \"\",\n            \"Digitacao\": \"\"\n        },\n       \"TipoPessoa\": \"F\",\n        \"Data\":\"04062021\",\n        \"Hora\":\"190000\",\n        \"DiaSemana\":\"Sexta\"\n    }\n}"},"url":{"raw":"https://{{url_bre}}:443/DecisionService/rest/bre_dealer/1.0/saida_dealer","protocol":"https","host":["{{url_bre}}"],"port":"443","path":["DecisionService","rest","bre_dealer","1.0","saida_dealer"]}},"response":[]},{"name":"CDN 2152","event":[{"listen":"test","script":{"exec":["var json = JSON.parse(responseBody);\r","\r","pm.test(\"ListaFilaDerivacao\", function () {\r","    pm.expect(json.saida.ListaFilaDerivacao[0].CDN).to.eql(\"1901\");\r","     pm.expect(json.saida.ListaFilaDerivacao[0].RoutingPoint).to.eql(\"3073\");\r","     \r","    pm.expect(json.saida.ListaFilaDerivacao[1].CDN).to.eql(\"1934\");\r","     pm.expect(json.saida.ListaFilaDerivacao[1].RoutingPoint).to.eql(\"3073\");\r","\r","});\r",""],"type":"text/javascript","id":"d53c89e3-f312-4161-9955-c6e1d8c3e092"}}],"id":"54cffe46-6308-44c9-9156-1232bb4d65c1","protocolProfileBehavior":{"disableBodyPruning":true},"request":{"auth":{"type":"noauth"},"method":"POST","header":[{"key":"Content-Type","name":"Content-Type","type":"text","value":"application/json"},{"key":"Accept","type":"text","value":"application/json"},{"key":"Authorization","type":"text","value":"Bearer {{client_bearer_bre}}"}],"body":{"mode":"raw","raw":"{\n    \"entrada\": {\n        \"Org\": \"\",\n        \"Admin\": \"\",\n        \"CDN\": \"2152\",\n        \"URA\": {\n            \"Ip\": \"1.1.1.1\",\n            \"Porta\": \"\",\n            \"Feriado\": \"\"\n        },\n        \"Menu\": {\n            \"Arvore\": \"DE\",\n            \"Visivel\": \"\",\n            \"Digitacao\": \"\"\n        },\n       \"TipoPessoa\": \"F\",\n        \"Data\":\"04062021\",\n        \"Hora\":\"190000\",\n        \"DiaSemana\":\"Sexta\"\n    }\n}"},"url":{"raw":"https://{{url_bre}}:443/DecisionService/rest/bre_dealer/1.0/saida_dealer","protocol":"https","host":["{{url_bre}}"],"port":"443","path":["DecisionService","rest","bre_dealer","1.0","saida_dealer"]}},"response":[]},{"name":"CDN 4501","event":[{"listen":"test","script":{"exec":["var json = JSON.parse(responseBody);\r","\r","pm.test(\"ListaFilaDerivacao.CDN = 1900\", function () {\r","    pm.expect(json.saida.ListaFilaDerivacao[0].CDN).to.eql(\"1900\");\r","});\r","\r","pm.test(\"ListaFilaDerivacao.RoutingPoint = 3073\", function () {\r","    pm.expect(json.saida.ListaFilaDerivacao[0].RoutingPoint).to.eql(\"3073\");\r","});\r",""],"type":"text/javascript","id":"b2a354c9-6ada-4e56-a5c5-d45e11e05374"}}],"id":"59219879-baa0-4da0-be13-853cf9b27086","protocolProfileBehavior":{"disableBodyPruning":true},"request":{"auth":{"type":"noauth"},"method":"POST","header":[{"key":"Content-Type","name":"Content-Type","type":"text","value":"application/json"},{"key":"Accept","type":"text","value":"application/json"},{"key":"Authorization","type":"text","value":"Bearer {{client_bearer_bre}}"}],"body":{"mode":"raw","raw":"{\n    \"entrada\": {\n        \"Org\": \"\",\n        \"Admin\": \"\",\n        \"CDN\": \"4501\",\n        \"URA\": {\n            \"Ip\": \"1.1.1.1\",\n            \"Porta\": \"\",\n            \"Feriado\": \"\"\n        },\n        \"Menu\": {\n            \"Arvore\": \"DE\",\n            \"Visivel\": \"\",\n            \"Digitacao\": \"\"\n        },\n       \"TipoPessoa\": \"F\",\n        \"Data\":\"04062021\",\n        \"Hora\":\"190000\",\n        \"DiaSemana\":\"Sexta\"\n    }\n}"},"url":{"raw":"https://{{url_bre}}:443/DecisionService/rest/bre_dealer/1.0/saida_dealer","protocol":"https","host":["{{url_bre}}"],"port":"443","path":["DecisionService","rest","bre_dealer","1.0","saida_dealer"]}},"response":[]},{"name":"CDN 4501 (api gateway)","event":[{"listen":"test","script":{"exec":["var json = JSON.parse(responseBody);\r","\r","pm.test(\"ListaFilaDerivacao.CDN = 1900\", function () {\r","    pm.expect(json.saida.ListaFilaDerivacao[0].CDN).to.eql(\"1900\");\r","});\r","\r","pm.test(\"ListaFilaDerivacao.RoutingPoint = 3073\", function () {\r","    pm.expect(json.saida.ListaFilaDerivacao[0].RoutingPoint).to.eql(\"3073\");\r","});\r",""],"type":"text/javascript","id":"198d4c07-ec49-4441-9dca-855e19fb90e6"}}],"id":"fc3e6466-1f35-428d-9d26-3ee11792a245","protocolProfileBehavior":{"disableBodyPruning":true},"request":{"auth":{"type":"noauth"},"method":"POST","header":[{"key":"Content-Type","value":"application/json","type":"text"},{"key":"Accept","value":"application/json","type":"text"},{"key":"Authorization","value":"Bearer {{hc8_bearer_bre_rsa}}","type":"text"},{"key":"x-itau-apikey","value":"{{hc8_client_id_bre_rsa}}","type":"text"},{"key":"x-itau-flowID","value":"{{$guid}}","type":"text"},{"key":"x-itau-correlationID","value":"{{$guid}}","type":"text"}],"body":{"mode":"raw","raw":"{\n    \"entrada\": {\n        \"Org\": \"\",\n        \"Admin\": \"\",\n        \"CDN\": \"4501\",\n        \"URA\": {\n            \"Ip\": \"1.1.1.1\",\n            \"Porta\": \"\",\n            \"Feriado\": \"\"\n        },\n        \"Menu\": {\n            \"Arvore\": \"DE\",\n            \"Visivel\": \"\",\n            \"Digitacao\": \"\"\n        },\n       \"TipoPessoa\": \"F\",\n        \"Data\":\"04062021\",\n        \"Hora\":\"190000\",\n        \"DiaSemana\":\"Sexta\"\n    }\n}"},"url":{"raw":"https://{{url_api_gateway}}/bre_dealer/1.0/saida_dealer","protocol":"https","host":["{{url_api_gateway}}"],"path":["bre_dealer","1.0","saida_dealer"]}},"response":[]},{"name":"CDN 2112","event":[{"listen":"test","script":{"exec":["var json = JSON.parse(responseBody);\r","\r","pm.test(\"ListaFilaDerivacao.CDN = 1935\", function () {\r","    pm.expect(json.saida.ListaFilaDerivacao[0].CDN).to.eql(\"1935\");\r","});\r","\r","pm.test(\"ListaFilaDerivacao.RoutingPoint = 3073\", function () {\r","    pm.expect(json.saida.ListaFilaDerivacao[0].RoutingPoint).to.eql(\"3073\");\r","});\r",""],"type":"text/javascript","id":"83f44c1f-292a-4bee-a512-21a048ae0bca"}}],"id":"464e25b9-5a88-4a54-a638-5c1b47e51904","protocolProfileBehavior":{"disableBodyPruning":true},"request":{"auth":{"type":"noauth"},"method":"POST","header":[{"key":"Content-Type","name":"Content-Type","type":"text","value":"application/json"},{"key":"Accept","type":"text","value":"application/json"},{"key":"Authorization","type":"text","value":"Bearer {{client_bearer_bre}}"}],"body":{"mode":"raw","raw":"{\n    \"entrada\": {\n        \"Org\": \"\",\n        \"Admin\": \"\",\n        \"CDN\": \"2112\",\n        \"URA\": {\n            \"Ip\": \"\",\n            \"Porta\": \"\",\n            \"Feriado\": \"\"\n        },\n        \"Menu\": {\n            \"Arvore\": \"DE\",\n            \"Visivel\": \"\",\n            \"Digitacao\": \"\"\n        },\n        \"TipoPessoa\": \"F\",\n        \"Data\":\"04062021\",\n        \"Hora\":\"190000\",\n        \"DiaSemana\":\"Sexta\"\n    }\n}"},"url":{"raw":"https://{{url_bre}}:443/DecisionService/rest/bre_dealer/1.0/saida_dealer","protocol":"https","host":["{{url_bre}}"],"port":"443","path":["DecisionService","rest","bre_dealer","1.0","saida_dealer"]}},"response":[]},{"name":"FI_Dealer (Concessionaria) opção 2 e 3","event":[{"listen":"test","script":{"exec":["var json = JSON.parse(responseBody);\r","\r","pm.test(\"ListaFilaDerivacao.CDN = 1901\", function () {\r","    pm.expect(json.saida.ListaFilaDerivacao[0].CDN).to.eql(\"1901\");\r","});\r","\r","pm.test(\"ListaFilaDerivacao.RoutingPoint = 3073\", function () {\r","    pm.expect(json.saida.ListaFilaDerivacao[0].RoutingPoint).to.eql(\"3073\");\r","});\r",""],"type":"text/javascript","id":"66b2afce-555c-4cbe-a9e0-1db09ed3827a"}}],"id":"d2f25c16-42e3-4e9a-91e6-d558df54baf0","protocolProfileBehavior":{"disableBodyPruning":true},"request":{"auth":{"type":"noauth"},"method":"POST","header":[{"key":"Content-Type","name":"Content-Type","type":"text","value":"application/json"},{"key":"Accept","type":"text","value":"application/json"},{"key":"Authorization","type":"text","value":"Bearer {{client_bearer_bre}}"}],"body":{"mode":"raw","raw":"{\n    \"entrada\": {\n        \"Org\": \"\",\n        \"Admin\": \"\",\n        \"CDN\": \"1152\",\n        \"URA\": {\n            \"Ip\": \"\",\n            \"Porta\": \"\",\n            \"Feriado\": \"\"\n        },\n        \"Menu\": {\n            \"Arvore\": \"DE\",\n            \"Visivel\": \"\",\n            \"Digitacao\": \"\"\n        },\n        \"TipoPessoa\": \"F\",\n        \"Data\":\"04062021\",\n        \"Hora\":\"190000\",\n        \"DiaSemana\":\"Sexta\"\n    }\n}"},"url":{"raw":"https://{{url_bre}}:443/DecisionService/rest/bre_dealer/1.0/saida_dealer","protocol":"https","host":["{{url_bre}}"],"port":"443","path":["DecisionService","rest","bre_dealer","1.0","saida_dealer"]}},"response":[]},{"name":"FI_Plataforma","event":[{"listen":"test","script":{"exec":["var json = JSON.parse(responseBody);\r","\r","pm.test(\"ListaFilaDerivacao.CDN = 1906\", function () {\r","    pm.expect(json.saida.ListaFilaDerivacao[0].CDN).to.eql(\"1906\");\r","});\r","\r","pm.test(\"ListaFilaDerivacao.RoutingPoint = 3073\", function () {\r","    pm.expect(json.saida.ListaFilaDerivacao[0].RoutingPoint).to.eql(\"3073\");\r","});\r",""],"type":"text/javascript","id":"d773f9d8-d183-4993-914f-afd71f81ce60"}}],"id":"4d8ea2ba-194b-41c2-b98a-964865bf2bb5","protocolProfileBehavior":{"disableBodyPruning":true},"request":{"auth":{"type":"noauth"},"method":"POST","header":[{"key":"Content-Type","name":"Content-Type","type":"text","value":"application/json"},{"key":"Accept","type":"text","value":"application/json"},{"key":"Authorization","type":"text","value":"Bearer {{client_bearer_bre}}"}],"body":{"mode":"raw","raw":"{\n    \"entrada\": {\n        \"Org\": \"\",\n        \"Admin\": \"\",\n        \"CDN\": \"2102\",\n        \"URA\": {\n            \"Ip\": \"\",\n            \"Porta\": \"\",\n            \"Feriado\": \"\"\n        },\n        \"Menu\": {\n            \"Arvore\": \"DE\",\n            \"Visivel\": \"\",\n            \"Digitacao\": \"\"\n        },\n        \"TipoPessoa\": \"F\",\n        \"Data\":\"04062021\",\n        \"Hora\":\"190000\",\n        \"DiaSemana\":\"Sexta\"\n    }\n}"},"url":{"raw":"https://{{url_bre}}:443/DecisionService/rest/bre_dealer/1.0/saida_dealer","protocol":"https","host":["{{url_bre}}"],"port":"443","path":["DecisionService","rest","bre_dealer","1.0","saida_dealer"]}},"response":[]}]}