{"info":{"_postman_id":"8625db0d-d47b-4f51-b95a-eb7ad7d59b71","name":"HC8 API FRONT SAC CARTÕES","schema":"https://schema.getpostman.com/json/collection/v2.1.0/collection.json"},"item":[{"name":"nao identificado","item":[{"name":"Credicard","item":[],"id":"c22b7084-894e-499e-8914-511c3526b671"},{"name":"Black Infinite","item":[{"name":"madrugada","item":[{"name":"10 Receber Ligação","event":[{"listen":"prerequest","script":{"exec":["pm.environment.set('time_stamp',Math.floor(Math.random() * 10000000000));"],"type":"text/javascript","id":"eae998c6-b9da-4106-81a9-f33c7eed7acf"}},{"listen":"test","script":{"exec":["var json = JSON.parse(responseBody);\r","\r","pm.test(\"Validando data.voiceBanners...\", function () {\r","    pm.expect(json.data.voiceBanners[0].frase).to.eql(\"977\");\r","    pm.expect(json.data.voiceBanners[0].servico).to.eql(\"12\");\r","});\r","\r","pm.test(\"Validando data.listaFilaDerivacao...\", function () {\r","    pm.expect(json.data.listaFilaDerivacao[0].cdn).to.eql(\"1872\");\r","    pm.expect(json.data.listaFilaDerivacao[0].routingPoint).to.eql(\"8471\"); \r","});"],"type":"text/javascript","id":"28b8366f-bb6d-48be-87a4-98b65c503f28"}}],"id":"7e1da873-3673-4e3f-9149-32a2646608b8","protocolProfileBehavior":{"disableBodyPruning":true},"request":{"method":"POST","header":[{"key":"Content-Type","value":"application/json","type":"text"},{"key":"x-itau-apikey","value":"{{client_id}}","type":"text"},{"key":"x-itau-correlationID","value":"{{$guid}}","type":"text"},{"key":"x-apigw-api-id","value":"{{api-gateway-id}}","type":"text"},{"key":"Authorization","value":"Bearer {{client_bearer}}","type":"text"}],"body":{"mode":"raw","raw":"{   \"id_canal\": 9,\r\n    \"servidor_ura\":\"{{servidor_ura}}\",\r\n    \"ip_ura\": \"{{ip_ura}}\",\r\n    \"porta\": 34,\r\n    \"numero_identificacao\": \"10{{time_stamp}}\",\r\n    \"ddi\":{{ddi}},\r\n    \"ddd\":{{ddd}},\r\n    \"telefone\":{{telefone}},\r\n    \"data_ligacao\":\"2021-12-15T02:00:00\",\r\n    \"chaves\": [\r\n\r\n         {\r\n            \"nome\": \"CHPRAS\",\r\n            \"valor\": \"{{time_stamp}}\"\r\n        },\r\n        {\r\n            \"nome\": \"CDN\",\r\n            \"valor\": \"4983\"\r\n        },\r\n        {\r\n            \"nome\": \"ARVORE\",\r\n            \"valor\": \"NI\"\r\n        },\r\n        {\r\n            \"nome\": \"DN_PRODUTO\",\r\n                \"valor\": \"1066\"\r\n        }\r\n    ]\r\n}\r\n \r\n"},"url":{"raw":"https://{{url-api-front}}/v1/ligacoes","protocol":"https","host":["{{url-api-front}}"],"path":["v1","ligacoes"]}},"response":[]},{"name":"10 Encerrar ligação","event":[{"listen":"test","script":{"exec":["pm.test(\"Status code is 204\", function () {\r","    pm.response.to.have.status(204);});\r","    "],"type":"text/javascript","id":"bf5305c2-e8bd-440d-b6d7-43721c8fc87b"}}],"id":"65caf8de-ce5e-4cb0-97a9-d5467e60a0ff","protocolProfileBehavior":{"disableBodyPruning":true},"request":{"auth":{"type":"noauth"},"method":"PUT","header":[{"key":"Content-Type","type":"text","value":"application/json"},{"key":"x-itau-apikey","type":"text","value":"{{client_id}}"},{"key":"x-itau-correlationID","type":"text","value":"{{$guid}}"},{"key":"x-apigw-api-id","type":"text","value":"{{api-gateway-id}}"},{"key":"Authorization","type":"text","value":"Bearer {{client_bearer}}"}],"body":{"mode":"raw","raw":"{\r\n\t\"id_canal\": 9,\r\n\t\"ip_ura\": \"{{ip_ura}}\",\r\n\t\"numero_identificacao\": \"10{{time_stamp}}\",\r\n    \"ddi\":{{ddi}},\r\n    \"ddd\":{{ddd}},\r\n    \"telefone\":{{telefone}},\r\n\t\"fila_transferencia\": null,\r\n\t\"frase_verbalizada\": \"\",\r\n\t\"navegacao\": []\r\n}"},"url":{"raw":"https://{{url-api-front}}/v1/ligacoes/10{{time_stamp}}","protocol":"https","host":["{{url-api-front}}"],"path":["v1","ligacoes","10{{time_stamp}}"]}},"response":[]}],"id":"88f4c507-25b7-4c69-9d14-aa001fdb8af0"},{"name":"horario normal","item":[{"name":"11 Receber Ligação","event":[{"listen":"prerequest","script":{"exec":["pm.environment.set('time_stamp',Math.floor(Math.random() * 10000000000));"],"type":"text/javascript","id":"0cbff7b2-b6d4-4e5c-831b-91ac669687aa"}},{"listen":"test","script":{"exec":["var json = JSON.parse(responseBody);\r","\r","pm.test(\"Validando data.voiceBanners...\", function () {\r","    pm.expect(json.data.voiceBanners[0].frase).to.eql(\"977\");\r","    pm.expect(json.data.voiceBanners[0].servico).to.eql(\"12\");\r","});\r","\r","pm.test(\"Validando data.listaFilaDerivacao...\", function () {\r","    pm.expect(json.data.listaFilaDerivacao[0].cdn).to.eql(\"1896\");\r","    pm.expect(json.data.listaFilaDerivacao[0].routingPoint).to.eql(\"8471\");\r","\r","    pm.expect(json.data.listaFilaDerivacao[1].cdn).to.eql(\"1834\");\r","    pm.expect(json.data.listaFilaDerivacao[1].routingPoint).to.eql(\"5228\");\r","   \r","});"],"type":"text/javascript","id":"4b40ddda-fd6a-4f4f-82c5-496b3e283819"}}],"id":"b8a6c190-7659-4a1a-a757-d9e39d214ed2","protocolProfileBehavior":{"disableBodyPruning":true},"request":{"method":"POST","header":[{"key":"Content-Type","value":"application/json","type":"text"},{"key":"x-itau-apikey","value":"{{client_id}}","type":"text"},{"key":"x-itau-correlationID","value":"{{$guid}}","type":"text"},{"key":"x-apigw-api-id","value":"{{api-gateway-id}}","type":"text"},{"key":"Authorization","value":"Bearer {{client_bearer}}","type":"text"}],"body":{"mode":"raw","raw":"{   \"id_canal\": 9,\r\n    \"servidor_ura\":\"{{servidor_ura}}\",\r\n    \"ip_ura\": \"{{ip_ura}}\",\r\n    \"porta\": 34,\r\n    \"numero_identificacao\": \"11{{time_stamp}}\",\r\n    \"ddi\":{{ddi}},\r\n    \"ddd\":{{ddd}},\r\n    \"telefone\":{{telefone}},\r\n   \r\n    \"chaves\": [\r\n         {\r\n            \"nome\": \"CHPRAS\",\r\n            \"valor\": \"{{time_stamp}}\"\r\n        },\r\n        {\r\n            \"nome\": \"CDN\",\r\n            \"valor\": \"4983\"\r\n        },\r\n        {\r\n            \"nome\": \"ARVORE\",\r\n            \"valor\": \"NI\"\r\n        }\r\n    ]\r\n}\r\n \r\n"},"url":{"raw":"https://{{url-api-front}}/v1/ligacoes","protocol":"https","host":["{{url-api-front}}"],"path":["v1","ligacoes"]}},"response":[]},{"name":"11 Encerrar ligação","event":[{"listen":"test","script":{"exec":["pm.test(\"Status code is 204\", function () {\r","    pm.response.to.have.status(204);});\r","    "],"type":"text/javascript","id":"a597d84d-d569-4c6a-9a9e-79b2a4775540"}}],"id":"74e995a9-ff24-496b-9d8b-57f51e9aed79","protocolProfileBehavior":{"disableBodyPruning":true},"request":{"auth":{"type":"noauth"},"method":"PUT","header":[{"key":"Content-Type","type":"text","value":"application/json"},{"key":"x-itau-apikey","type":"text","value":"{{client_id}}"},{"key":"x-itau-correlationID","type":"text","value":"{{$guid}}"},{"key":"x-apigw-api-id","type":"text","value":"{{api-gateway-id}}"},{"key":"Authorization","type":"text","value":"Bearer {{client_bearer}}"}],"body":{"mode":"raw","raw":"{\r\n\t\"id_canal\": 9,\r\n\t\"ip_ura\": \"{{ip_ura}}\",\r\n\t\"numero_identificacao\": \"11{{time_stamp}}\",\r\n    \"ddi\":{{ddi}},\r\n    \"ddd\":{{ddd}},\r\n    \"telefone\":{{telefone}},\r\n\t\"fila_transferencia\": null,\r\n\t\"frase_verbalizada\": \"\",\r\n\t\"navegacao\": []\r\n}"},"url":{"raw":"https://{{url-api-front}}/v1/ligacoes/11{{time_stamp}}","protocol":"https","host":["{{url-api-front}}"],"path":["v1","ligacoes","11{{time_stamp}}"]}},"response":[]}],"id":"bdbe0932-505d-494b-8a22-4c40d78f566f"}],"id":"f8c821d9-1389-4404-943c-20b66e4fae6d"}],"id":"7e901828-1f2f-4623-b666-35cdf9bd5f58"},{"name":"identificado","item":[{"name":"Derivações","item":[{"name":"Diretores","item":[{"name":"madrugada","item":[{"name":"21 Receber Ligação","event":[{"listen":"prerequest","script":{"exec":["pm.environment.set('time_stamp',Math.floor(Math.random() * 10000000000));"],"type":"text/javascript","id":"4305dd65-80a5-4a72-8c87-64f347529318"}}],"id":"aa816525-2fa5-49cd-a8c4-13bea0cb22e4","protocolProfileBehavior":{"disableBodyPruning":true},"request":{"method":"POST","header":[{"key":"Content-Type","value":"application/json","type":"text"},{"key":"x-itau-apikey","value":"{{client_id}}","type":"text"},{"key":"x-itau-correlationID","value":"{{$guid}}","type":"text"},{"key":"x-apigw-api-id","value":"{{api-gateway-id}}","type":"text"},{"key":"Authorization","value":"Bearer {{client_bearer}}","type":"text"}],"body":{"mode":"raw","raw":"{   \"id_canal\": 9,\r\n    \"servidor_ura\":\"{{servidor_ura}}\",\r\n    \"ip_ura\": \"{{ip_ura}}\",\r\n    \"porta\": 34,\r\n    \"numero_identificacao\": \"21{{time_stamp}}\",\r\n    \"ddi\":{{ddi}},\r\n    \"ddd\":{{ddd}},\r\n    \"telefone\":{{telefone}},\r\n   \"data_ligacao\":\"2021-12-15T02:00:00\",\r\n    \"chaves\": [\r\n       \r\n         {\r\n            \"nome\": \"CHPRAS\",\r\n            \"valor\": \"21{{time_stamp}}\"\r\n        },\r\n        {\r\n            \"nome\": \"CDN\",\r\n            \"valor\": \"1000\"\r\n        },\r\n        {\r\n            \"nome\": \"ARVORE\",\r\n            \"valor\": \"ID\"\r\n        },\r\n          {\r\n                \"nome\": \"VIP\",\r\n                \"valor\": \"1\"\r\n            },\r\n            {\r\n                \"nome\": \"IND_DIRETOR\",\r\n                \"valor\": \"S\"\r\n            }     ,\r\n \r\n        {\r\n            \"nome\": \"IND_FERIADO\",\r\n            \"valor\": \"N\"\r\n        }\r\n    ]\r\n}\r\n \r\n"},"url":{"raw":"https://{{url-api-front}}/v1/ligacoes","protocol":"https","host":["{{url-api-front}}"],"path":["v1","ligacoes"]}},"response":[]},{"name":"21 Encerrar ligação","event":[{"listen":"test","script":{"exec":["pm.test(\"Status code is 204\", function () {\r","    pm.response.to.have.status(204);});\r","    "],"type":"text/javascript","id":"75871fa1-6b9a-4019-9f86-5fac68e00b30"}}],"id":"cd067317-e105-42eb-b48e-54287b471f40","protocolProfileBehavior":{"disableBodyPruning":true},"request":{"auth":{"type":"noauth"},"method":"PUT","header":[{"key":"Content-Type","type":"text","value":"application/json"},{"key":"x-itau-apikey","type":"text","value":"{{client_id}}"},{"key":"x-itau-correlationID","type":"text","value":"{{$guid}}"},{"key":"x-apigw-api-id","type":"text","value":"{{api-gateway-id}}"},{"key":"Authorization","type":"text","value":"Bearer {{client_bearer}}"}],"body":{"mode":"raw","raw":"{\r\n\t\"id_canal\": 9,\r\n\t\"ip_ura\": \"{{ip_ura}}\",\r\n\t\"numero_identificacao\": \"21{{time_stamp}}\",\r\n    \"ddi\":{{ddi}},\r\n    \"ddd\":{{ddd}},\r\n    \"telefone\":{{telefone}},\r\n\t\"fila_transferencia\": null,\r\n\t\"frase_verbalizada\": \"\",\r\n\t\"navegacao\": []\r\n}"},"url":{"raw":"https://{{url-api-front}}/v1/ligacoes/21{{time_stamp}}","protocol":"https","host":["{{url-api-front}}"],"path":["v1","ligacoes","21{{time_stamp}}"]}},"response":[]}],"id":"89c4ba80-1b55-4d8f-9d44-c157d97f16ed"},{"name":"horario normal","item":[],"id":"3084e741-6142-4812-8978-56d5d43d5f32"}],"id":"8176de0b-9498-44da-b7b8-97e10957f88a"}],"id":"1e564f4f-6411-4725-a050-e0cff9cf246c"},{"name":"Credicard","item":[{"name":"31 Credicard ID SIM","event":[{"listen":"prerequest","script":{"exec":["pm.environment.set('time_stamp',Math.floor(Math.random() * 10000000000));"],"type":"text/javascript","id":"f04b989f-f891-4c5f-9c64-6549d5c7ea32"}}],"id":"127b6e74-5c4d-4c09-81f7-ae222e896f06","protocolProfileBehavior":{"disableBodyPruning":true},"request":{"method":"POST","header":[{"key":"Content-Type","value":"application/json","type":"text"},{"key":"x-itau-apikey","value":"{{client_id}}","type":"text"},{"key":"x-itau-correlationID","value":"{{$guid}}","type":"text"},{"key":"x-apigw-api-id","value":"{{api-gateway-id}}","type":"text"},{"key":"Authorization","value":"Bearer {{client_bearer}}","type":"text"}],"body":{"mode":"raw","raw":"{   \"id_canal\": 9,\r\n    \"servidor_ura\":\"{{servidor_ura}}\",\r\n    \"ip_ura\": \"{{ip_ura}}\",\r\n    \"porta\": 34,\r\n    \"numero_identificacao\": \"31{{time_stamp}}\",\r\n    \"ddi\":{{ddi}},\r\n    \"ddd\":{{ddd}},\r\n    \"telefone\":{{telefone}},\r\n   \r\n    \"chaves\": [\r\n       \r\n         {\r\n            \"nome\": \"CHPRAS\",\r\n            \"valor\": \"31{{time_stamp}}\"\r\n        },\r\n        {\r\n            \"nome\": \"CDN\",\r\n            \"valor\": \"1234\"\r\n        },\r\n        {\r\n            \"nome\": \"ARVORE\",\r\n            \"valor\": \"ID\"\r\n        },\r\n        {\r\n            \"nome\": \"MENU\",\r\n            \"valor\": \"\"\r\n        },\r\n \r\n        {\r\n            \"nome\": \"IND_FERIADO\",\r\n            \"valor\": \"N\"\r\n        },\r\n \r\n        {\r\n            \"nome\": \"OPCAO_DIG\",\r\n            \"valor\": \"342\"\r\n        },\r\n\r\n         {\r\n                \"nome\": \"PORTFOLIO\",\r\n                \"valor\": \"33\"\r\n            },\r\n            {\r\n                \"nome\": \"DN_PRODUTO\",\r\n                \"valor\": \"911\"\r\n            }\r\n    ]\r\n}\r\n \r\n"},"url":{"raw":"https://{{url-api-front}}/v1/ligacoes","protocol":"https","host":["{{url-api-front}}"],"path":["v1","ligacoes"]}},"response":[]}],"id":"7b2687df-94fa-4e80-a563-784b5390a797"},{"name":"Receber Ligação Copy","event":[{"listen":"prerequest","script":{"exec":["pm.environment.set('time_stamp',Math.floor(Math.random() * 10000000000));"],"type":"text/javascript","id":"4e318b67-5990-4f3c-8a15-e7bac4108fe2"}}],"id":"3f0858fe-bdd8-4494-8c8d-f122fefe486f","protocolProfileBehavior":{"disableBodyPruning":true},"request":{"method":"POST","header":[{"key":"Content-Type","value":"application/json","type":"text"},{"key":"x-itau-apikey","value":"{{client_id}}","type":"text"},{"key":"x-itau-correlationID","value":"{{$guid}}","type":"text"},{"key":"x-apigw-api-id","value":"{{api-gateway-id}}","type":"text"},{"key":"Authorization","value":"Bearer {{client_bearer}}","type":"text"}],"body":{"mode":"raw","raw":"{   \"id_canal\": 9,\r\n    \"servidor_ura\":\"{{servidor_ura}}\",\r\n    \"ip_ura\": \"{{ip_ura}}\",\r\n    \"porta\": 34,\r\n    \"numero_identificacao\": \"{{time_stamp}}\",\r\n    \"ddi\":{{ddi}},\r\n    \"ddd\":{{ddd}},\r\n    \"telefone\":{{telefone}},\r\n   \r\n    \"chaves\": [\r\n        {\r\n            \"nome\": \"ADMIN\",\r\n            \"valor\": \"99\"\r\n        },\r\n         {\r\n            \"nome\": \"CHPRAS\",\r\n            \"valor\": \"99{{time_stamp}}\"\r\n        },\r\n        {\r\n            \"nome\": \"CDN\",\r\n            \"valor\": \"1000\"\r\n        },\r\n        {\r\n            \"nome\": \"ARVORE\",\r\n            \"valor\": \"ID\"\r\n        },\r\n        {\r\n            \"nome\": \"MENU\",\r\n            \"valor\": \"F\"\r\n        },\r\n \r\n        {\r\n            \"nome\": \"IND_FERIADO\",\r\n            \"valor\": \"N\"\r\n        },\r\n \r\n        {\r\n            \"nome\": \"OPCAO_DIG\",\r\n            \"valor\": \"342\"\r\n        },\r\n        \r\n        {\r\n            \"nome\": \"PORTFOLIO\",\r\n            \"valor\": \"67\"\r\n        }\r\n    ]\r\n}\r\n \r\n"},"url":{"raw":"https://{{url-api-front}}/v1/ligacoes","protocol":"https","host":["{{url-api-front}}"],"path":["v1","ligacoes"]}},"response":[]},{"name":"Encerrar ligação Copy","event":[{"listen":"test","script":{"exec":["pm.test(\"Status code is 204\", function () {\r","    pm.response.to.have.status(204);});\r","    "],"type":"text/javascript","id":"7b8a4a86-8b51-4af4-b7b3-2524eb01aafb"}}],"id":"cc9f2749-e6cf-4b61-8b6b-1e5368114f23","protocolProfileBehavior":{"disableBodyPruning":true},"request":{"auth":{"type":"noauth"},"method":"PUT","header":[{"key":"Content-Type","type":"text","value":"application/json"},{"key":"x-itau-apikey","type":"text","value":"{{client_id}}"},{"key":"x-itau-correlationID","type":"text","value":"{{$guid}}"},{"key":"x-apigw-api-id","type":"text","value":"{{api-gateway-id}}"},{"key":"Authorization","type":"text","value":"Bearer {{client_bearer}}"}],"body":{"mode":"raw","raw":"{\r\n\t\"id_canal\": 9,\r\n\t\"ip_ura\": \"{{ip_ura}}\",\r\n\t\"numero_identificacao\": \"{{time_stamp}}\",\r\n    \"ddi\":{{ddi}},\r\n    \"ddd\":{{ddd}},\r\n    \"telefone\":{{telefone}},\r\n\t\"fila_transferencia\": null,\r\n\t\"frase_verbalizada\": \"\",\r\n\t\"navegacao\": []\r\n}"},"url":{"raw":"https://{{url-api-front}}/v1/ligacoes/{{time_stamp}}","protocol":"https","host":["{{url-api-front}}"],"path":["v1","ligacoes","{{time_stamp}}"]}},"response":[]}],"id":"b4c69ae9-95f7-4c69-971c-6ba36aec328d"}]}