{"info":{"_postman_id":"94c04685-7eab-449c-8135-1aa0f4df98d8","name":"HC8-front","schema":"https://schema.getpostman.com/json/collection/v2.1.0/collection.json"},"item":[{"name":"integracoes-retencao","item":[{"name":"ocupacoes","id":"ef4e6129-e907-4b55-a0bb-3afe2d29d59e","protocolProfileBehavior":{"disableBodyPruning":true},"request":{"method":"GET","header":[],"url":{"raw":"https://{{url-api-front}}/api/v1/integracoes-retencao/ocupacoes","protocol":"https","host":["{{url-api-front}}"],"path":["api","v1","integracoes-retencao","ocupacoes"]}},"response":[]}],"id":"b9835523-49b6-4732-9d9f-29a6d70feac5"},{"name":"/v1","item":[{"name":"/ligacoes","item":[{"name":"Seguros (ARVORE=SG)","item":[{"name":"PF (CDN=4444 + MENU=F)","item":[{"name":"CDNOPCAO_DIG=342","event":[{"listen":"test","script":{"id":"95044fd3-749a-4706-9479-7f034e41c602","exec":["var json = JSON.parse(responseBody);\r","\r","pm.test(\"listaFilaDerivacao.cdn = 1089\", function () {\r","    pm.expect(json.data.listaFilaDerivacao[0].cdn).to.eql(\"1089\");\r","});\r","\r","pm.test(\"listaFilaDerivacao.routingPoint = 8506\", function () {\r","    pm.expect(json.data.listaFilaDerivacao[0].routingPoint).to.eql(\"8506\");\r","});"],"type":"text/javascript"}}],"id":"73abad9b-a34c-4778-9403-749db302208e","protocolProfileBehavior":{"disableBodyPruning":true},"request":{"auth":{"type":"noauth"},"method":"POST","header":[{"key":"Content-Type","name":"Content-Type","type":"text","value":"application/json"},{"key":"x-itau-apikey","type":"text","value":"{{client_id}}"},{"key":"x-itau-correlationID","type":"text","value":"123"},{"key":"x-apigw-api-id","type":"text","value":"{{api-gateway-id}}"},{"key":"Authorization","type":"text","value":"Bearer {{client_bearer}}","warning":"This is a duplicate header and will be overridden by the Authorization header generated by Postman."}],"body":{"mode":"raw","raw":"    {   \"id_canal\": 3,\n    \"servidor_ura\":\"BREDALE\",\n    \"ip_ura\": \"BREDALE\",\n    \"porta\": 34,\n    \"numero_identificacao\": \"1000000000000000342\",\n   \n    \"chaves\": [\n        {\n            \"nome\": \"ADMIN\",\n            \"valor\": \"99\"\n        },\n        {\n            \"nome\": \"CDN\",\n            \"valor\": \"4444\"\n        },\n        {\n            \"nome\": \"ARVORE\",\n            \"valor\": \"SG\"\n        },\n        {\n            \"nome\": \"MENU\",\n            \"valor\": \"F\"\n        },\n        {\n            \"nome\": \"IND_FERIADO\",\n            \"valor\": \"N\"\n        },\n        {\n            \"nome\": \"SG_OPCAO\",\n            \"valor\": \"368\"\n        },\n        {\n            \"nome\": \"CDNOPCAO_DIG\",\n            \"valor\": \"342\"\n        }\n    ]\n}\n \n"},"url":{"raw":"https://{{url-api-front}}/v1/ligacoes","protocol":"https","host":["{{url-api-front}}"],"path":["v1","ligacoes"]}},"response":[]},{"name":"CDNOPCAO_DIG=3625","event":[{"listen":"test","script":{"id":"0b11be77-3233-4b88-bb87-97be85891ca3","exec":["var json = JSON.parse(responseBody);\r","\r","console.log(json);\r","console.log(json.data.listaFilaDerivacao[0].cdn);\r","\r","pm.test(\"Retornar o CDN 1670\", function () {\r","    pm.expect(json.data.listaFilaDerivacao[0].cdn).to.eql(\"1670\");\r","});\r","\r","pm.test(\"Retornar o RoutingPoint 8506\", function () {\r","    pm.expect(json.data.listaFilaDerivacao[0].routingPoint).to.eql(\"8506\");\r","});"],"type":"text/javascript"}}],"id":"cc438326-e1e2-4681-bef4-5da3fbd31f1d","protocolProfileBehavior":{"disableBodyPruning":true},"request":{"auth":{"type":"noauth"},"method":"POST","header":[{"key":"Content-Type","name":"Content-Type","type":"text","value":"application/json"},{"key":"x-itau-apikey","type":"text","value":"{{client_id}}"},{"key":"x-itau-correlationID","type":"text","value":"123"},{"key":"x-apigw-api-id","type":"text","value":"{{api-gateway-id}}"},{"key":"Authorization","type":"text","value":"Bearer {{client_bearer}}","warning":"This is a duplicate header and will be overridden by the Authorization header generated by Postman."}],"body":{"mode":"raw","raw":"    {   \"id_canal\": 3,\n    \"servidor_ura\":\"BREDALE\",\n    \"ip_ura\": \"BREDALE\",\n    \"porta\": 34,\n    \"numero_identificacao\": \"1000000000000003625\",\n   \n    \"chaves\": [\n        {\n            \"nome\": \"ADMIN\",\n            \"valor\": \"99\"\n        },\n        {\n            \"nome\": \"CDN\",\n            \"valor\": \"4444\"\n        },\n        {\n            \"nome\": \"ARVORE\",\n            \"valor\": \"SG\"\n        },\n        {\n            \"nome\": \"MENU\",\n            \"valor\": \"F\"\n        },\n        {\n            \"nome\": \"IND_FERIADO\",\n            \"valor\": \"N\"\n        },\n        {\n            \"nome\": \"SG_OPCAO\",\n            \"valor\": \"368\"\n        },\n        {\n            \"nome\": \"CDNOPCAO_DIG\",\n            \"valor\": \"3625\"\n        }\n    ]\n}\n \n"},"url":{"raw":"https://{{url-api-front}}/v1/ligacoes","protocol":"https","host":["{{url-api-front}}"],"path":["v1","ligacoes"]}},"response":[]}],"id":"b532bfa8-c094-4276-ab59-370c4c81f589","event":[{"listen":"prerequest","script":{"id":"9774c098-753f-4010-98ed-7d4e434ec72e","type":"text/javascript","exec":[""]}},{"listen":"test","script":{"id":"06c59e44-29e8-4f23-aecb-18cfed7aa3ad","type":"text/javascript","exec":[""]}}]},{"name":"PJ (CDN=4444 + MENU=J)","item":[{"name":"CDNOPCAO_DIG=342","event":[{"listen":"test","script":{"id":"29cc704c-8271-46de-8aef-3c5b4e67ae70","exec":["var json = JSON.parse(responseBody);\r","\r","console.log(json);\r","console.log(json.data.listaFilaDerivacao[0].cdn);\r","\r","pm.test(\"listaFilaDerivacao.cdn = 1089\", function () {\r","    pm.expect(json.data.listaFilaDerivacao[0].cdn).to.eql(\"1089\");\r","});\r","\r","pm.test(\"listaFilaDerivacao.routingPoint = 8506\", function () {\r","    pm.expect(json.data.listaFilaDerivacao[0].routingPoint).to.eql(\"8506\");\r","});"],"type":"text/javascript"}}],"id":"2f015af0-ae42-4ac3-b3ca-a37987df782d","protocolProfileBehavior":{"disableBodyPruning":true},"request":{"auth":{"type":"noauth"},"method":"POST","header":[{"key":"Content-Type","name":"Content-Type","type":"text","value":"application/json"},{"key":"x-itau-apikey","type":"text","value":"{{client_id}}"},{"key":"x-itau-correlationID","type":"text","value":"123"},{"key":"x-apigw-api-id","type":"text","value":"{{api-gateway-id}}"},{"key":"Authorization","type":"text","value":"Bearer {{client_bearer}}","warning":"This is a duplicate header and will be overridden by the Authorization header generated by Postman."}],"body":{"mode":"raw","raw":"    {   \"id_canal\": 3,\n    \"servidor_ura\":\"BREDALE\",\n    \"ip_ura\": \"BREDALE\",\n    \"porta\": 34,\n    \"numero_identificacao\": \"1000000000000000342\",\n   \n    \"chaves\": [\n        {\n            \"nome\": \"ADMIN\",\n            \"valor\": \"99\"\n        },\n        {\n            \"nome\": \"CDN\",\n            \"valor\": \"4444\"\n        },\n        {\n            \"nome\": \"ARVORE\",\n            \"valor\": \"SG\"\n        },\n        {\n            \"nome\": \"MENU\",\n            \"valor\": \"J\"\n        },\n        {\n            \"nome\": \"IND_FERIADO\",\n            \"valor\": \"N\"\n        },\n        {\n            \"nome\": \"SG_OPCAO\",\n            \"valor\": \"368\"\n        },\n        {\n            \"nome\": \"CDNOPCAO_DIG\",\n            \"valor\": \"342\"\n        }\n    ]\n}\n \n"},"url":{"raw":"https://{{url-api-front}}/v1/ligacoes","protocol":"https","host":["{{url-api-front}}"],"path":["v1","ligacoes"]}},"response":[]},{"name":"VDN 0026","event":[{"listen":"test","script":{"id":"fde1c413-cf6c-4b60-9925-b79f5a310339","exec":["var json = JSON.parse(responseBody);\r","\r","console.log(json);\r","console.log(json.data.listaFilaDerivacao[0].cdn);\r","\r","pm.test(\"listaFilaDerivacao.cdn = 0000\", function () {\r","    pm.expect(json.data.listaFilaDerivacao[0].cdn).to.eql(\"0000\");\r","});\r","\r","pm.test(\"listaFilaDerivacao.routingPoint = 0026\", function () {\r","    pm.expect(json.data.listaFilaDerivacao[0].routingPoint).to.eql(\"0026\");\r","});"],"type":"text/javascript"}}],"id":"369fc95e-3f26-4b29-8607-1201c8fb68cf","protocolProfileBehavior":{"disableBodyPruning":true},"request":{"auth":{"type":"noauth"},"method":"POST","header":[{"key":"Content-Type","name":"Content-Type","type":"text","value":"application/json"},{"key":"x-itau-apikey","type":"text","value":"{{client_id}}"},{"key":"x-itau-correlationID","type":"text","value":"123"},{"key":"x-apigw-api-id","type":"text","value":"{{api-gateway-id}}"},{"key":"Authorization","type":"text","value":"Bearer {{client_bearer}}","warning":"This is a duplicate header and will be overridden by the Authorization header generated by Postman."}],"body":{"mode":"raw","raw":"    {   \"id_canal\": 3,\n    \"servidor_ura\":\"BREDALE\",\n    \"ip_ura\": \"BREDALE\",\n    \"porta\": 34,\n    \"numero_identificacao\": \"1000000000000022242\",\n   \n    \"chaves\": [\n        {\n            \"nome\": \"ADMIN\",\n            \"valor\": \"99\"\n        },\n        {\n            \"nome\": \"CDN\",\n            \"valor\": \"4444\"\n        },\n        {\n            \"nome\": \"ARVORE\",\n            \"valor\": \"SG\"\n        },\n        {\n            \"nome\": \"MENU\",\n            \"valor\": \"J\"\n        },\n        {\n            \"nome\": \"IND_FERIADO\",\n            \"valor\": \"N\"\n        },\n        {\n            \"nome\": \"SG_OPCAO\",\n            \"valor\": \"368\"\n        },\n        {\n            \"nome\": \"CDNOPCAO_DIG\",\n            \"valor\": \"22242\"\n        }\n    ]\n}\n \n"},"url":{"raw":"https://{{url-api-front}}/v1/ligacoes","protocol":"https","host":["{{url-api-front}}"],"path":["v1","ligacoes"]}},"response":[]}],"id":"ea856136-ad6d-4dc4-969e-16d53df7dda6"},{"name":"Default","item":[{"name":"Consorcio | CDN 5503 e 5403","event":[{"listen":"test","script":{"id":"68ba060d-0b68-4ffb-9e6f-c6544640c59e","exec":["var json = JSON.parse(responseBody);\r","\r","console.log(json);\r","console.log(json.data.listaFilaDerivacao[0].cdn);\r","\r","pm.test(\"listaFilaDerivacao.cdn = 1685\", function () {\r","    pm.expect(json.data.listaFilaDerivacao[0].cdn).to.eql(\"1685\");\r","});\r","\r","pm.test(\"listaFilaDerivacao.routingPoint = 8506\", function () {\r","    pm.expect(json.data.listaFilaDerivacao[0].routingPoint).to.eql(\"8506\");\r","});"],"type":"text/javascript"}}],"id":"7deb50d6-6ce1-4c09-b3ec-a85584c5d3d6","protocolProfileBehavior":{"disableBodyPruning":true},"request":{"auth":{"type":"noauth"},"method":"POST","header":[{"key":"Content-Type","name":"Content-Type","type":"text","value":"application/json"},{"key":"x-itau-apikey","type":"text","value":"{{client_id}}"},{"key":"x-itau-correlationID","type":"text","value":"123"},{"key":"x-apigw-api-id","type":"text","value":"{{api-gateway-id}}"},{"key":"Authorization","type":"text","value":"Bearer {{client_bearer}}","warning":"This is a duplicate header and will be overridden by the Authorization header generated by Postman."}],"body":{"mode":"raw","raw":"    {   \"id_canal\": 3,\n    \"servidor_ura\":\"BREDALE\",\n    \"ip_ura\": \"BREDALE\",\n    \"porta\": 34,\n    \"numero_identificacao\": \"1000000000000005503\",\n   \n    \"chaves\": [\n        {\n            \"nome\": \"ADMIN\",\n            \"valor\": \"99\"\n        },\n        {\n            \"nome\": \"CDN\",\n            \"valor\": \"5503\"\n        },\n        {\n            \"nome\": \"ARVORE\",\n            \"valor\": \"SG\"\n        },\n        {\n            \"nome\": \"MENU\",\n            \"valor\": \"F\"\n        },\n        {\n            \"nome\": \"IND_FERIADO\",\n            \"valor\": \"N\"\n        },\n        {\n            \"nome\": \"SG_OPCAO\",\n            \"valor\": \"368\"\n        },\n        {\n            \"nome\": \"CDNOPCAO_DIG\",\n            \"valor\": \"1111\"\n        }\n    ]\n}\n \n"},"url":{"raw":"https://{{url-api-front}}/v1/ligacoes","protocol":"https","host":["{{url-api-front}}"],"path":["v1","ligacoes"]}},"response":[]},{"name":"Consultor | CDN 8800","event":[{"listen":"test","script":{"id":"a865cb37-02e3-4860-a510-f2529926c78b","exec":["var json = JSON.parse(responseBody);\r","\r","console.log(json);\r","console.log(json.data.listaFilaDerivacao[0].cdn);\r","\r","pm.test(\"listaFilaDerivacao.cdn = 1640\", function () {\r","    pm.expect(json.data.listaFilaDerivacao[0].cdn).to.eql(\"1640\");\r","});\r","\r","pm.test(\"listaFilaDerivacao.routingPoint = 8506\", function () {\r","    pm.expect(json.data.listaFilaDerivacao[0].routingPoint).to.eql(\"8506\");\r","});"],"type":"text/javascript"}}],"id":"235b9cc9-9424-493c-890f-1b7153b68543","protocolProfileBehavior":{"disableBodyPruning":true},"request":{"auth":{"type":"noauth"},"method":"POST","header":[{"key":"Content-Type","name":"Content-Type","type":"text","value":"application/json"},{"key":"x-itau-apikey","type":"text","value":"{{client_id}}"},{"key":"x-itau-correlationID","type":"text","value":"123"},{"key":"x-apigw-api-id","type":"text","value":"{{api-gateway-id}}"},{"key":"Authorization","type":"text","value":"Bearer {{client_bearer}}","warning":"This is a duplicate header and will be overridden by the Authorization header generated by Postman."}],"body":{"mode":"raw","raw":"    {   \"id_canal\": 3,\n    \"servidor_ura\":\"BREDALE\",\n    \"ip_ura\": \"BREDALE\",\n    \"porta\": 34,\n    \"numero_identificacao\": \"1000000000000008800\",\n   \n    \"chaves\": [\n        {\n            \"nome\": \"ADMIN\",\n            \"valor\": \"99\"\n        },\n        {\n            \"nome\": \"CDN\",\n            \"valor\": \"8800\"\n        },\n        {\n            \"nome\": \"ARVORE\",\n            \"valor\": \"SG\"\n        },\n        {\n            \"nome\": \"MENU\",\n            \"valor\": \"F\"\n        },\n        {\n            \"nome\": \"IND_FERIADO\",\n            \"valor\": \"N\"\n        },\n        {\n            \"nome\": \"SG_OPCAO\",\n            \"valor\": \"368\"\n        },\n        {\n            \"nome\": \"CDNOPCAO_DIG\",\n            \"valor\": \"1111\"\n        }\n    ]\n}\n \n"},"url":{"raw":"https://{{url-api-front}}/v1/ligacoes","protocol":"https","host":["{{url-api-front}}"],"path":["v1","ligacoes"]}},"response":[]}],"id":"88264b91-decf-42de-b9b5-eb09dd3b803c"}],"id":"f6c8dfcd-4178-4a88-aded-d04393714453"}],"id":"b3803b94-bbc1-4115-b2b3-ad1a6cabd220"},{"name":"Health Check","id":"109102b9-27a5-49a6-af74-18b1825d9e6b","protocolProfileBehavior":{"disableBodyPruning":true},"request":{"auth":{"type":"noauth"},"method":"GET","header":[{"key":"x-itau-apikey","value":"{{client_id}}","type":"text"},{"key":"x-itau-correlationID","value":"123","type":"text"},{"key":"x-apigw-api-id","value":"{{api-gateway-id}}","type":"text"},{"warning":"This is a duplicate header and will be overridden by the Authorization header generated by Postman.","key":"Authorization","value":"Bearer {{client_bearer}}","type":"text"}],"url":{"raw":"https://{{url-api-front}}/v1/validacoes","protocol":"https","host":["{{url-api-front}}"],"path":["v1","validacoes"]}},"response":[]}],"id":"ee51de7b-7fdc-460f-a89c-ad5694d698bc"},{"name":"LOGIN sts-int.mbi.cloud.ihf","event":[{"listen":"test","script":{"id":"3830139b-6527-473a-812f-053b1ed52682","exec":["var jsonData = JSON.parse(responseBody);\r","console.log(jsonData);\r","pm.environment.set(\"client_bearer\", jsonData.access_token);"],"type":"text/javascript"}}],"id":"0bb5f713-b9f7-47b6-878e-c7ba7eacce59","protocolProfileBehavior":{"disableBodyPruning":true},"request":{"method":"POST","header":[{"key":"Content-Type","name":"Content-Type","type":"text","value":"application/x-www-form-urlencoded"},{"key":"Accept","type":"text","value":"application/json"}],"body":{"mode":"urlencoded","urlencoded":[{"key":"grant_type","value":"client_credentials","type":"text"},{"key":"client_id","value":"{{client_id}}","type":"text"},{"key":"client_secret","value":"{{client_secret}}","type":"text"}]},"url":{"raw":"https://{{url_sts}}/api/oauth/token","protocol":"https","host":["{{url_sts}}"],"path":["api","oauth","token"]},"description":"Chamada para STS\n"},"response":[]},{"name":"STS tokeninfo","event":[{"listen":"test","script":{"id":"dcd541ce-b00d-40f1-ad75-adb51cf52d4d","exec":["var json = JSON.parse(responseBody);\r","\r","pm.test(\"expires_in = 300\", function () {\r","    pm.expect(json.expires_in).not.to.eql(0);\r","});"],"type":"text/javascript"}}],"id":"f42cd9cf-8b17-4431-9fb5-ee68b4423137","protocolProfileBehavior":{"disableBodyPruning":true},"request":{"method":"GET","header":[{"key":"Content-Type","name":"Content-Type","type":"text","value":"application/x-www-form-urlencoded"}],"body":{"mode":"urlencoded","urlencoded":[{"key":"access_token","value":"{{client_bearer}}","type":"text"}]},"url":{"raw":"https://{{url_sts}}/api/oauth/tokeninfo","protocol":"https","host":["{{url_sts}}"],"path":["api","oauth","tokeninfo"]}},"response":[]}]}