{"info":{"_postman_id":"956bfea1-8e94-4f95-8fdb-b85f1f6cb5db","name":"FU5-P","schema":"https://schema.getpostman.com/json/collection/v2.1.0/collection.json"},"item":[{"name":"POST GA","event":[{"listen":"prerequest","script":{"id":"b4d63022-f496-48d5-a980-7b9ff795fa66","exec":["var sts = pm.environment.get(\"oauth\");\r","var clientID = pm.environment.get(\"client_id\");\r","var clientSecret = pm.environment.get(\"client_secret\");\r","var tokenExpiration = pm.environment.get(\"token-expire\");\r","var timeNow = Date.now();\r","tokenExpiration = tokenExpiration ? tokenExpiration : timeNow - 1;\r","\r","if (tokenExpiration < timeNow) {\r","    console.log(\"requesting token\")\r","    pm.sendRequest({\r","        url: sts,\r","        method: 'POST',\r","        header: {\r","            'Content-Type': 'application/x-www-form-urlencoded',\r","            'Accept': 'application/json'\r","        },\r","        body: {\r","            mode: 'urlencoded',\r","            urlencoded: [\r","                { key: \"grant_type\", value: \"client_credentials\", disabled: false },\r","                { key: \"client_id\", value: clientID, disabled: false },\r","                { key: \"client_secret\", value: clientSecret, disabled: false },\r","            ]\r","        }\r","    }, function (err, response) {\r","        pm.environment.set(\"access_token\", response.json().access_token);\r","        pm.environment.set(\"token-expire\", timeNow + 300000);\r","    });\r","} else {\r","    console.log(\"cached token\");\r","}"],"type":"text/javascript"}}],"id":"7929fdc5-dc9f-4511-8550-19c2f304a8dd","protocolProfileBehavior":{"disableBodyPruning":true},"request":{"method":"POST","header":[{"key":"x-itau-apikey","value":"{{client_id}}","type":"text"},{"key":"x-itau-correlationID","value":"1","type":"text"},{"key":"x-apigw-api-id","value":"{{api-gateway-id}}","type":"text"},{"key":"Authorization","value":"Bearer {{access_token}}","type":"text"}],"body":{"mode":"raw","raw":"{\r\n    \"codigo_chave_aplicacao_cliente\": \"{{client_id}}\",\r\n    \"indicador_possui_autenticacao_token\": true,\r\n    \"codigo_tipo_criticidade_envio_dado\": \"Baixa\",\r\n    \"texto_url_servico_destino\": \"{{url_ga}}/google_analytics/v1/collect?v=1&t=pageview&tId=UA-140135526-5&uId=157.709.690-83&cId=157.709.690-83&cd16=URA333333&dl=www.ura-itau.com.br&cd2=%22URA%3ANL%3AInicio%3AWAV1234%20URA%3ALG%3AConsultarLimite%3ATTS1234%22&dp=/FU5/TESTE INTEGRADO&cd158=%22ConsultarSaldo%20PagamentoFatura%22&cd4=PVI%20Seguros&cd151=00550011947150919&cd152=3030&cd153=retida&geoId=1001510&cd157=sim&cd154=prevencao a fraude&cd155=interna&cd30=cartao&cd9=157.709.690-83&cd63=20590153XXXXXX1478&cd64=visa&cd65=gold&cd66=itaucard&cd17=aeuy&cm9=1&cm13=1&cd156=b10&cd41=correntista&cd31=senha nao digitada&cd125=CHPRAS teste Campo 3\",\r\n    \"texto_objeto_requisicao_servico_destino\": \"\"\r\n}","options":{"raw":{"language":"json"}}},"url":{"raw":"https://api-sp.hom.aws.cloud.ihf/hom/gestaofilas-apigateway-aws/api/v1/google_analytics","protocol":"https","host":["api-sp","hom","aws","cloud","ihf"],"path":["hom","gestaofilas-apigateway-aws","api","v1","google_analytics"]}},"response":[]},{"name":"POST GA BATCH","event":[{"listen":"prerequest","script":{"id":"0fc20d10-2574-4c5f-8b0c-7fae8b0c34bf","exec":["var sts = pm.environment.get(\"oauth\");\r","var clientID = pm.environment.get(\"client_id\");\r","var clientSecret = pm.environment.get(\"client_secret\");\r","var tokenExpiration = pm.environment.get(\"token-expire\");\r","var timeNow = Date.now();\r","tokenExpiration = tokenExpiration ? tokenExpiration : timeNow - 1;\r","\r","if (tokenExpiration < timeNow) {\r","    console.log(\"requesting token\")\r","    pm.sendRequest({\r","        url: sts,\r","        method: 'POST',\r","        header: {\r","            'Content-Type': 'application/x-www-form-urlencoded',\r","            'Accept': 'application/json'\r","        },\r","        body: {\r","            mode: 'urlencoded',\r","            urlencoded: [\r","                { key: \"grant_type\", value: \"client_credentials\", disabled: false },\r","                { key: \"client_id\", value: clientID, disabled: false },\r","                { key: \"client_secret\", value: clientSecret, disabled: false },\r","            ]\r","        }\r","    }, function (err, response) {\r","        pm.environment.set(\"access_token\", response.json().access_token);\r","        pm.environment.set(\"token-expire\", timeNow + 300000);\r","    });\r","} else {\r","    console.log(\"cached token\");\r","}"],"type":"text/javascript"}}],"id":"e7ad374d-4e01-466c-a466-84c9196a2081","protocolProfileBehavior":{"disableBodyPruning":true},"request":{"method":"POST","header":[{"key":"x-itau-apikey","value":"{{client_id}}","type":"text"},{"key":"x-itau-correlationID","value":"1","type":"text"},{"key":"x-apigw-api-id","value":"{{api-gateway-id}}","type":"text"},{"key":"Authorization","value":"Bearer {{access_token}}","type":"text"}],"body":{"mode":"raw","raw":"[\r\n    {\r\n        \"codigo_chave_aplicacao_cliente\": \"{{client_id}}\",\r\n        \"indicador_possui_autenticacao_token\": true,\r\n        \"codigo_tipo_criticidade_envio_dado\": \"Baixa\",\r\n        \"texto_url_servico_destino\": \"{{url_ga}}/google_analytics/v1/collect?v=1&t=pageview&tId=UA-140135526-5&uId=157.709.690-83&cId=157.709.690-83&cd16=URA333333&dl=www.ura-itau.com.br&cd2=%22URA%3ANL%3AInicio%3AWAV1234%20URA%3ALG%3AConsultarLimite%3ATTS1234%22&dp=/FU5/TESTE COMUNICACAO 11-08-2021&cd158=%22ConsultarSaldo%20PagamentoFatura%22&cd4=PVI%20Seguros&cd151=00550011947150919&cd152=3030&cd153=retida&geoId=1001510&cd157=sim&cd154=prevencao a fraude&cd155=interna&cd30=cartao&cd9=157.709.690-83&cd63=20590153XXXXXX1478&cd64=visa&cd65=gold&cd66=itaucard&cd17=aeuy&cm9=1&cm13=1&cd156=b10&cd41=correntista&cd31=senha nao digitada&cd125=CHPRAS teste Campo 3\",\r\n        \"texto_objeto_requisicao_servico_destino\": \"\"\r\n    },\r\n    {\r\n        \"codigo_chave_aplicacao_cliente\": \"{{client_id}}\",\r\n        \"indicador_possui_autenticacao_token\": true,\r\n        \"codigo_tipo_criticidade_envio_dado\": \"Baixa\",\r\n        \"texto_url_servico_destino\": \"{{url_ga}}/google_analytics/v1/collect?v=1&t=pageview&tId=UA-140135526-5&uId=157.709.690-83&cId=157.709.690-83&cd16=URA333333&dl=www.ura-itau.com.br&cd2=%22URA%3ANL%3AInicio%3AWAV1234%20URA%3ALG%3AConsultarLimite%3ATTS1234%22&dp=/FU5/TESTE COMUNICACAO 11-08-2021&cd158=%22ConsultarSaldo%20PagamentoFatura%22&cd4=PVI%20Seguros&cd151=00550011947150919&cd152=3030&cd153=retida&geoId=1001510&cd157=sim&cd154=prevencao a fraude&cd155=interna&cd30=cartao&cd9=157.709.690-83&cd63=20590153XXXXXX1478&cd64=visa&cd65=gold&cd66=itaucard&cd17=aeuy&cm9=1&cm13=1&cd156=b10&cd41=correntista&cd31=senha nao digitada&cd125=CHPRAS teste Campo 3\",\r\n        \"texto_objeto_requisicao_servico_destino\": \"\"\r\n    }\r\n]","options":{"raw":{"language":"json"}}},"url":{"raw":"https://api-sp.hom.aws.cloud.ihf/hom/gestaofilas-apigateway-aws/api/v1/google_analytics_batch","protocol":"https","host":["api-sp","hom","aws","cloud","ihf"],"path":["hom","gestaofilas-apigateway-aws","api","v1","google_analytics_batch"]}},"response":[]}]}