{"info":{"_postman_id":"974281cb-f6f7-412c-992f-4e790d69aa76","name":"BRE-WARNING-ALERTA-OFERTA","schema":"https://schema.getpostman.com/json/collection/v2.1.0/collection.json"},"item":[{"name":"Ofertas_Alertas","item":[{"name":"CCRALR_CCRB05_ofertas","event":[{"listen":"prerequest","script":{"exec":["var sts = \"https://\" + pm.environment.get(\"url_sts\") +\"/api/oauth/token\";\r","var clientID = pm.environment.get(\"client_id_bre\");\r","var clientSecret = pm.environment.get(\"client_secret_bre\");\r","var timeNow = Date.now();\r","\r","console.log(\"login sts\")\r","console.log(\"sts url: \"+ sts)\r","console.log(\"clientID: \"+ clientID)\r","console.log(\"clientSecret: \"+ clientSecret)\r","\r","\r","console.log(\"solicitando token ...\")\r","    pm.sendRequest({\r","        url: sts,\r","        method: 'POST',\r","        header: {\r","            'Content-Type': 'application/x-www-form-urlencoded',\r","            'Accept': 'application/json'\r","        },\r","        body: {\r","            mode: 'urlencoded',\r","            urlencoded: [\r","                { key: \"grant_type\", value: \"client_credentials\", disabled: false },\r","                { key: \"client_id\", value: clientID, disabled: false },\r","                { key: \"client_secret\", value: clientSecret, disabled: false },\r","            ]\r","        }\r","    }, function (err, response) {\r","        pm.environment.set(\"client_bearer_bre\", response.json().access_token);\r","    });\r","    \r","    console.log(\"bearer \" + pm.environment.get(\"client_bearer_bre\"))\r","\r","\r",""],"type":"text/javascript","id":"33315f18-42d7-42eb-b3fb-32036c93984a"}},{"listen":"test","script":{"exec":["var json = JSON.parse(responseBody);\r","\r","pm.test(\"Request is successful with a status code of 200\", function () {\r","    pm.response.to.have.status(200);\r","});\r","\r","pm.test(\"campanhaAlertaOferta\", function () {\r","\r","    campanhaAlertaOfertaExpect = [{\r","        \"tipoWarning\": \"VENDAS\",\r","        \"codigo\": \"CCRALR\",\r","        \"titulo\": \"Aviso SMS\",\r","        \"subTipo\": \"VENDA\",\r","        \"descricao\": \"Aviso SMS\",\r","        \"tela\": \"WPA22\",\r","        \"descanso\": 0,\r","        \"prioridade\": 4\r","    },\r","    {\r","        \"tipoWarning\": \"VENDAS\",\r","        \"codigo\": \"CCRB05\",\r","        \"titulo\": \"Parcelamento de Fatura  Alta\",\r","        \"subTipo\": \"VENDA\",\r","        \"descricao\": \"Parcelamento de Fatura  Alta\",\r","        \"tela\": \"WPA22\",\r","        \"descanso\": 0,\r","        \"prioridade\": 5\r","    },\r","    {\r","        \"tipoWarning\": \"RELACIONAMENTO\",\r","        \"codigo\": \"123FGH\",\r","        \"titulo\": \"Cartao em BP\",\r","        \"subTipo\": \"CARTAO\",\r","        \"descricao\": \"Cartao em BP\",\r","        \"tela\": \"WPA21\",\r","        \"descanso\": 0,\r","        \"prioridade\": 1\r","    }]\r","\r","    pm.expect(json.saida.campanhaAlertaOferta).to.deep.equal(campanhaAlertaOfertaExpect);\r","});\r","\r","\r",""],"type":"text/javascript","id":"a588e20f-a526-48e1-be31-496b2b95a4b9"}}],"id":"d52601a3-26d4-4380-8724-891b98250bc7","protocolProfileBehavior":{"disableBodyPruning":true},"request":{"auth":{"type":"noauth"},"method":"POST","header":[{"key":"Content-Type","name":"Content-Type","type":"text","value":"application/json"},{"key":"Accept","type":"text","value":"application/json"},{"key":"Authorization","type":"text","value":"Bearer {{client_bearer_bre}}"}],"body":{"mode":"raw","raw":"{\r\n    \"entrada\": {\r\n        \"campanhas\": [\r\n            \"CCRALR\",\r\n            \"CCRB05\",\r\n            \"ABCEFG\"\r\n        ]\r\n    }\r\n}"},"url":{"raw":"https://service.bre.dev.aws.cloud.ihf/DecisionService/rest/bre_warning_alerta_oferta/1.0/saida","protocol":"https","host":["service","bre","dev","aws","cloud","ihf"],"path":["DecisionService","rest","bre_warning_alerta_oferta","1.0","saida"]}},"response":[]},{"name":"CCRALR_CCRB05_Oferta_Alerta_AutBBBEFG","event":[{"listen":"prerequest","script":{"exec":["var sts = \"https://\" + pm.environment.get(\"url_sts\") +\"/api/oauth/token\";\r","var clientID = pm.environment.get(\"client_id_bre\");\r","var clientSecret = pm.environment.get(\"client_secret_bre\");\r","var timeNow = Date.now();\r","\r","console.log(\"login sts\")\r","console.log(\"sts url: \"+ sts)\r","console.log(\"clientID: \"+ clientID)\r","console.log(\"clientSecret: \"+ clientSecret)\r","\r","\r","console.log(\"solicitando token ...\")\r","    pm.sendRequest({\r","        url: sts,\r","        method: 'POST',\r","        header: {\r","            'Content-Type': 'application/x-www-form-urlencoded',\r","            'Accept': 'application/json'\r","        },\r","        body: {\r","            mode: 'urlencoded',\r","            urlencoded: [\r","                { key: \"grant_type\", value: \"client_credentials\", disabled: false },\r","                { key: \"client_id\", value: clientID, disabled: false },\r","                { key: \"client_secret\", value: clientSecret, disabled: false },\r","            ]\r","        }\r","    }, function (err, response) {\r","        pm.environment.set(\"client_bearer_bre\", response.json().access_token);\r","    });\r","    \r","    console.log(\"bearer \" + pm.environment.get(\"client_bearer_bre\"))\r","\r","\r",""],"type":"text/javascript","id":"342a51d9-2e24-474f-8f5c-81ee9f6b9ba7"}},{"listen":"test","script":{"exec":["var json = JSON.parse(responseBody);\r","\r","var json = JSON.parse(responseBody);\r","\r","pm.test(\"Request is successful with a status code of 200\", function () {\r","    pm.response.to.have.status(200);\r","});\r","\r","pm.test(\"campanhaAlertaOferta\", function () {\r","\r","    campanhaAlertaOfertaExpect = [{\r","        \"tipoWarning\": \"VENDAS\",\r","        \"codigo\": \"CCRALR\",\r","        \"titulo\": \"Aviso SMS\",\r","        \"subTipo\": \"VENDA\",\r","        \"descricao\": \"Aviso SMS\",\r","        \"tela\": \"WPA22\",\r","        \"descanso\": 0,\r","        \"prioridade\": 4\r","    },\r","    {\r","        \"tipoWarning\": \"VENDAS\",\r","        \"codigo\": \"CCRB05\",\r","        \"titulo\": \"Parcelamento de Fatura  Alta\",\r","        \"subTipo\": \"VENDA\",\r","        \"descricao\": \"Parcelamento de Fatura  Alta\",\r","        \"tela\": \"WPA22\",\r","        \"descanso\": 0,\r","        \"prioridade\": 5\r","    },\r","    {\r","        \"tipoWarning\": \"RELACIONAMENTO\",\r","        \"codigo\": \"456789\",\r","        \"titulo\": \"Conta Migrada Financeira\",\r","        \"subTipo\": \"CONTA\",\r","        \"descricao\": \"Conta Migrada Financeira\",\r","        \"tela\": \"WPA21\",\r","        \"descanso\": 10,\r","        \"prioridade\": 2\r","    },\r","    {\r","        \"tipoWarning\": \"RELACIONAMENTO\",\r","        \"codigo\": \"789012\",\r","        \"titulo\": \"Cartão Diretor\",\r","        \"subTipo\": \"CONTA\",\r","        \"descricao\": \"Cartão Diretor\",\r","        \"tela\": \"WPA21\",\r","        \"descanso\": 15,\r","        \"prioridade\": 3\r","    },\r","    {\r","        \"tipoWarning\": \"RELACIONAMENTO\",\r","        \"codigo\": \"ABC123\",\r","        \"titulo\": \"Atualizar Celular\",\r","        \"subTipo\": \"CONTA\",\r","        \"descricao\": \"Atualizar Celular\",\r","        \"tela\": \"WPA21\",\r","        \"descanso\": 0,\r","        \"prioridade\": 5\r","    },\r","    {\r","        \"tipoWarning\": \"RELACIONAMENTO\",\r","        \"codigo\": \"DEF789\",\r","        \"titulo\": \"Cartao Devolvido\",\r","        \"subTipo\": \"CLIENTE\",\r","        \"descricao\": \"Cartao Devolvido\",\r","        \"tela\": \"WPA21\",\r","        \"descanso\": 0,\r","        \"prioridade\": 8\r","    },\r","    {\r","        \"tipoWarning\": \"RELACIONAMENTO\",\r","        \"codigo\": \"ABC456\",\r","        \"titulo\": \"Corte Fatura\",\r","        \"subTipo\": \"CONTA\",\r","        \"descricao\": \"Corte Fatura\",\r","        \"tela\": \"WPA21\",\r","        \"descanso\": 0,\r","        \"prioridade\": 9\r","    },\r","    {\r","        \"tipoWarning\": \"RELACIONAMENTO\",\r","        \"codigo\": \"123FGH\",\r","        \"titulo\": \"Cartao em BP\",\r","        \"subTipo\": \"CARTAO\",\r","        \"descricao\": \"Cartao em BP\",\r","        \"tela\": \"WPA21\",\r","        \"descanso\": 0,\r","        \"prioridade\": 1\r","    }]\r","\r","    pm.expect(json.saida.campanhaAlertaOferta).to.deep.equal(campanhaAlertaOfertaExpect);\r","});\r","\r","\r",""],"type":"text/javascript","id":"b2dcad31-a318-4f03-95d4-9c96d05d09d7"}}],"id":"cdafa112-1133-4be9-8ebe-911f81ccfe0f","protocolProfileBehavior":{"disableBodyPruning":true},"request":{"auth":{"type":"noauth"},"method":"POST","header":[{"key":"Content-Type","name":"Content-Type","type":"text","value":"application/json"},{"key":"Accept","type":"text","value":"application/json"},{"key":"Authorization","type":"text","value":"Bearer {{client_bearer_bre}}"}],"body":{"mode":"raw","raw":"{\r\n    \"entrada\": {\r\n        \"campanhas\": [\r\n            \"CCRALR\",\r\n            \"CCRB05\"\r\n        ],\r\n        \"chaves\": [\r\n            {\r\n                \"nome\": \"Conta.OrigemConversao\",\r\n                \"valor\": \"L\"\r\n            },\r\n            {\r\n                \"nome\": \"Cartao.Diretor\",\r\n                \"valor\": \"S\"\r\n            },\r\n            {\r\n                \"nome\": \"Cliente.FoneCelularFatura\",\r\n                \"valor\": \"31999997854\"\r\n            },\r\n            {\r\n                \"nome\": \"Cliente.FoneCelularResidencial\",\r\n                \"valor\": \"0\"\r\n            },\r\n            {\r\n                \"nome\": \"Cliente.Corte.Fatura\",\r\n                \"valor\": \"4\"\r\n            },\r\n            {\r\n                \"nome\": \"Data.Nascimento\",\r\n                \"valor\": \"08/03/1950\"\r\n            },\r\n            {\r\n                \"nome\": \"Cliente.Cartao.Devolvido\",\r\n                \"valor\": \"S\"\r\n            }\r\n        ]\r\n    }\r\n}"},"url":{"raw":"https://service.bre.dev.aws.cloud.ihf/DecisionService/rest/bre_warning_alerta_oferta/1.0/saida","protocol":"https","host":["service","bre","dev","aws","cloud","ihf"],"path":["DecisionService","rest","bre_warning_alerta_oferta","1.0","saida"]}},"response":[]},{"name":"Somente_Alertas","event":[{"listen":"prerequest","script":{"exec":["var sts = \"https://\" + pm.environment.get(\"url_sts\") +\"/api/oauth/token\";\r","var clientID = pm.environment.get(\"client_id_bre\");\r","var clientSecret = pm.environment.get(\"client_secret_bre\");\r","var timeNow = Date.now();\r","\r","console.log(\"login sts\")\r","console.log(\"sts url: \"+ sts)\r","console.log(\"clientID: \"+ clientID)\r","console.log(\"clientSecret: \"+ clientSecret)\r","\r","\r","console.log(\"solicitando token ...\")\r","    pm.sendRequest({\r","        url: sts,\r","        method: 'POST',\r","        header: {\r","            'Content-Type': 'application/x-www-form-urlencoded',\r","            'Accept': 'application/json'\r","        },\r","        body: {\r","            mode: 'urlencoded',\r","            urlencoded: [\r","                { key: \"grant_type\", value: \"client_credentials\", disabled: false },\r","                { key: \"client_id\", value: clientID, disabled: false },\r","                { key: \"client_secret\", value: clientSecret, disabled: false },\r","            ]\r","        }\r","    }, function (err, response) {\r","        pm.environment.set(\"client_bearer_bre\", response.json().access_token);\r","    });\r","    \r","    console.log(\"bearer \" + pm.environment.get(\"client_bearer_bre\"))\r","\r","\r",""],"type":"text/javascript","id":"39a96221-31c9-4c5b-8847-c3b90bb6b2b6"}},{"listen":"test","script":{"exec":["var json = JSON.parse(responseBody);\r","\r","pm.test(\"Request is successful with a status code of 200\", function () {\r","    pm.response.to.have.status(200);\r","});\r","\r","pm.test(\"campanhaAlertaOferta\", function () {\r","\r","    campanhaAlertaOfertaExpect = [{\r","        \"tipoWarning\": \"RELACIONAMENTO\",\r","        \"codigo\": \"456789\",\r","        \"titulo\": \"Conta Migrada Financeira\",\r","        \"subTipo\": \"CONTA\",\r","        \"descricao\": \"Conta Migrada Financeira\",\r","        \"tela\": \"WPA21\",\r","        \"descanso\": 10,\r","        \"prioridade\": 2\r","    },\r","    {\r","        \"tipoWarning\": \"RELACIONAMENTO\",\r","        \"codigo\": \"789012\",\r","        \"titulo\": \"Cartão Diretor\",\r","        \"subTipo\": \"CONTA\",\r","        \"descricao\": \"Cartão Diretor\",\r","        \"tela\": \"WPA21\",\r","        \"descanso\": 15,\r","        \"prioridade\": 3\r","    },\r","    {\r","        \"tipoWarning\": \"RELACIONAMENTO\",\r","        \"codigo\": \"ABC123\",\r","        \"titulo\": \"Atualizar Celular\",\r","        \"subTipo\": \"CONTA\",\r","        \"descricao\": \"Atualizar Celular\",\r","        \"tela\": \"WPA21\",\r","        \"descanso\": 0,\r","        \"prioridade\": 5\r","    },\r","    {\r","        \"tipoWarning\": \"RELACIONAMENTO\",\r","        \"codigo\": \"DEF789\",\r","        \"titulo\": \"Cartao Devolvido\",\r","        \"subTipo\": \"CLIENTE\",\r","        \"descricao\": \"Cartao Devolvido\",\r","        \"tela\": \"WPA21\",\r","        \"descanso\": 0,\r","        \"prioridade\": 8\r","    },\r","    {\r","        \"tipoWarning\": \"RELACIONAMENTO\",\r","        \"codigo\": \"ABC456\",\r","        \"titulo\": \"Corte Fatura\",\r","        \"subTipo\": \"CONTA\",\r","        \"descricao\": \"Corte Fatura\",\r","        \"tela\": \"WPA21\",\r","        \"descanso\": 0,\r","        \"prioridade\": 9\r","    },\r","    {\r","        \"tipoWarning\": \"RELACIONAMENTO\",\r","        \"codigo\": \"123FGH\",\r","        \"titulo\": \"Cartao em BP\",\r","        \"subTipo\": \"CARTAO\",\r","        \"descricao\": \"Cartao em BP\",\r","        \"tela\": \"WPA21\",\r","        \"descanso\": 0,\r","        \"prioridade\": 1\r","    }]\r","\r","    pm.expect(json.saida.campanhaAlertaOferta).to.deep.equal(campanhaAlertaOfertaExpect);\r","});\r","\r","\r",""],"type":"text/javascript","id":"398e42be-07ab-4b30-99bc-b912fef3f74b"}}],"id":"8c381706-ddb2-438a-ac88-6c99bc508f82","protocolProfileBehavior":{"disableBodyPruning":true},"request":{"auth":{"type":"noauth"},"method":"POST","header":[{"key":"Content-Type","name":"Content-Type","type":"text","value":"application/json"},{"key":"Accept","type":"text","value":"application/json"},{"key":"Authorization","type":"text","value":"Bearer {{client_bearer_bre}}"}],"body":{"mode":"raw","raw":"{\r\n    \"entrada\": {\r\n        \"idChpras\": 12345678,\r\n        \"campanhas\": [],\r\n        \"chaves\": [\r\n            {\r\n                \"nome\": \"Conta.OrigemConversao\",\r\n                \"valor\": \"L\"\r\n            },\r\n            {\r\n                \"nome\": \"Cartao.Diretor\",\r\n                \"valor\": \"S\"\r\n            },\r\n            {\r\n                \"nome\": \"Cliente.FoneCelularFatura\",\r\n                \"valor\": \"31999997854\"\r\n            },\r\n            {\r\n                \"nome\": \"Cliente.FoneCelularResidencial\",\r\n                \"valor\": \"0\"\r\n            },\r\n            {\r\n                \"nome\": \"Cliente.Corte.Fatura\",\r\n                \"valor\": \"4\"\r\n            },\r\n            {\r\n                \"nome\": \"Data.Nascimento\",\r\n                \"valor\": \"08/03/1950\"\r\n            },\r\n            {\r\n                \"nome\": \"Cliente.Cartao.Devolvido\",\r\n                \"valor\": \"S\"\r\n            }\r\n        ]\r\n    }\r\n}"},"url":{"raw":"https://service.bre.dev.aws.cloud.ihf/DecisionService/rest/bre_warning_alerta_oferta/1.0/saida","protocol":"https","host":["service","bre","dev","aws","cloud","ihf"],"path":["DecisionService","rest","bre_warning_alerta_oferta","1.0","saida"]}},"response":[]},{"name":"Case_Sensitive_1","event":[{"listen":"prerequest","script":{"exec":["var sts = \"https://\" + pm.environment.get(\"url_sts\") +\"/api/oauth/token\";\r","var clientID = pm.environment.get(\"client_id_bre\");\r","var clientSecret = pm.environment.get(\"client_secret_bre\");\r","var timeNow = Date.now();\r","\r","console.log(\"login sts\")\r","console.log(\"sts url: \"+ sts)\r","console.log(\"clientID: \"+ clientID)\r","console.log(\"clientSecret: \"+ clientSecret)\r","\r","\r","console.log(\"solicitando token ...\")\r","    pm.sendRequest({\r","        url: sts,\r","        method: 'POST',\r","        header: {\r","            'Content-Type': 'application/x-www-form-urlencoded',\r","            'Accept': 'application/json'\r","        },\r","        body: {\r","            mode: 'urlencoded',\r","            urlencoded: [\r","                { key: \"grant_type\", value: \"client_credentials\", disabled: false },\r","                { key: \"client_id\", value: clientID, disabled: false },\r","                { key: \"client_secret\", value: clientSecret, disabled: false },\r","            ]\r","        }\r","    }, function (err, response) {\r","        pm.environment.set(\"client_bearer_bre\", response.json().access_token);\r","    });\r","    \r","    console.log(\"bearer \" + pm.environment.get(\"client_bearer_bre\"))\r","\r","\r",""],"type":"text/javascript","id":"4a4ac2f0-2ede-4fd1-9ffe-135fcdcaaacc"}},{"listen":"test","script":{"exec":["var json = JSON.parse(responseBody);\r","\r","pm.test(\"Request is successful with a status code of 200\", function () {\r","    pm.response.to.have.status(200);\r","});\r","\r","pm.test(\"campanhaAlertaOferta\", function () {\r","\r","    campanhaAlertaOfertaExpect = [{\r","        \"tipoWarning\": \"VENDAS\",\r","        \"codigo\": \"CCRALR\",\r","        \"titulo\": \"Aviso SMS\",\r","        \"subTipo\": \"VENDA\",\r","        \"descricao\": \"Aviso SMS\",\r","        \"tela\": \"WPA22\",\r","        \"descanso\": 0,\r","        \"prioridade\": 4\r","    },\r","    {\r","        \"tipoWarning\": \"VENDAS\",\r","        \"codigo\": \"CCRB05\",\r","        \"titulo\": \"Parcelamento de Fatura  Alta\",\r","        \"subTipo\": \"VENDA\",\r","        \"descricao\": \"Parcelamento de Fatura  Alta\",\r","        \"tela\": \"WPA22\",\r","        \"descanso\": 0,\r","        \"prioridade\": 5\r","    },\r","    {\r","        \"tipoWarning\": \"RELACIONAMENTO\",\r","        \"codigo\": \"123FGH\",\r","        \"titulo\": \"Cartao em BP\",\r","        \"subTipo\": \"CARTAO\",\r","        \"descricao\": \"Cartao em BP\",\r","        \"tela\": \"WPA21\",\r","        \"descanso\": 0,\r","        \"prioridade\": 1\r","    }]\r","\r","    pm.expect(json.saida.campanhaAlertaOferta).to.deep.equal(campanhaAlertaOfertaExpect);\r","});\r","\r","\r",""],"type":"text/javascript","id":"93dbcd19-aaf3-4b74-a4a1-114c36cd9ce6"}}],"id":"1f301ba6-d887-499f-8ab6-6821b0821453","protocolProfileBehavior":{"disableBodyPruning":true},"request":{"auth":{"type":"noauth"},"method":"POST","header":[{"key":"Content-Type","name":"Content-Type","type":"text","value":"application/json"},{"key":"Accept","type":"text","value":"application/json"},{"key":"Authorization","type":"text","value":"Bearer {{client_bearer_bre}}"}],"body":{"mode":"raw","raw":"{\r\n    \"entrada\": {\r\n        \"campanhas\": [\r\n            \"CCRAlR\",\r\n            \"CCRB05\",\r\n            \"ABCEFG\"\r\n        ]\r\n    }\r\n}"},"url":{"raw":"https://service.bre.dev.aws.cloud.ihf/DecisionService/rest/bre_warning_alerta_oferta/1.0/saida","protocol":"https","host":["service","bre","dev","aws","cloud","ihf"],"path":["DecisionService","rest","bre_warning_alerta_oferta","1.0","saida"]}},"response":[]},{"name":"Case_Sensitive_2","event":[{"listen":"prerequest","script":{"exec":["var sts = \"https://\" + pm.environment.get(\"url_sts\") +\"/api/oauth/token\";\r","var clientID = pm.environment.get(\"client_id_bre\");\r","var clientSecret = pm.environment.get(\"client_secret_bre\");\r","var timeNow = Date.now();\r","\r","console.log(\"login sts\")\r","console.log(\"sts url: \"+ sts)\r","console.log(\"clientID: \"+ clientID)\r","console.log(\"clientSecret: \"+ clientSecret)\r","\r","\r","console.log(\"solicitando token ...\")\r","    pm.sendRequest({\r","        url: sts,\r","        method: 'POST',\r","        header: {\r","            'Content-Type': 'application/x-www-form-urlencoded',\r","            'Accept': 'application/json'\r","        },\r","        body: {\r","            mode: 'urlencoded',\r","            urlencoded: [\r","                { key: \"grant_type\", value: \"client_credentials\", disabled: false },\r","                { key: \"client_id\", value: clientID, disabled: false },\r","                { key: \"client_secret\", value: clientSecret, disabled: false },\r","            ]\r","        }\r","    }, function (err, response) {\r","        pm.environment.set(\"client_bearer_bre\", response.json().access_token);\r","    });\r","    \r","    console.log(\"bearer \" + pm.environment.get(\"client_bearer_bre\"))\r","\r","\r",""],"type":"text/javascript","id":"8bd985f1-6915-414f-a7b2-cddb313e88cd"}},{"listen":"test","script":{"exec":["var json = JSON.parse(responseBody);\r","\r","pm.test(\"Request is successful with a status code of 200\", function () {\r","    pm.response.to.have.status(200);\r","});\r","\r","pm.test(\"campanhaAlertaOferta\", function () {\r","\r","    campanhaAlertaOfertaExpect = [{\r","        \"tipoWarning\": \"VENDAS\",\r","        \"codigo\": \"CCRB48\",\r","        \"titulo\": \"Oferta Acelerador de Pontos Person\",\r","        \"subTipo\": \"VENDA\",\r","        \"descricao\": \"Oferta Acelerador de Pontos Person\",\r","        \"tela\": \"WPA22\",\r","        \"descanso\": 0,\r","        \"prioridade\": 14\r","    },\r","    {\r","        \"tipoWarning\": \"VENDAS\",\r","        \"codigo\": \"CCRAAX\",\r","        \"titulo\": \"Upgrade\",\r","        \"subTipo\": \"VENDA\",\r","        \"descricao\": \"Upgrade\",\r","        \"tela\": \"WPA22\",\r","        \"descanso\": 0,\r","        \"prioridade\": 3\r","    },\r","    {\r","        \"tipoWarning\": \"VENDAS\",\r","        \"codigo\": \"CCRB17\",\r","        \"titulo\": \"Parcelamento de Fatura\",\r","        \"subTipo\": \"VENDA\",\r","        \"descricao\": \"Parcelamento de Fatura\",\r","        \"tela\": \"WPA22\",\r","        \"descanso\": 0,\r","        \"prioridade\": 2\r","    },\r","    {\r","        \"tipoWarning\": \"RELACIONAMENTO\",\r","        \"codigo\": \"123FGH\",\r","        \"titulo\": \"Cartao em BP\",\r","        \"subTipo\": \"CARTAO\",\r","        \"descricao\": \"Cartao em BP\",\r","        \"tela\": \"WPA21\",\r","        \"descanso\": 0,\r","        \"prioridade\": 1\r","    }]\r","\r","    pm.expect(json.saida.campanhaAlertaOferta).to.deep.equal(campanhaAlertaOfertaExpect);\r","});\r","\r","\r",""],"type":"text/javascript","id":"1099aaec-855d-4c0c-b5ee-83cfe8ed53aa"}}],"id":"10f9e1f7-3e70-4d30-ad6e-d097f9473f9e","protocolProfileBehavior":{"disableBodyPruning":true},"request":{"auth":{"type":"noauth"},"method":"POST","header":[{"key":"Content-Type","name":"Content-Type","type":"text","value":"application/json"},{"key":"Accept","type":"text","value":"application/json"},{"key":"Authorization","type":"text","value":"Bearer {{client_bearer_bre}}"}],"body":{"mode":"raw","raw":"{\r\n    \"entrada\": {\r\n        \"campanhas\": [\r\n            \"CCRB48\",\r\n            \"CCRAAx\",\r\n            \"CCRB17\"\r\n        ]\r\n    }\r\n}"},"url":{"raw":"https://service.bre.dev.aws.cloud.ihf/DecisionService/rest/bre_warning_alerta_oferta/1.0/saida","protocol":"https","host":["service","bre","dev","aws","cloud","ihf"],"path":["DecisionService","rest","bre_warning_alerta_oferta","1.0","saida"]}},"response":[]},{"name":"Case_Sensitive_3","event":[{"listen":"prerequest","script":{"exec":["var sts = \"https://\" + pm.environment.get(\"url_sts\") +\"/api/oauth/token\";\r","var clientID = pm.environment.get(\"client_id_bre\");\r","var clientSecret = pm.environment.get(\"client_secret_bre\");\r","var timeNow = Date.now();\r","\r","console.log(\"login sts\")\r","console.log(\"sts url: \"+ sts)\r","console.log(\"clientID: \"+ clientID)\r","console.log(\"clientSecret: \"+ clientSecret)\r","\r","\r","console.log(\"solicitando token ...\")\r","    pm.sendRequest({\r","        url: sts,\r","        method: 'POST',\r","        header: {\r","            'Content-Type': 'application/x-www-form-urlencoded',\r","            'Accept': 'application/json'\r","        },\r","        body: {\r","            mode: 'urlencoded',\r","            urlencoded: [\r","                { key: \"grant_type\", value: \"client_credentials\", disabled: false },\r","                { key: \"client_id\", value: clientID, disabled: false },\r","                { key: \"client_secret\", value: clientSecret, disabled: false },\r","            ]\r","        }\r","    }, function (err, response) {\r","        pm.environment.set(\"client_bearer_bre\", response.json().access_token);\r","    });\r","    \r","    console.log(\"bearer \" + pm.environment.get(\"client_bearer_bre\"))\r","\r","\r",""],"type":"text/javascript","id":"59924b84-6808-4e06-8fff-7cfb3f56ebbc"}},{"listen":"test","script":{"exec":["var json = JSON.parse(responseBody);\r","\r","pm.test(\"Request is successful with a status code of 200\", function () {\r","    pm.response.to.have.status(200);\r","});\r","\r","pm.test(\"campanhaAlertaOferta\", function () {\r","\r","    campanhaAlertaOfertaExpect = [{\r","        \"tipoWarning\": \"VENDAS\",\r","        \"codigo\": \"CCRB48\",\r","        \"titulo\": \"Oferta Acelerador de Pontos Person\",\r","        \"subTipo\": \"VENDA\",\r","        \"descricao\": \"Oferta Acelerador de Pontos Person\",\r","        \"tela\": \"WPA22\",\r","        \"descanso\": 0,\r","        \"prioridade\": 14\r","    },\r","    {\r","        \"tipoWarning\": \"VENDAS\",\r","        \"codigo\": \"CCRAAX\",\r","        \"titulo\": \"Upgrade\",\r","        \"subTipo\": \"VENDA\",\r","        \"descricao\": \"Upgrade\",\r","        \"tela\": \"WPA22\",\r","        \"descanso\": 0,\r","        \"prioridade\": 3\r","    },\r","    {\r","        \"tipoWarning\": \"VENDAS\",\r","        \"codigo\": \"CCRB17\",\r","        \"titulo\": \"Parcelamento de Fatura\",\r","        \"subTipo\": \"VENDA\",\r","        \"descricao\": \"Parcelamento de Fatura\",\r","        \"tela\": \"WPA22\",\r","        \"descanso\": 0,\r","        \"prioridade\": 2\r","    },\r","    {\r","        \"tipoWarning\": \"RELACIONAMENTO\",\r","        \"codigo\": \"123FGH\",\r","        \"titulo\": \"Cartao em BP\",\r","        \"subTipo\": \"CARTAO\",\r","        \"descricao\": \"Cartao em BP\",\r","        \"tela\": \"WPA21\",\r","        \"descanso\": 0,\r","        \"prioridade\": 1\r","    }]\r","\r","    pm.expect(json.saida.campanhaAlertaOferta).to.deep.equal(campanhaAlertaOfertaExpect);\r","});\r","\r","\r",""],"type":"text/javascript","id":"787d591e-4b71-439c-9298-a2031353e730"}}],"id":"013caac9-8e1a-4560-9c88-b8d2b45d14a7","protocolProfileBehavior":{"disableBodyPruning":true},"request":{"auth":{"type":"noauth"},"method":"POST","header":[{"key":"Content-Type","name":"Content-Type","type":"text","value":"application/json"},{"key":"Accept","type":"text","value":"application/json"},{"key":"Authorization","type":"text","value":"Bearer {{client_bearer_bre}}"}],"body":{"mode":"raw","raw":"{\r\n    \"entrada\": {\r\n        \"campanhas\": [\r\n            \"CCRB48\",\r\n            \"CCRAAx\",\r\n            \"CCRB17\"\r\n        ]\r\n    }\r\n}"},"url":{"raw":"https://service.bre.dev.aws.cloud.ihf/DecisionService/rest/bre_warning_alerta_oferta/1.0/saida","protocol":"https","host":["service","bre","dev","aws","cloud","ihf"],"path":["DecisionService","rest","bre_warning_alerta_oferta","1.0","saida"]}},"response":[]}],"id":"45543a0b-0a34-4cc7-9914-2ac2b4c8987d"}]}