{"info":{"_postman_id":"9c0a7ecc-76a7-4152-a151-2f46977b7853","name":"HI","schema":"https://schema.getpostman.com/json/collection/v2.1.0/collection.json"},"item":[{"name":"RETORNO Cartonista","item":[{"name":"https://api-itau-hi-warnings-orq-itau-hi-warning-orq.apps.ocp2.ctsp.des.cloud.ihf/campanhas/v2/campanhas_relacionamento/CCRAAX","event":[{"listen":"prerequest","script":{"id":"7c6d967f-44a8-460b-a7e7-ca05ceeec497","exec":["let timestamp = new Date().toJSON();\r","pm.environment.set('timestamp', timestamp);\r",""],"type":"text/javascript"}}],"id":"7ac06b74-4817-4989-81b1-93e78e894da1","protocolProfileBehavior":{"disableBodyPruning":true},"request":{"method":"PATCH","header":[{"key":"Content-Type","value":"application/json","type":"text"},{"key":"Authorization","value":"Bearer {{access_token}}","type":"text"},{"key":"x-itau-apikey","value":"63c4f0ac-1de0-4e55-bd23-0d2b5175b287 ","type":"text"},{"key":"x-itau-flowID","value":"0","type":"text"},{"key":"x-itau-correlationID","value":"1","type":"text"},{"key":"x-itau-appid","value":"cfcbc4b4-3337-4b4e-b65d-f2160bf8f791","type":"text"},{"key":"x-itau-origem","value":"","type":"text","disabled":true}],"body":{"mode":"raw","raw":"{\r\n    \"tipo_acesso\": 3,\r\n    \"documento\": \"1000712\",\r\n    \"tipo_documento\": \"id_chpras\",\r\n    \"codigo_produto\": \"POI\",\r\n    \"codigo_subproduto\": \"JHY\",\r\n    \"data_hora\": \"08/03/2022\",\r\n    \"codigo_retorno\": \"Q\",\r\n    \"tpempresa_orig_canal\": \"000\",\r\n    \"codbanco_orig_canal\": \"000\",\r\n    \"agencia_orig_canal\": \"000\"\r\n}"},"url":{"raw":"https://api-itau-hi-warnings-orq-itau-hi-warning-orq.apps.ocp2.ctsp.des.cloud.ihf/campanhas/v2/campanhas_relacionamento/POIJHY","protocol":"https","host":["api-itau-hi-warnings-orq-itau-hi-warning-orq","apps","ocp2","ctsp","des","cloud","ihf"],"path":["campanhas","v2","campanhas_relacionamento","POIJHY"]},"description":"O parametro de \"Codigo de retorno\" trabalha com duas literais\r\n   \r\n    Q - Clicado\r\n    A - Visto\r\n"},"response":[]}],"id":"26b63c9a-67ac-471f-81c4-d1cdb5d48945"},{"name":"Consulta Cartonista","item":[{"name":"NCC - DEV ","id":"542f7f0d-5df0-4f42-ba2b-3bf8df5919e4","protocolProfileBehavior":{"disableBodyPruning":true},"request":{"method":"GET","header":[{"key":"Content-Type","name":"Content-Type","type":"text","value":"application/x-www-form-urlencoded"},{"key":"Authorization","type":"text","value":"Bearer {{access_token}}"},{"key":"x-itau-apikey","type":"text","value":"63c4f0ac-1de0-4e55-bd23-0d2b5175b287"},{"key":"x-itau-flowID","type":"text","value":"0"},{"key":"x-itau-correlationID","type":"text","value":"1"},{"key":"x-itau-appid","value":"cfcbc4b4-3337-4b4e-b65d-f2160bf8f791","type":"text"},{"key":"x-itau-origem","value":"URA","type":"text"}],"body":{"mode":"raw","raw":""},"url":{"raw":"https://api-itau-hi-warnings-orq-itau-hi-warning-orq.apps.ocp2.ctsp.des.cloud.ihf/campanhas/v2/campanhas_relacionamento?tipo_acesso=3&tipo_documento=id_chpras&documento=1000712\n","protocol":"https","host":["api-itau-hi-warnings-orq-itau-hi-warning-orq","apps","ocp2","ctsp","des","cloud","ihf"],"path":["campanhas","v2","campanhas_relacionamento"],"query":[{"key":"tipo_acesso","value":"3"},{"key":"tipo_documento","value":"id_chpras"},{"key":"documento","value":"1000712\n"}]},"description":"Campo \"TipoWarning\" = Referencia se a campanha retornada é do tipo oferta ou do tipo informativo.\r\n\r\n(\r\n    1 - Informativo\r\n    2 - Oferta\r\n)"},"response":[]},{"name":"NCC - DEV  Copy","id":"94b8965f-6803-49f7-95a9-b7eec06f34f8","protocolProfileBehavior":{"disableBodyPruning":true},"request":{"method":"GET","header":[{"key":"Content-Type","name":"Content-Type","type":"text","value":"application/x-www-form-urlencoded"},{"key":"Authorization","type":"text","value":"Bearer {{client_bearer}}"},{"key":"x-itau-apikey","type":"text","value":"63c4f0ac-1de0-4e55-bd23-0d2b5175b287"},{"key":"x-itau-flowID","type":"text","value":"0"},{"key":"x-itau-correlationID","type":"text","value":"1"},{"key":"x-itau-appid","value":"cfcbc4b4-3337-4b4e-b65d-f2160bf8f791","type":"text"},{"key":"x-itau-origem","value":"URA","type":"text"}],"body":{"mode":"raw","raw":""},"url":{"raw":"https://api-itau-hi-warnings-orq-itau-hi-warning-orq.apps.ocp2.ctsp.des.cloud.ihf/campanhas/v2/campanhas_relacionamento?tipo_acesso=3&tipo_documento=id_chpras&documento=1000712\n","protocol":"https","host":["api-itau-hi-warnings-orq-itau-hi-warning-orq","apps","ocp2","ctsp","des","cloud","ihf"],"path":["campanhas","v2","campanhas_relacionamento"],"query":[{"key":"tipo_acesso","value":"3"},{"key":"tipo_documento","value":"id_chpras"},{"key":"documento","value":"1000712\n"}]},"description":"Campo \"TipoWarning\" = Referencia se a campanha retornada é do tipo oferta ou do tipo informativo.\r\n\r\n(\r\n    1 - Informativo\r\n    2 - Oferta\r\n)"},"response":[]}],"id":"436a1157-634f-4266-be05-c66f0f14eced"},{"name":"STS","item":[{"name":"STS - Token - DES (UDIAL)","event":[{"listen":"test","script":{"id":"9cb15838-3170-4e00-ab10-443b75e58081","exec":["var jsonData = JSON.parse(responseBody);\r","postman.setEnvironmentVariable(\"token\", jsonData.access_token);\r","pm.test(\"response is ok\", function () {\r","    pm.response.to.have.status(200);\r","});\r","\r","pm.environment.set(\"access_token\", jsonData.access_token);"],"type":"text/javascript"}}],"id":"e1e5567e-5023-41ef-a124-4277139c5c3a","protocolProfileBehavior":{"disableBodyPruning":true},"request":{"method":"POST","header":[{"key":"Content-Type","value":"application/x-www-form-urlencoded","disabled":true},{"key":"x-itau-flowID","value":"0","disabled":true},{"key":"x-itau-correlationID","value":"1","disabled":true}],"body":{"mode":"urlencoded","urlencoded":[{"key":"grant_type","value":"client_credentials","type":"text"},{"key":"client_id","value":"63c4f0ac-1de0-4e55-bd23-0d2b5175b287","type":"text"},{"key":"client_secret","value":"89d6f22f-e0b9-4e57-8e16-c7770a496c7c","type":"text"}]},"url":{"raw":"https://des-sts-int.mbi.cloud.ihf/api/oauth/token","protocol":"https","host":["des-sts-int","mbi","cloud","ihf"],"path":["api","oauth","token"]}},"response":[]}],"id":"13086739-7dac-4bb4-97fd-2aa751a4e56b"}]}