{"info":{"_postman_id":"a4bf5583-e67f-4467-b294-0650711fd217","name":"iubot","schema":"https://schema.getpostman.com/json/collection/v2.1.0/collection.json"},"item":[{"name":"LOGIN MICROSOFT","event":[{"listen":"test","script":{"id":"5910df1b-f063-4add-9283-15e6131c6dbd","exec":["var jsonData = JSON.parse(responseBody);\r","\r","\r","pm.test(\"Status code is 200\", function () {\r","    pm.response.to.have.status(200);});\r","\r","pm.environment.set(\"access_token\", jsonData.access_token);\r","pm.environment.set(\"refresh_token\", jsonData.refresh_token);\r","pm.environment.set(\"id_token\", jsonData.id_token);"],"type":"text/javascript"}}],"id":"2d59c89c-070e-4e53-8540-d32f6c130012","protocolProfileBehavior":{"disableBodyPruning":true},"request":{"method":"POST","header":[],"body":{"mode":"formdata","formdata":[{"key":"grant_type","value":"password","type":"text"},{"key":"client_id","value":"{{client_id}}","type":"text"},{"key":"client_secret","value":"{{client_secret}}","type":"text"},{"key":"scope","value":"user.read openid profile offline_access","type":"text"},{"key":"username","value":"{{user_name}}","type":"text"},{"key":"password","value":"091103","type":"text"}]},"url":{"raw":"https://login.microsoftonline.com/{{tenant_azure}}/oauth2/v2.0/token","protocol":"https","host":["login","microsoftonline","com"],"path":["{{tenant_azure}}","oauth2","v2.0","token"]}},"response":[]},{"name":"Get Chatbots","id":"5538b626-1af4-4fec-b027-3f96e3cbeeb4","protocolProfileBehavior":{"disableBodyPruning":true},"request":{"method":"GET","header":[{"key":"Authorization","value":"Bearer {{id_token}}","type":"text"},{"key":"x-itau-correlationID","value":"{{x-itau-correlationID}}","type":"text"},{"key":"x-origin-cf-apigw","value":"{{x-origin-cf-apigw}}","type":"text"}],"url":{"raw":"{{url_iubot}}/v1/organizacao/af1ea2f3-c55e-4903-805d-854d5b4babf0/unidade_negocio?include_chats=true","host":["{{url_iubot}}"],"path":["v1","organizacao","af1ea2f3-c55e-4903-805d-854d5b4babf0","unidade_negocio"],"query":[{"key":"include_chats","value":"true"}]}},"response":[]},{"name":"Delete Chatbot","id":"e958ae10-c654-4359-81e0-8d2847e22975","protocolProfileBehavior":{"disableBodyPruning":true},"request":{"method":"PUT","header":[{"key":"Authorization","value":"Bearer {{id_token}}","type":"text"},{"key":"x-itau-correlationID","value":"{{x-itau-correlationID}}","type":"text"},{"key":"x-origin-cf-apigw","value":"{{x-origin-cf-apigw}}","type":"text"}],"url":{"raw":"{{url_iubot}}/v1/organizacao/af1ea2f3-c55e-4903-805d-854d5b4babf0/unidade_negocio?include_chats=true","host":["{{url_iubot}}"],"path":["v1","organizacao","af1ea2f3-c55e-4903-805d-854d5b4babf0","unidade_negocio"],"query":[{"key":"include_chats","value":"true"}]}},"response":[]}]}