{"info":{"_postman_id":"a5886a5b-3551-4d2f-9897-0b2614de4a71","name":"RC6","schema":"https://schema.getpostman.com/json/collection/v2.1.0/collection.json"},"item":[{"name":"https://des-sts.mbi.cloud.ihf/api/oauth/token","event":[{"listen":"test","script":{"exec":["var jsonData = JSON.parse(responseBody);","postman.setEnvironmentVariable(\"access_token\", jsonData.access_token);","postman.setEnvironmentVariable(\"refresh_token\", jsonData.refresh_token);"],"type":"text/javascript","id":"ec49533a-dab9-4cda-b652-c33663558af3"}}],"id":"37c7e1ec-a427-4f22-bbbc-ae57fa007e2d","protocolProfileBehavior":{"disableBodyPruning":true},"request":{"method":"POST","header":[{"key":"Content-Type","value":"application/x-www-form-urlencoded"}],"body":{"mode":"urlencoded","urlencoded":[{"key":"grant_type","value":"client_credentials","type":"text"},{"key":"client_id","value":"c26b2dd1-a280-4819-b923-538a7e8db5c2","type":"text"},{"key":"client_secret","value":"3fdcb06f-9489-4b32-a7ec-2c696a95a875","type":"text"},{"key":"x-itau-flowID","value":"123","type":"text"},{"key":"x-itau-correlationID","value":"423","type":"text"},{"key":"Cache-Control","value":"no-cache","type":"text","disabled":true}]},"url":{"raw":"https://des-sts.mbi.cloud.ihf/api/oauth/token","protocol":"https","host":["des-sts","mbi","cloud","ihf"],"path":["api","oauth","token"]}},"response":[]},{"name":"Cartoes historico - AWS","event":[{"listen":"test","script":{"id":"d81a7006-8334-4487-ac43-4453069b790d","exec":["pm.test(\"Status code is 200\", function () {\r","  var jsonData = JSON.parse(responseBody);\r","  if(jsonData.data.length > 0){\r","    pm.environment.set(\"organizacao\", jsonData.data[1].organizacao);\r","    pm.environment.set(\"configuracao\", jsonData.data[1].configuracao);\r","    pm.environment.set(\"numero_conta\", jsonData.data[1].conta_cartao);\r","    pm.environment.set(\"id_cartao\", jsonData.data[1].id_cartao);\r","  }\r","});"],"type":"text/javascript"}}],"id":"812532df-c0fc-46e9-8e4c-7ab68b97256e","protocolProfileBehavior":{"disableBodyPruning":true},"request":{"auth":{"type":"bearer","bearer":[{"key":"token","value":"{{access_token}}","type":"string"}]},"method":"GET","header":[{"key":"x-apigw-api-id","value":"bajpd4b9jh","type":"text"},{"key":"x-itau-apikey","value":"c26b2dd1-a280-4819-b923-538a7e8db5c2","type":"text"},{"key":"x-itau-correlationID","value":"123","type":"text"}],"url":{"raw":"https://api-sp.dev.aws.cloud.ihf/dev/itauresolve-platdynamics-aws/v1/cartoes?funcionalidade=historico&cpf_cnpj_cliente=18982425691&tipo_pessoa=F&expand=situacao_cartao, situacao_conta","protocol":"https","host":["api-sp","dev","aws","cloud","ihf"],"path":["dev","itauresolve-platdynamics-aws","v1","cartoes"],"query":[{"key":"funcionalidade","value":"historico"},{"key":"cpf_cnpj_cliente","value":"18982425691"},{"key":"tipo_pessoa","value":"F"},{"key":"expand","value":"situacao_cartao, situacao_conta"}]}},"response":[]}]}