{"info":{"_postman_id":"a98dcd3b-3f23-439f-bfcf-5d224a053e3c","name":"FU5 - Aplicações AWS","schema":"https://schema.getpostman.com/json/collection/v2.1.0/collection.json"},"item":[{"name":"STS","item":[{"name":"STS - Oauth Token","event":[{"listen":"test","script":{"exec":["var jsonData = JSON.parse(responseBody);\r","postman.setEnvironmentVariable(\"BearerToken\", jsonData.access_token);"],"type":"text/javascript","id":"e3277a80-5ce7-4685-a1f7-0240dff0f6c1"}}],"id":"ec10e48a-1c6e-4ffc-b322-9ca04f306bbe","protocolProfileBehavior":{"disableBodyPruning":true},"request":{"method":"POST","header":[],"body":{"mode":"urlencoded","urlencoded":[{"key":"client_id","value":"{{STS-ClientId}}","type":"text"},{"key":"client_secret","value":"{{STS-ClientSecret}}","type":"text"},{"key":"grant_type","value":"client_credentials","description":"client_credentials / password","type":"text"},{"key":"username","value":"cps931c","description":"Usuário de serviço","type":"text","disabled":true},{"key":"password","value":"","description":"Senha do Usuário de serviço","type":"text","disabled":true}]},"url":{"raw":"{{HOST-STS}}/api/oauth/token","host":["{{HOST-STS}}"],"path":["api","oauth","token"]}},"response":[]}],"id":"9e5326a9-94d3-4ad3-84d9-4471bc157d5f"},{"name":"Api Produtora","item":[{"name":"Api Produtora - Health Check","event":[{"listen":"prerequest","script":{"exec":[""],"type":"text/javascript","id":"988a2807-b7de-4d82-91df-98b56c3e1c23"}}],"id":"5282f3eb-5ec1-4521-8786-ca828bae892c","protocolProfileBehavior":{"disableBodyPruning":true},"request":{"auth":{"type":"bearer","bearer":[{"key":"token","value":"{{BearerToken}}","type":"string"}]},"method":"GET","header":[{"key":"x-itau-apikey","type":"text","value":"{{x-itau-apikey}}","description":"URA C.: 7c3b09c5-618d-4799-b3c3-bbaf1813ef99\nFU5 W: 8ea55cc8-032a-4dc8-b198-c291c5ec7cd4"},{"key":"x-apigw-api-id","type":"text","value":"{{x-apigw-api-id}}"},{"key":"x-itau-flowID","value":"{{x-itau-flowId}}","type":"text"},{"key":"x-itau-correlationID","type":"text","value":"{{x-itau-correlationId}}"}],"body":{"mode":"raw","raw":"","options":{"raw":{"language":"json"}}},"url":{"raw":"{{HOST-GTW-AWS}}/gestaofilas-apigateway-aws/api/v1/health_checks","host":["{{HOST-GTW-AWS}}"],"path":["gestaofilas-apigateway-aws","api","v1","health_checks"]}},"response":[]},{"name":"Api Produtora - Mensagem GA","event":[{"listen":"prerequest","script":{"exec":[""],"type":"text/javascript","id":"a1e8980e-e07b-4f0b-b083-eaebb4f52816"}}],"id":"263150ec-0460-4aeb-bfab-150fa2136ce1","protocolProfileBehavior":{"disableBodyPruning":true},"request":{"auth":{"type":"bearer","bearer":[{"key":"token","value":"{{BearerToken}}","type":"string"}]},"method":"POST","header":[{"key":"x-itau-apikey","type":"text","value":"{{x-itau-apikey}}","description":"URA C.: 7c3b09c5-618d-4799-b3c3-bbaf1813ef99\nFU5 W: 8ea55cc8-032a-4dc8-b198-c291c5ec7cd4"},{"key":"x-apigw-api-id","type":"text","value":"{{x-apigw-api-id}}"},{"key":"x-itau-flowID","value":"{{x-itau-flowId}}","type":"text"},{"key":"x-itau-correlationID","type":"text","value":"{{x-itau-correlationId}}"}],"body":{"mode":"raw","raw":"{\r\n    \"codigo_chave_aplicacao_cliente\": \"{{x-itau-apikey}}\",\r\n    \"indicador_possui_autenticacao_token\": true,\r\n    \"codigo_tipo_criticidade_envio_dado\": \"Baixa\",\r\n    \"texto_url_servico_destino\": \"{{HOST-GTW-OUT}}/google_analytics/v1/collect?v=1&t=pageview&tId=UA-140135526-5&uId=157.709.690-83&cId=157.709.690-83&cd16=URA333333&dl=www.ura-itau.com.br&cd2=%22URA%3ANL%3AInicio%3AWAV1234%20URA%3ALG%3AConsultarLimite%3ATTS1234%22&dp=/FU5/TESTE COMUNICACAO&cd158=%22ConsultarSaldo%20PagamentoFatura%22&cd4=PVI%20Seguros&cd151=00550011947150919&cd152=3030&cd153=retida&geoId=1001510&cd157=sim&cd154=prevencao a fraude&cd155=interna&cd30=cartao&cd9=157.709.690-83&cd63=20590153XXXXXX1478&cd64=visa&cd65=gold&cd66=itaucard&cd17=aeuy&cm9=1&cm13=1&cd156=b10&cd41=correntista&cd31=senha nao digitada&cd125=CHPRAS teste Campo 3\",\r\n    \"texto_objeto_requisicao_servico_destino\": \"\"\r\n}","options":{"raw":{"language":"json"}}},"url":{"raw":"{{HOST-GTW-AWS}}{{APLICACAO-AWS}}/api/v1/google_analytics","host":["{{HOST-GTW-AWS}}{{APLICACAO-AWS}}"],"path":["api","v1","google_analytics"]},"description":"Local: {{HOST-GTW-AWS}}/api/v1/google_analytics\r\n| AWS: {{HOST-GTW-AWS}}/gestaofilas-apigateway-aws/api/v1/google_analytics"},"response":[]}],"id":"6a5a7314-ed3d-410f-909a-ca6e009c3d56","event":[{"listen":"prerequest","script":{"type":"text/javascript","exec":[""],"id":"7381fea5-2114-4eee-a103-7a19922516c8"}},{"listen":"test","script":{"type":"text/javascript","exec":[""],"id":"89b1a8da-0a64-4b5e-adf5-e2b6683e82bd"}}]},{"name":"Google Analytics","item":[{"name":"Gateway Outbound - GA","id":"d9b359ca-790e-49c9-9288-19f93fdedc32","protocolProfileBehavior":{"disableBodyPruning":true},"request":{"auth":{"type":"bearer","bearer":[{"key":"token","value":"{{BearerToken}}","type":"string"}]},"method":"POST","header":[{"key":"Content-Type","value":"application/json","type":"text"},{"key":"x-itau-apikey","type":"text","value":"{{STS-ClientId}}","description":"Apikey com acesso ao contrato do Gateway Outbound no MBI"},{"key":"x-apigw-api-id","type":"text","value":"{{x-apigw-api-id}}","disabled":true},{"key":"x-itau-flowID","value":"{{x-itau-flowId}}","type":"text","disabled":true},{"key":"x-itau-correlationID","type":"text","value":"{{x-itau-correlationId}}","disabled":true}],"body":{"mode":"formdata","formdata":[]},"url":{"raw":"{{HOST-GTW-OUT}}/google_analytics/v1/collect?v=1&t=pageview&tId=UA-140135526-5&uId=157.709.690-83&cId=157.709.690-83&cd16=URA333333&dl=www.ura-itau.com.br&cd2=%22URA%3ANL%3AInicio%3AWAV1234%20URA%3ALG%3AConsultarLimite%3ATTS1234%22&dp=/FU5/TESTE COMUNICACAO DIRETA 09-08-2021&cd158=%22ConsultarSaldo%20PagamentoFatura%22&cd4=PVI%20Seguros&cd151=00550011947150919&cd152=3030&cd153=retida&geoId=1001510&cd157=sim&cd154=prevencao a fraude&cd155=interna&cd30=cartao&cd9=157.709.690-83&cd63=20590153XXXXXX1478&cd64=visa&cd65=gold&cd66=itaucard&cd17=aeuy&cm9=1&cm13=1&cd156=b10&cd41=correntista&cd31=senha nao digitada&cd125=CHPRAS teste Campo 3","host":["{{HOST-GTW-OUT}}"],"path":["google_analytics","v1","collect"],"query":[{"key":"v","value":"1"},{"key":"t","value":"pageview"},{"key":"tId","value":"UA-140135526-5"},{"key":"uId","value":"157.709.690-83"},{"key":"cId","value":"157.709.690-83"},{"key":"cd16","value":"URA333333"},{"key":"dl","value":"www.ura-itau.com.br"},{"key":"cd2","value":"%22URA%3ANL%3AInicio%3AWAV1234%20URA%3ALG%3AConsultarLimite%3ATTS1234%22"},{"key":"dp","value":"/FU5/TESTE COMUNICACAO DIRETA 09-08-2021","description":"Sempre alterar para a data atual"},{"key":"cd158","value":"%22ConsultarSaldo%20PagamentoFatura%22"},{"key":"cd4","value":"PVI%20Seguros"},{"key":"cd151","value":"00550011947150919"},{"key":"cd152","value":"3030"},{"key":"cd153","value":"retida"},{"key":"geoId","value":"1001510"},{"key":"cd157","value":"sim"},{"key":"cd154","value":"prevencao a fraude"},{"key":"cd155","value":"interna"},{"key":"cd30","value":"cartao"},{"key":"cd9","value":"157.709.690-83"},{"key":"cd63","value":"20590153XXXXXX1478"},{"key":"cd64","value":"visa"},{"key":"cd65","value":"gold"},{"key":"cd66","value":"itaucard"},{"key":"cd17","value":"aeuy"},{"key":"cm9","value":"1"},{"key":"cm13","value":"1"},{"key":"cd156","value":"b10"},{"key":"cd41","value":"correntista"},{"key":"cd31","value":"senha nao digitada"},{"key":"cd125","value":"CHPRAS teste Campo 3"}]},"description":"Google Analytics via Gateway outbound"},"response":[]}],"id":"a5707aa9-243c-4230-b6e3-655011bec29e"}],"event":[{"listen":"prerequest","script":{"type":"text/javascript","exec":[""],"id":"a4f68723-5c97-47d2-af26-d0db85a21dc4"}},{"listen":"test","script":{"type":"text/javascript","exec":[""],"id":"c7d60a79-6984-4201-9740-5a683e8ba3e4"}}]}