{"info":{"_postman_id":"abb2f113-54e5-4043-b321-87ead36dc09e","name":"BFF_HistoricoDeContato","schema":"https://schema.getpostman.com/json/collection/v2.1.0/collection.json"},"item":[{"name":"HistoricodecontatoA1500C606452","event":[{"listen":"prerequest","script":{"exec":["var sts = pm.environment.get(\"oauth\");\r","var clientID = pm.environment.get(\"client_id\");\r","var clientSecret = pm.environment.get(\"client_secret\");\r","var tokenExpiration = pm.environment.get(\"token-expire\");\r","var timeNow = Date.now();\r","tokenExpiration = tokenExpiration ? tokenExpiration : timeNow - 1;\r","\r","if (tokenExpiration < timeNow) {\r","    console.log(\"requesting token\")\r","    pm.sendRequest({\r","        url: sts,\r","        method: 'POST',\r","        header: {\r","            'Content-Type': 'application/x-www-form-urlencoded',\r","            'Accept': 'application/json'\r","        },\r","        body: {\r","            mode: 'urlencoded',\r","            urlencoded: [\r","                { key: \"grant_type\", value: \"client_credentials\", disabled: false },\r","                { key: \"client_id\", value: clientID, disabled: false },\r","                { key: \"client_secret\", value: clientSecret, disabled: false },\r","            ]\r","        }\r","    }, function (err, response) {\r","        pm.environment.set(\"access_token\", response.json().access_token);\r","        pm.environment.set(\"token-expire\", timeNow);\r","    });\r","} else {\r","    console.log(\"cached token\");\r","}"],"type":"text/javascript","id":"7028f1fa-a951-4f96-a3c1-3f493b0b63ed"}},{"listen":"test","script":{"exec":["// Verifica se o status da response é 200\r","pm.test(\"Status code is 200\", function () {\r","    pm.response.to.have.status(200);\r","});"],"type":"text/javascript","id":"d6f1090e-af9d-4df6-88d8-b488b7cc00a4"}}],"id":"dac8b7d4-eb54-42f3-b058-9a235ef04988","protocolProfileBehavior":{"disableBodyPruning":true},"request":{"method":"GET","header":[{"key":"x-apigw-api-id","value":"{{idGateway}}","type":"text","disabled":true},{"key":"x-itau-correlationID","value":"{{$guid}}","type":"text"},{"key":"x-origin-cf-apigw","value":"{{IdOrigin-cf-apigw}}","type":"text"},{"key":"x-itau-apikey","value":"{{client_id}}","type":"text"},{"key":"Authorization","value":"Bearer {{access_token}}","type":"text"}],"url":{"raw":"https://relacionamentos-30-horas-api.dev.cloud.itau.com.br/v1/tpa/consultaHistoricoContato?id_empresa=004&id_banco=341&tipo_pessoa=F&page_size=10&cpf_cnpj=26537552893&nome_funcional=S&cod_segmento=3&agencia=1500&conta=60645&dac=2","protocol":"https","host":["relacionamentos-30-horas-api","dev","cloud","itau","com","br"],"path":["v1","tpa","consultaHistoricoContato"],"query":[{"key":"id_empresa","value":"004"},{"key":"id_banco","value":"341"},{"key":"tipo_pessoa","value":"F"},{"key":"page_size","value":"10"},{"key":"cpf_cnpj","value":"26537552893"},{"key":"nome_funcional","value":"S"},{"key":"cod_segmento","value":"3"},{"key":"agencia","value":"1500"},{"key":"conta","value":"60645"},{"key":"dac","value":"2"}]}},"response":[]},{"name":"HistoricodecontatoA1500C604572","event":[{"listen":"prerequest","script":{"exec":["var sts = pm.environment.get(\"oauth\");\r","var clientID = pm.environment.get(\"client_id\");\r","var clientSecret = pm.environment.get(\"client_secret\");\r","var tokenExpiration = pm.environment.get(\"token-expire\");\r","var timeNow = Date.now();\r","tokenExpiration = tokenExpiration ? tokenExpiration : timeNow - 1;\r","\r","if (tokenExpiration < timeNow) {\r","    console.log(\"requesting token\")\r","    pm.sendRequest({\r","        url: sts,\r","        method: 'POST',\r","        header: {\r","            'Content-Type': 'application/x-www-form-urlencoded',\r","            'Accept': 'application/json'\r","        },\r","        body: {\r","            mode: 'urlencoded',\r","            urlencoded: [\r","                { key: \"grant_type\", value: \"client_credentials\", disabled: false },\r","                { key: \"client_id\", value: clientID, disabled: false },\r","                { key: \"client_secret\", value: clientSecret, disabled: false },\r","            ]\r","        }\r","    }, function (err, response) {\r","        pm.environment.set(\"access_token\", response.json().access_token);\r","        pm.environment.set(\"token-expire\", timeNow);\r","    });\r","} else {\r","    console.log(\"cached token\");\r","}"],"type":"text/javascript","id":"0e421d12-5dcc-4b37-a552-2296e7c5e393"}},{"listen":"test","script":{"exec":["// Verifica se o status da response é 200\r","pm.test(\"Status code is 200\", function () {\r","    pm.response.to.have.status(200);\r","});"],"type":"text/javascript","id":"6d395ca3-29af-4666-8b70-f68f15e6116a"}}],"id":"6cb1aaa9-5872-4d16-ac40-c3aa10d66170","protocolProfileBehavior":{"disableBodyPruning":true},"request":{"method":"GET","header":[{"key":"x-apigw-api-id","value":"{{idGateway}}","type":"text","disabled":true},{"key":"x-itau-correlationID","value":"{{$guid}}","type":"text"},{"key":"x-origin-cf-apigw","value":"{{IdOrigin-cf-apigw}}","type":"text"},{"key":"x-itau-apikey","value":"{{client_id}}","type":"text"},{"key":"Authorization","value":"Bearer {{access_token}}","type":"text"}],"url":{"raw":"https://relacionamentos-30-horas-api.dev.cloud.itau.com.br/v1/tpa/consultaHistoricoContato?id_empresa=004&id_banco=341&tipo_pessoa=F&page_size=10&cpf_cnpj=26537552893&nome_funcional=S&cod_segmento=3&agencia=1500&conta=60645&dac=2","protocol":"https","host":["relacionamentos-30-horas-api","dev","cloud","itau","com","br"],"path":["v1","tpa","consultaHistoricoContato"],"query":[{"key":"id_empresa","value":"004"},{"key":"id_banco","value":"341"},{"key":"tipo_pessoa","value":"F"},{"key":"page_size","value":"10"},{"key":"cpf_cnpj","value":"26537552893"},{"key":"nome_funcional","value":"S"},{"key":"cod_segmento","value":"3"},{"key":"agencia","value":"1500"},{"key":"conta","value":"60645"},{"key":"dac","value":"2"}]}},"response":[]},{"name":"HistoricodecontatoA1500C606601","event":[{"listen":"prerequest","script":{"exec":["var sts = pm.environment.get(\"oauth\");\r","var clientID = pm.environment.get(\"client_id\");\r","var clientSecret = pm.environment.get(\"client_secret\");\r","var tokenExpiration = pm.environment.get(\"token-expire\");\r","var timeNow = Date.now();\r","tokenExpiration = tokenExpiration ? tokenExpiration : timeNow - 1;\r","\r","if (tokenExpiration < timeNow) {\r","    console.log(\"requesting token\")\r","    pm.sendRequest({\r","        url: sts,\r","        method: 'POST',\r","        header: {\r","            'Content-Type': 'application/x-www-form-urlencoded',\r","            'Accept': 'application/json'\r","        },\r","        body: {\r","            mode: 'urlencoded',\r","            urlencoded: [\r","                { key: \"grant_type\", value: \"client_credentials\", disabled: false },\r","                { key: \"client_id\", value: clientID, disabled: false },\r","                { key: \"client_secret\", value: clientSecret, disabled: false },\r","            ]\r","        }\r","    }, function (err, response) {\r","        pm.environment.set(\"access_token\", response.json().access_token);\r","        pm.environment.set(\"token-expire\", timeNow);\r","    });\r","} else {\r","    console.log(\"cached token\");\r","}"],"type":"text/javascript","id":"a7e51569-0817-44f5-bd18-bce749fa69cd"}},{"listen":"test","script":{"exec":["// Verifica se o status da response é 200\r","pm.test(\"Status code is 200\", function () {\r","    pm.response.to.have.status(200);\r","});"],"type":"text/javascript","id":"4db3070d-aea7-4b79-8f6b-d0d638effa7b"}}],"id":"6cb61c31-f8be-420d-8cd7-27b85e00777e","protocolProfileBehavior":{"disableBodyPruning":true},"request":{"method":"GET","header":[{"key":"x-apigw-api-id","value":"{{idGateway}}","type":"text","disabled":true},{"key":"x-itau-correlationID","value":"{{$guid}}","type":"text"},{"key":"x-origin-cf-apigw","value":"{{IdOrigin-cf-apigw}}","type":"text"},{"key":"x-itau-apikey","value":"{{client_id}}","type":"text"},{"key":"Authorization","value":"Bearer {{access_token}}","type":"text"}],"url":{"raw":"https://relacionamentos-30-horas-api.dev.cloud.itau.com.br/v1/tpa/consultaHistoricoContato?id_empresa=004&id_banco=341&tipo_pessoa=F&page_size=10&cpf_cnpj=26537552893&nome_funcional=S&cod_segmento=3&agencia=1500&conta=60645&dac=2","protocol":"https","host":["relacionamentos-30-horas-api","dev","cloud","itau","com","br"],"path":["v1","tpa","consultaHistoricoContato"],"query":[{"key":"id_empresa","value":"004"},{"key":"id_banco","value":"341"},{"key":"tipo_pessoa","value":"F"},{"key":"page_size","value":"10"},{"key":"cpf_cnpj","value":"26537552893"},{"key":"nome_funcional","value":"S"},{"key":"cod_segmento","value":"3"},{"key":"agencia","value":"1500"},{"key":"conta","value":"60645"},{"key":"dac","value":"2"}]}},"response":[]}]}