{"info":{"_postman_id":"ad94c50c-40bf-448e-b820-f969f146628e","name":"HC8 api historico","description":"Itaú - API de Histórico - Itau.HC8.Historico.Api - build: 1.0.0.1","schema":"https://schema.getpostman.com/json/collection/v2.1.0/collection.json"},"item":[{"name":"api","item":[],"id":"29d98f97-4174-4e13-a875-e8507f8047a0","description":"Folder for api"},{"name":"/v1","item":[{"name":"/ligacoes","item":[{"name":"Seguros","item":[{"name":"ID=10 OK!","id":"e8e53ef8-5ec3-4ef5-8197-beacdf726130","protocolProfileBehavior":{"disableBodyPruning":true},"request":{"method":"GET","header":[{"key":"Accept","value":"application/json"}],"url":{"raw":"http://{{url_container_api_historico}}/api/v1/ligacoes/10","protocol":"http","host":["{{url_container_api_historico}}"],"path":["api","v1","ligacoes","10"]}},"response":[]}],"id":"d38f2c3d-e5b4-4202-8c79-8eb23c41dced"},{"name":"","id":"5dc79570-f9b6-4b0b-8184-4543ad7cd5cb","protocolProfileBehavior":{"disableBodyPruning":true},"request":{"method":"POST","header":[{"key":"Accept","value":"application/json"},{"key":"Content-Type","value":"application/json-patch+json; v=1"}],"body":{"mode":"raw","raw":""},"url":{"raw":"https://localhost:5001/api/v:version/ligacoes","protocol":"https","host":["localhost"],"port":"5001","path":["api","v:version","ligacoes"],"variable":[{"id":"fce8d6a8-08d3-483b-aa3a-e0d6e5457a5b","key":"version","value":"{{version}}"}]}},"response":[]},{"name":"ConnID 1000000000000013628","id":"8f30ddd1-9407-49e4-8378-c7b4d6dbaa31","protocolProfileBehavior":{"disableBodyPruning":true},"request":{"method":"GET","header":[{"key":"Accept","value":"application/json"}],"url":{"raw":"http://{{url_container_api_historico}}/api/v1/ligacoes/numero_identificacao/1000000000000013628","protocol":"http","host":["{{url_container_api_historico}}"],"path":["api","v1","ligacoes","numero_identificacao","1000000000000013628"]}},"response":[]},{"name":"","id":"52e8a804-be86-41ca-afab-5f2170c73bb1","protocolProfileBehavior":{"disableBodyPruning":true},"request":{"method":"PATCH","header":[{"key":"Accept","value":"application/json"},{"key":"Content-Type","value":"application/json-patch+json; v=1"}],"body":{"mode":"raw","raw":""},"url":{"raw":"https://localhost:5001/api/v:version/ligacoes/numero_identificacao/:numeroIdentificacao","protocol":"https","host":["localhost"],"port":"5001","path":["api","v:version","ligacoes","numero_identificacao",":numeroIdentificacao"],"variable":[{"id":"d302f00b-d24f-4cc6-a4bb-4cef1306c28a","key":"numeroIdentificacao","value":"{{numeroIdentificacao}}"},{"id":"601fcb4e-c575-42c5-ad97-78dbf2ca34bd","key":"version","value":"{{version}}"}]}},"response":[]}],"id":"0f0901a8-8226-4b00-8b85-8412255844cd"},{"name":"/historicos","item":[{"name":"","id":"2958e78a-d096-4811-aa20-82705e75df94","protocolProfileBehavior":{"disableBodyPruning":true},"request":{"method":"GET","header":[{"key":"Accept","value":"application/json"},{"key":"","value":"","type":"text","disabled":true}],"url":{"raw":"http://{{url_container_api_historico}}/api/v1/historicos/detal?pessoa=1&grupo=3&data=2021-06-08","protocol":"http","host":["{{url_container_api_historico}}"],"path":["api","v1","historicos","detal"],"query":[{"key":"pessoa","value":"1"},{"key":"grupo","value":"3"},{"key":"data","value":"2021-06-08"}]}},"response":[]}],"id":"087c754f-8888-40e4-88c3-45882e7e6baf"},{"name":"Health Check OK","id":"07fed2db-d7f3-4dd1-97d0-0530c6f3d2a0","protocolProfileBehavior":{"disableBodyPruning":true},"request":{"method":"GET","header":[{"key":"Accept","value":"application/json"}],"url":{"raw":"http://{{url_container_api_historico}}/healthchecks","protocol":"http","host":["{{url_container_api_historico}}"],"path":["healthchecks"]}},"response":[]}],"id":"6d5be4cb-baf2-4d98-bc0a-bc8d4447952c","event":[{"listen":"prerequest","script":{"id":"fe71993e-eeec-4e5d-b163-d9a21f28955e","type":"text/javascript","exec":[""]}},{"listen":"test","script":{"id":"e3007657-c1fe-4d14-9a10-ffe122a79598","type":"text/javascript","exec":[""]}}]}],"event":[{"listen":"prerequest","script":{"id":"376f619a-3f9e-42cd-b78f-267e97d5d26e","type":"text/javascript","exec":[""]}},{"listen":"test","script":{"id":"e3c8b53d-a347-4c20-ac08-76296a9b90cc","type":"text/javascript","exec":[""]}}]}