{"info":{"_postman_id":"afd41c8e-cd7b-4123-8f5e-7619554ae190","name":"HC8 Retencao","schema":"https://schema.getpostman.com/json/collection/v2.1.0/collection.json"},"item":[{"name":"BRE","item":[{"name":"API Gateway","item":[{"name":"1. Ocupações","event":[{"listen":"test","script":{"exec":["var json = JSON.parse(responseBody);\r","\r","pm.test(\"ListaFilaDerivacao.CDN = 0000\", function () {\r","    pm.expect(json.saida.ListaFilaDerivacao[0].CDN).to.eql(\"0000\");\r","});\r","\r","pm.test(\"ListaFilaDerivacao.RoutingPoint = 0071\", function () {\r","    pm.expect(json.saida.ListaFilaDerivacao[0].RoutingPoint).to.eql(\"0071\");\r","});\r",""],"type":"text/javascript","id":"c63e69ec-d3c9-42d3-a2a1-ba6d80cc01a6"}}],"id":"82f3ef14-36ba-4428-935b-82c3333fb7d7","protocolProfileBehavior":{"disableBodyPruning":true},"request":{"auth":{"type":"noauth"},"method":"POST","header":[{"key":"Content-Type","value":"application/json","type":"text"},{"key":"Accept","value":"application/json","type":"text"},{"key":"Authorization","value":"Bearer {{hc8_bearer_bre_rsa}}","type":"text"},{"key":"x-itau-apikey","value":"{{hc8_client_id_bre_rsa}}","type":"text"},{"key":"x-itau-flowID","value":"{{$guid}}","type":"text"},{"key":"x-itau-correlationID","value":"{{$guid}}","type":"text"}],"body":{"mode":"raw","raw":"{\n\"Entrada\": {\n\t\"Dados\":[\n            {\n\t    \t\"Chave\": \"Passo\",\n       \t    \t\"Valor\": \"1\"\n\t    },\n\t    {\n\t        \"Chave\": \"Ocupacao\",\n\t        \"Valor\": \"\"\n\t    },\n            {\n\t        \"Chave\": \"Retencao\",\n\t        \"Valor\": \"\"\n\t    }    \n        ]\n    }\n}\n\n\n"},"url":{"raw":"https://{{url_api_gateway}}/bre_parametrizadoreletronico/1.0/decisao","protocol":"https","host":["{{url_api_gateway}}"],"path":["bre_parametrizadoreletronico","1.0","decisao"]}},"response":[]},{"name":"2. Motivos (retenção SIM)","event":[{"listen":"test","script":{"exec":["var json = JSON.parse(responseBody);\r","\r","pm.test(\"ListaFilaDerivacao.CDN = 0000\", function () {\r","    pm.expect(json.saida.ListaFilaDerivacao[0].CDN).to.eql(\"0000\");\r","});\r","\r","pm.test(\"ListaFilaDerivacao.RoutingPoint = 0071\", function () {\r","    pm.expect(json.saida.ListaFilaDerivacao[0].RoutingPoint).to.eql(\"0071\");\r","});\r",""],"type":"text/javascript","id":"f80e9406-49da-401a-8444-246a7f170db0"}}],"id":"f4645723-014b-44b4-8671-a42ebbd2bdaf","protocolProfileBehavior":{"disableBodyPruning":true},"request":{"auth":{"type":"noauth"},"method":"POST","header":[{"key":"Content-Type","value":"application/json","type":"text"},{"key":"Accept","value":"application/json","type":"text"},{"key":"Authorization","value":"Bearer {{hc8_bearer_bre_rsa}}","type":"text"},{"key":"x-itau-apikey","value":"{{hc8_client_id_bre_rsa}}","type":"text"},{"key":"x-itau-flowID","value":"{{$guid}}","type":"text"},{"key":"x-itau-correlationID","value":"{{$guid}}","type":"text"}],"body":{"mode":"raw","raw":"{\n\"Entrada\": {\n\t\"Dados\":[\n            {\n\t    \t\"Chave\": \"Passo\",\n       \t    \t\"Valor\": \"2\"\n\t    },\n\t    {\n\t        \"Chave\": \"Ocupacao\",\n\t        \"Valor\": \"\"\n\t    },\n            {\n\t        \"Chave\": \"Retencao\",\n\t        \"Valor\": \"Sim\"\n\t    }    \n        ]\n    }\n}\n\n\n"},"url":{"raw":"https://{{url_api_gateway}}/bre_parametrizadoreletronico/1.0/decisao","protocol":"https","host":["{{url_api_gateway}}"],"path":["bre_parametrizadoreletronico","1.0","decisao"]}},"response":[]},{"name":"2. Motivos (retenção NÃO)","event":[{"listen":"test","script":{"exec":["var json = JSON.parse(responseBody);\r","\r","pm.test(\"ListaFilaDerivacao.CDN = 0000\", function () {\r","    pm.expect(json.saida.ListaFilaDerivacao[0].CDN).to.eql(\"0000\");\r","});\r","\r","pm.test(\"ListaFilaDerivacao.RoutingPoint = 0071\", function () {\r","    pm.expect(json.saida.ListaFilaDerivacao[0].RoutingPoint).to.eql(\"0071\");\r","});\r",""],"type":"text/javascript","id":"9079d815-225b-479a-bc1e-dd225403f847"}}],"id":"a5682c6c-6af7-4049-8ae2-b1c07c6593a4","protocolProfileBehavior":{"disableBodyPruning":true},"request":{"auth":{"type":"noauth"},"method":"POST","header":[{"key":"Content-Type","value":"application/json","type":"text"},{"key":"Accept","value":"application/json","type":"text"},{"key":"Authorization","value":"Bearer {{hc8_bearer_bre_rsa}}","type":"text"},{"key":"x-itau-apikey","value":"{{hc8_client_id_bre_rsa}}","type":"text"},{"key":"x-itau-flowID","value":"{{$guid}}","type":"text"},{"key":"x-itau-correlationID","value":"{{$guid}}","type":"text"}],"body":{"mode":"raw","raw":"{\n\"Entrada\": {\n\t\"Dados\":[\n            {\n\t    \t\"Chave\": \"Passo\",\n       \t    \t\"Valor\": \"2\"\n\t    },\n\t    {\n\t        \"Chave\": \"Ocupacao\",\n\t        \"Valor\": \"\"\n\t    },\n            {\n\t        \"Chave\": \"Retencao\",\n\t        \"Valor\": \"Não\"\n\t    }    \n        ]\n    }\n}\n\n\n"},"url":{"raw":"https://{{url_api_gateway}}/bre_parametrizadoreletronico/1.0/decisao","protocol":"https","host":["{{url_api_gateway}}"],"path":["bre_parametrizadoreletronico","1.0","decisao"]}},"response":[]}],"id":"196283ca-424d-4534-a2b3-49908b344c24"},{"name":"1. Ocupações","event":[{"listen":"prerequest","script":{"exec":[""],"type":"text/javascript","id":"6ef5681d-9e73-4c59-87c1-709ef7a95570"}}],"id":"b1f34f17-01a8-42a2-b204-af37ff500b3f","protocolProfileBehavior":{"disableBodyPruning":true},"request":{"auth":{"type":"noauth"},"method":"POST","header":[{"key":"Content-Type","name":"Content-Type","type":"text","value":"application/json"},{"key":"Accept","type":"text","value":"application/json"},{"key":"Authorization","value":"Bearer {{client_bearer_bre}}","type":"text"}],"body":{"mode":"raw","raw":"{\r\n\"Entrada\": {\r\n\t\"Dados\":[\r\n            {\r\n\t    \t\"Chave\": \"Passo\",\r\n       \t    \t\"Valor\": \"1\"\r\n\t    },\r\n\t    {\r\n\t        \"Chave\": \"Ocupacao\",\r\n\t        \"Valor\": \"\"\r\n\t    },\r\n            {\r\n\t        \"Chave\": \"Retencao\",\r\n\t        \"Valor\": \"\"\r\n\t    }    \r\n        ]\r\n    }\r\n}\r\n\r\n\r\n"},"url":{"raw":"https://{{url_bre}}/DecisionService/rest/bre_parametrizadoreletronico/1.0/decisao","protocol":"https","host":["{{url_bre}}"],"path":["DecisionService","rest","bre_parametrizadoreletronico","1.0","decisao"]}},"response":[]},{"name":"2. Motivos (retenção SIM)","event":[{"listen":"prerequest","script":{"exec":[""],"type":"text/javascript","id":"4cb4d8bb-3e6a-434c-adc8-602e5a160d3a"}}],"id":"7c5d6b52-82a1-42af-a0fa-c8766e818101","protocolProfileBehavior":{"disableBodyPruning":true},"request":{"auth":{"type":"noauth"},"method":"POST","header":[{"key":"Content-Type","name":"Content-Type","type":"text","value":"application/json"},{"key":"Accept","type":"text","value":"application/json"},{"key":"Authorization","type":"text","value":"Bearer {{client_bearer_bre}}"}],"body":{"mode":"raw","raw":"{\r\n\"Entrada\": {\r\n\t\"Dados\":[\r\n            {\r\n\t    \t\"Chave\": \"Passo\",\r\n       \t    \t\"Valor\": \"2\"\r\n\t    },\r\n\t    {\r\n\t        \"Chave\": \"Ocupacao\",\r\n\t        \"Valor\": \"\"\r\n\t    },\r\n            {\r\n\t        \"Chave\": \"Retencao\",\r\n\t        \"Valor\": \"Sim\"\r\n\t    }    \r\n        ]\r\n    }\r\n}\r\n\r\n\r\n"},"url":{"raw":"https://{{url_bre}}/DecisionService/rest/bre_parametrizadoreletronico/1.0/decisao","protocol":"https","host":["{{url_bre}}"],"path":["DecisionService","rest","bre_parametrizadoreletronico","1.0","decisao"]}},"response":[]},{"name":"2. Motivos (retenção NÃO)","event":[{"listen":"prerequest","script":{"exec":[""],"type":"text/javascript","id":"a69bb032-502b-4c27-b23a-6627f0db7405"}}],"id":"993b068a-1d9d-444f-be58-ad63e6cf67c8","protocolProfileBehavior":{"disableBodyPruning":true},"request":{"auth":{"type":"noauth"},"method":"POST","header":[{"key":"Content-Type","name":"Content-Type","type":"text","value":"application/json"},{"key":"Accept","type":"text","value":"application/json"},{"key":"Authorization","type":"text","value":"Bearer {{client_bearer_bre}}"}],"body":{"mode":"raw","raw":"{\r\n\"Entrada\": {\r\n\t\"Dados\":[\r\n            {\r\n\t    \t\"Chave\": \"Passo\",\r\n       \t    \t\"Valor\": \"2\"\r\n\t    },\r\n\t    {\r\n\t        \"Chave\": \"Ocupacao\",\r\n\t        \"Valor\": \"\"\r\n\t    },\r\n            {\r\n\t        \"Chave\": \"Retencao\",\r\n\t        \"Valor\": \"Não\"\r\n\t    }    \r\n        ]\r\n    }\r\n}\r\n\r\n\r\n"},"url":{"raw":"https://{{url_bre}}/DecisionService/rest/bre_parametrizadoreletronico/1.0/decisao","protocol":"https","host":["{{url_bre}}"],"path":["DecisionService","rest","bre_parametrizadoreletronico","1.0","decisao"]}},"response":[]},{"name":"3. Matriz ofertas (titular)","event":[{"listen":"prerequest","script":{"exec":[""],"type":"text/javascript","id":"1c6f353b-13a1-47bd-a59d-ed6e41382843"}}],"id":"410e5736-de4a-45bb-917f-a63f76dd2cdf","protocolProfileBehavior":{"disableBodyPruning":true},"request":{"auth":{"type":"noauth"},"method":"POST","header":[{"key":"Content-Type","name":"Content-Type","type":"text","value":"application/json"},{"key":"Accept","type":"text","value":"application/json"},{"key":"Authorization","type":"text","value":"Bearer {{client_bearer_bre}}"}],"body":{"mode":"raw","raw":"{\r\n\"Entrada\": {\r\n\t\"Dados\":[\r\n            {\r\n\t    \t\"Chave\": \"Passo\",\r\n       \t    \t\"Valor\": \"3\"\r\n\t    },\r\n\t    {\r\n\t        \"Chave\": \"Ocupacao\",\r\n\t        \"Valor\": \"Titular\"\r\n\t    }   \r\n        ]\r\n    }\r\n}\r\n\r\n\r\n"},"url":{"raw":"https://{{url_bre}}/DecisionService/rest/bre_parametrizadoreletronico/1.0/decisao","protocol":"https","host":["{{url_bre}}"],"path":["DecisionService","rest","bre_parametrizadoreletronico","1.0","decisao"]}},"response":[]},{"name":"3. Matriz ofertas (adicional)","event":[{"listen":"prerequest","script":{"exec":[""],"type":"text/javascript","id":"6e542fad-8315-44e7-a9f2-50c749c37630"}}],"id":"11a0df12-7c7e-4f8d-b2a6-96a158e5aebc","protocolProfileBehavior":{"disableBodyPruning":true},"request":{"auth":{"type":"noauth"},"method":"POST","header":[{"key":"Content-Type","name":"Content-Type","type":"text","value":"application/json"},{"key":"Accept","type":"text","value":"application/json"},{"key":"Authorization","type":"text","value":"Bearer {{client_bearer_bre}}"}],"body":{"mode":"raw","raw":"{\r\n\"Entrada\": {\r\n\t\"Dados\":[\r\n            {\r\n\t    \t\"Chave\": \"Passo\",\r\n       \t    \t\"Valor\": \"3\"\r\n\t    },\r\n\t    {\r\n\t        \"Chave\": \"Ocupacao\",\r\n\t        \"Valor\": \"Adicional\"\r\n\t    },\r\n            {\r\n\t        \"Chave\": \"Retencao\",\r\n\t        \"Valor\": \"xSim\"\r\n\t    }    \r\n        ]\r\n    }\r\n}\r\n\r\n\r\n"},"url":{"raw":"https://{{url_bre}}/DecisionService/rest/bre_parametrizadoreletronico/1.0/decisao","protocol":"https","host":["{{url_bre}}"],"path":["DecisionService","rest","bre_parametrizadoreletronico","1.0","decisao"]}},"response":[]},{"name":"3. Beneficios (org 4)","event":[{"listen":"prerequest","script":{"exec":[""],"type":"text/javascript","id":"728cedd4-9499-4697-bd00-48e5f476a056"}}],"id":"361a79ff-5309-4d76-ab9d-ef8e0b615093","protocolProfileBehavior":{"disableBodyPruning":true},"request":{"auth":{"type":"noauth"},"method":"POST","header":[{"key":"Content-Type","name":"Content-Type","type":"text","value":"application/json"},{"key":"Accept","type":"text","value":"application/json"},{"key":"Authorization","type":"text","value":"Bearer {{client_bearer_bre}}"}],"body":{"mode":"raw","raw":"{\r\n\"Entrada\": {\r\n\t\"Dados\":[\r\n            {\r\n\t    \t\"Chave\": \"Passo\",\r\n       \t    \t\"Valor\": \"3\"\r\n\t    },\r\n\t    {\r\n\t        \"Chave\": \"Org\",\r\n\t        \"Valor\": \"4\"\r\n\t    }   \r\n        ]\r\n    }\r\n}\r\n\r\n\r\n"},"url":{"raw":"https://{{url_bre}}/DecisionService/rest/bre_parametrizadoreletronico/1.0/decisao","protocol":"https","host":["{{url_bre}}"],"path":["DecisionService","rest","bre_parametrizadoreletronico","1.0","decisao"]}},"response":[]},{"name":"3. Beneficios (org 26)","event":[{"listen":"prerequest","script":{"exec":[""],"type":"text/javascript","id":"a02f8867-607e-44b9-b76e-08a9efa1a685"}}],"id":"23a7e1a0-867a-4406-88ca-6bc3903c5301","protocolProfileBehavior":{"disableBodyPruning":true},"request":{"auth":{"type":"noauth"},"method":"POST","header":[{"key":"Content-Type","name":"Content-Type","type":"text","value":"application/json"},{"key":"Accept","type":"text","value":"application/json"},{"key":"Authorization","type":"text","value":"Bearer {{client_bearer_bre}}"}],"body":{"mode":"raw","raw":"{\r\n\"Entrada\": {\r\n\t\"Dados\":[\r\n            {\r\n\t    \t\"Chave\": \"Passo\",\r\n       \t    \t\"Valor\": \"3\"\r\n\t    },\r\n\t    {\r\n\t        \"Chave\": \"Org\",\r\n\t        \"Valor\": \"26\"\r\n\t    }   \r\n        ]\r\n    }\r\n}\r\n\r\n\r\n"},"url":{"raw":"https://{{url_bre}}/DecisionService/rest/bre_parametrizadoreletronico/1.0/decisao","protocol":"https","host":["{{url_bre}}"],"path":["DecisionService","rest","bre_parametrizadoreletronico","1.0","decisao"]}},"response":[]},{"name":"3. Beneficios (org 57)","event":[{"listen":"prerequest","script":{"exec":[""],"type":"text/javascript","id":"6ac383f4-23f2-4dc9-98c8-e896e796b5e9"}}],"id":"e26b7363-b8f1-4da2-9506-788ad718f0cc","protocolProfileBehavior":{"disableBodyPruning":true},"request":{"auth":{"type":"noauth"},"method":"POST","header":[{"key":"Content-Type","name":"Content-Type","type":"text","value":"application/json"},{"key":"Accept","type":"text","value":"application/json"},{"key":"Authorization","type":"text","value":"Bearer {{client_bearer_bre}}"}],"body":{"mode":"raw","raw":"{\r\n\"Entrada\": {\r\n\t\"Dados\":[\r\n            {\r\n\t    \t\"Chave\": \"Passo\",\r\n       \t    \t\"Valor\": \"3\"\r\n\t    },\r\n\t    {\r\n\t        \"Chave\": \"Org\",\r\n\t        \"Valor\": \"57\"\r\n\t    }   \r\n        ]\r\n    }\r\n}\r\n\r\n\r\n"},"url":{"raw":"https://{{url_bre}}/DecisionService/rest/bre_parametrizadoreletronico/1.0/decisao","protocol":"https","host":["{{url_bre}}"],"path":["DecisionService","rest","bre_parametrizadoreletronico","1.0","decisao"]}},"response":[]}],"id":"dd609e6c-3429-4f49-ba8f-60b3f301263e"},{"name":"API > BRE","item":[{"name":"1. Ocupações","id":"dd709793-e8f4-47e5-8217-695e7764090c","protocolProfileBehavior":{"disableBodyPruning":true},"request":{"method":"POST","header":[{"key":"Content-Type","value":"application/json","type":"text"},{"key":"x-itau-apikey","value":"{{client_id}}","type":"text"},{"key":"x-itau-correlationID","value":"{{$guid}}","type":"text"},{"key":"x-apigw-api-id","value":"{{api-gateway-id}}","type":"text"},{"key":"Authorization","value":"Bearer {{client_bearer}}","type":"text"}],"body":{"mode":"raw","raw":"{ \n    \"chaves\": [\n\t\t {\n\t    \t\"Nome\": \"Passo\",\n       \t    \"Valor\": \"1\"\n\t    }\n    ]\n}\n \n"},"url":{"raw":"https://{{url-api-front}}/v1/retencoes","protocol":"https","host":["{{url-api-front}}"],"path":["v1","retencoes"]}},"response":[]},{"name":"2. Motivos (retenção SIM)","id":"ecb4dd59-ace4-4d98-9786-325717d4a3be","protocolProfileBehavior":{"disableBodyPruning":true},"request":{"method":"POST","header":[{"key":"Content-Type","type":"text","value":"application/json"},{"key":"x-itau-apikey","type":"text","value":"{{client_id}}"},{"key":"x-itau-correlationID","type":"text","value":"{{$guid}}"},{"key":"x-apigw-api-id","type":"text","value":"{{api-gateway-id}}"},{"key":"Authorization","type":"text","value":"Bearer {{client_bearer}}"}],"body":{"mode":"raw","raw":"{ \n   \"chaves\":[\n            {\n\t    \t\"Nome\": \"Passo\",\n       \t    \t\"Valor\": \"2\"\n\t    },\n\t    {\n\t        \"Nome\": \"Ocupacao\",\n\t        \"Valor\": \"\"\n\t    },\n            {\n\t        \"Nome\": \"Retencao\",\n\t        \"Valor\": \"Sim\"\n\t    }    \n        ]\n    }\n\n \n"},"url":{"raw":"https://{{url-api-front}}/v1/retencoes","protocol":"https","host":["{{url-api-front}}"],"path":["v1","retencoes"]}},"response":[]},{"name":"2. Motivos (retenção NÃO)","id":"313a7e53-e5cc-419e-9893-76909a9e4025","protocolProfileBehavior":{"disableBodyPruning":true},"request":{"method":"POST","header":[{"key":"Content-Type","type":"text","value":"application/json"},{"key":"x-itau-apikey","type":"text","value":"{{client_id}}"},{"key":"x-itau-correlationID","type":"text","value":"{{$guid}}"},{"key":"x-apigw-api-id","type":"text","value":"{{api-gateway-id}}"},{"key":"Authorization","type":"text","value":"Bearer {{client_bearer}}"}],"body":{"mode":"raw","raw":"{ \n   \"chaves\":[\n            {\n\t    \t\"Nome\": \"Passo\",\n       \t    \t\"Valor\": \"2\"\n\t    },\n\t    {\n\t        \"Nome\": \"Ocupacao\",\n\t        \"Valor\": \"\"\n\t    },\n            {\n\t        \"Nome\": \"Retencao\",\n\t        \"Valor\": \"Não\"\n\t    }    \n        ]\n    }\n\n \n"},"url":{"raw":"https://{{url-api-front}}/v1/retencoes","protocol":"https","host":["{{url-api-front}}"],"path":["v1","retencoes"]}},"response":[]},{"name":"3. Matriz Ofertas (titular)","id":"c5c73d49-e43e-4247-8d8d-962a49a4d0aa","protocolProfileBehavior":{"disableBodyPruning":true},"request":{"method":"POST","header":[{"key":"Content-Type","type":"text","value":"application/json"},{"key":"x-itau-apikey","type":"text","value":"{{client_id}}"},{"key":"x-itau-correlationID","type":"text","value":"{{$guid}}"},{"key":"x-apigw-api-id","type":"text","value":"{{api-gateway-id}}"},{"key":"Authorization","type":"text","value":"Bearer {{client_bearer}}"}],"body":{"mode":"raw","raw":"{ \n    \"chaves\": [\n\t\t {\n\t    \t\"Nome\": \"Passo\",\n       \t    \t\"Valor\": \"3\"\n\t    },\n\t    {\n\t        \"Nome\": \"Ocupacao\",\n\t        \"Valor\": \"Titular\"\n\t    }   \n    ]\n}\n \n"},"url":{"raw":"https://{{url-api-front}}/v1/retencoes","protocol":"https","host":["{{url-api-front}}"],"path":["v1","retencoes"]}},"response":[]},{"name":"3. Matriz Ofertas (adicional)","id":"4ade1338-790d-46f3-8659-9fff5c2b5121","protocolProfileBehavior":{"disableBodyPruning":true},"request":{"method":"POST","header":[{"key":"Content-Type","type":"text","value":"application/json"},{"key":"x-itau-apikey","type":"text","value":"{{client_id}}"},{"key":"x-itau-correlationID","type":"text","value":"{{$guid}}"},{"key":"x-apigw-api-id","type":"text","value":"{{api-gateway-id}}"},{"key":"Authorization","type":"text","value":"Bearer {{client_bearer}}"}],"body":{"mode":"raw","raw":"{ \n    \"chaves\": [\n\t\t {\n\t    \t\"Nome\": \"Passo\",\n       \t    \t\"Valor\": \"3\"\n\t    },\n\t    {\n\t        \"Nome\": \"Ocupacao\",\n\t        \"Valor\": \"Adicional\"\n\t    }   \n    ]\n}\n \n"},"url":{"raw":"https://{{url-api-front}}/v1/retencoes","protocol":"https","host":["{{url-api-front}}"],"path":["v1","retencoes"]}},"response":[]},{"name":"3. Benefícios (org 4)","id":"4c81a25e-b0bd-4dc4-b8c6-0ec4d92c05ff","protocolProfileBehavior":{"disableBodyPruning":true},"request":{"method":"POST","header":[{"key":"Content-Type","type":"text","value":"application/json"},{"key":"x-itau-apikey","type":"text","value":"{{client_id}}"},{"key":"x-itau-correlationID","type":"text","value":"{{$guid}}"},{"key":"x-apigw-api-id","type":"text","value":"{{api-gateway-id}}"},{"key":"Authorization","type":"text","value":"Bearer {{client_bearer}}"}],"body":{"mode":"raw","raw":"{ \n    \"chaves\": [\n\t\t {\n\t    \t\"Nome\": \"Passo\",\n       \t    \t\"Valor\": \"3\"\n\t    },\n\t     {\n\t        \"Nome\": \"Org\",\n\t        \"Valor\": \"4\"\n\t    }     \n    ]\n}\n \n"},"url":{"raw":"https://{{url-api-front}}/v1/retencoes","protocol":"https","host":["{{url-api-front}}"],"path":["v1","retencoes"]}},"response":[]},{"name":"3. Benefícios (org 26)","id":"626c7428-ad9f-4eff-9b30-a506f3cc7a6d","protocolProfileBehavior":{"disableBodyPruning":true},"request":{"method":"POST","header":[{"key":"Content-Type","type":"text","value":"application/json"},{"key":"x-itau-apikey","type":"text","value":"{{client_id}}"},{"key":"x-itau-correlationID","type":"text","value":"{{$guid}}"},{"key":"x-apigw-api-id","type":"text","value":"{{api-gateway-id}}"},{"key":"Authorization","type":"text","value":"Bearer {{client_bearer}}"}],"body":{"mode":"raw","raw":"{ \n    \"chaves\": [\n\t\t {\n\t    \t\"Nome\": \"Passo\",\n       \t    \t\"Valor\": \"3\"\n\t    },\n\t     {\n\t        \"Nome\": \"Org\",\n\t        \"Valor\": \"26\"\n\t    }     \n    ]\n}\n \n"},"url":{"raw":"https://{{url-api-front}}/v1/retencoes","protocol":"https","host":["{{url-api-front}}"],"path":["v1","retencoes"]}},"response":[]},{"name":"3. Benefícios (org  57)","id":"f0ebfa75-5ea4-4851-b4fa-d3044200e87d","protocolProfileBehavior":{"disableBodyPruning":true},"request":{"method":"POST","header":[{"key":"Content-Type","type":"text","value":"application/json"},{"key":"x-itau-apikey","type":"text","value":"{{client_id}}"},{"key":"x-itau-correlationID","type":"text","value":"{{$guid}}"},{"key":"x-apigw-api-id","type":"text","value":"{{api-gateway-id}}"},{"key":"Authorization","type":"text","value":"Bearer {{client_bearer}}"}],"body":{"mode":"raw","raw":"{ \n    \"chaves\": [\n\t\t {\n\t    \t\"Nome\": \"Passo\",\n       \t    \t\"Valor\": \"3\"\n\t    },\n\t     {\n\t        \"Nome\": \"Org\",\n\t        \"Valor\": \"57\"\n\t    }     \n    ]\n}\n \n"},"url":{"raw":"https://{{url-api-front}}/v1/retencoes","protocol":"https","host":["{{url-api-front}}"],"path":["v1","retencoes"]}},"response":[]}],"id":"bb65fd8a-aa48-49d1-88ad-731aa10ae680"},{"name":"Gravar retenção","item":[{"name":"Gravar retenção (id_conta = timestamp)","event":[{"listen":"prerequest","script":{"exec":[""],"type":"text/javascript","id":"1daa0c72-cba2-4cc0-b801-e03d3dc536dd"}}],"id":"0e3a1d7e-d28f-4480-97b8-655dac3596c1","protocolProfileBehavior":{"disableBodyPruning":true},"request":{"auth":{"type":"noauth"},"method":"POST","header":[{"key":"Content-Type","name":"Content-Type","type":"text","value":"application/json"},{"key":"x-itau-apikey","type":"text","value":"{{client_id}}"},{"key":"x-itau-correlationID","type":"text","value":"{{$guid}}"},{"key":"x-apigw-api-id","type":"text","value":"{{api-gateway-id}}"},{"key":"Authorization","value":"Bearer {{client_bearer}}","type":"text"}],"body":{"mode":"raw","raw":"{\r\n  \"id_conta\": \"{{time_stamp}}\",\r\n  \"data_atendimento\": \"{{yyyy-MM-ddTHH:mm:ss}}\",\r\n  \"atendimento_negociacao\": false,\r\n  \"funcional_operador\": \"004001228\",\r\n  \"texto_negociacao\": {\r\n    \"produto\": \"string\",\r\n    \"resultado\": \"string\",\r\n    \"percentual_desconto_aplicado\": \"string\",\r\n    \"canal\": \"string\",\r\n    \"motivo_contato\": \"string\",\r\n        \"matriz_oferta\": [\r\n            {\r\n            \"id_conta\": \"string\",\r\n            \"descricao_oferta\": \"string\"\r\n            },\r\n            {\r\n            \"id_conta\": \"string\",\r\n            \"descricao_oferta\": \"string\"\r\n            }\r\n        ],\r\n    \"desconto_anuidade\":[\r\n    {\r\n      \"tipo_cartao\": \"titular\",\r\n      \"cartoes\":[\"0000\"],\r\n      \"percentual_desconto_aplicado\": \"10\",\r\n      \"quantidade_parcelas\": \"5\",\r\n      \"anuidade_atual\": \"250,00\",\r\n      \"nova_aunidade\": \"100,00\",\r\n      \"valor_desconto\": \"150,00\",\r\n      \"valor_parcela\": \"20,00\"\r\n    },\r\n    {\r\n      \"tipo_cartao\": \"titular\",\r\n      \"cartoes\":[\"1111\",\"2222\"],\r\n      \"percentual_desconto_aplicado\": \"string\",\r\n      \"quantidade_parcelas\": \"string\",\r\n      \"anuidade_atual\": \"string\",\r\n      \"nova_aunidade\": \"string\",\r\n      \"valor_desconto\": \"string\",\r\n      \"valor_parcela\": \"string\"\r\n    }    \r\n    ],\r\n    \"comentarios\": \"Lorem Ipsum samet dolor\"\r\n  }\r\n}"},"url":{"raw":"https://{{url-api-front}}/v1/retencoes_historico","protocol":"https","host":["{{url-api-front}}"],"path":["v1","retencoes_historico"]}},"response":[]},{"name":"Gravar retenção (id_conta = estático)","event":[{"listen":"prerequest","script":{"exec":[""],"type":"text/javascript","id":"5846459f-a809-4c99-ba42-a49c316cf786"}}],"id":"9c463a12-5a1a-455f-ae70-fb9b93f581ff","protocolProfileBehavior":{"disableBodyPruning":true},"request":{"auth":{"type":"noauth"},"method":"POST","header":[{"key":"Content-Type","name":"Content-Type","type":"text","value":"application/json"},{"key":"x-itau-apikey","type":"text","value":"{{client_id}}"},{"key":"x-itau-correlationID","type":"text","value":"{{$guid}}"},{"key":"x-apigw-api-id","type":"text","value":"{{api-gateway-id}}"},{"key":"Authorization","value":"Bearer {{client_bearer}}","type":"text"}],"body":{"mode":"raw","raw":"{\r\n  \"id_conta\": \"{{time_stamp}}\",\r\n  \"data_atendimento\": \"{{yyyy-MM-ddTHH:mm:ss}}\",\r\n  \"atendimento_negociacao\": false,\r\n  \"funcional_operador\": \"004001228\",\r\n  \"texto_negociacao\": {\r\n    \"produto\": \"string\",\r\n    \"resultado\": \"string\",\r\n    \"percentual_desconto_aplicado\": \"string\",\r\n    \"canal\": \"string\",\r\n    \"motivo_contato\": \"string\",\r\n        \"matriz_oferta\": [\r\n            {\r\n            \"id_conta\": \"string\",\r\n            \"descricao_oferta\": \"string\"\r\n            },\r\n            {\r\n            \"id_conta\": \"string\",\r\n            \"descricao_oferta\": \"string\"\r\n            }\r\n        ],\r\n    \"desconto_anuidade\":[\r\n    {\r\n      \"tipo_cartao\": \"titular\",\r\n      \"cartoes\":[\"0000\"],\r\n      \"percentual_desconto_aplicado\": \"10\",\r\n      \"quantidade_parcelas\": \"5\",\r\n      \"anuidade_atual\": \"250,00\",\r\n      \"nova_aunidade\": \"100,00\",\r\n      \"valor_desconto\": \"150,00\",\r\n      \"valor_parcela\": \"20,00\"\r\n    },\r\n    {\r\n      \"tipo_cartao\": \"titular\",\r\n      \"cartoes\":[\"1111\",\"2222\"],\r\n      \"percentual_desconto_aplicado\": \"string\",\r\n      \"quantidade_parcelas\": \"string\",\r\n      \"anuidade_atual\": \"string\",\r\n      \"nova_aunidade\": \"string\",\r\n      \"valor_desconto\": \"string\",\r\n      \"valor_parcela\": \"string\"\r\n    }    \r\n    ],\r\n    \"comentarios\": \"Lorem Ipsum samet dolor\"\r\n  }\r\n}"},"url":{"raw":"https://{{url-api-front}}/v1/retencoes_historico","protocol":"https","host":["{{url-api-front}}"],"path":["v1","retencoes_historico"]}},"response":[]}],"id":"278d2b92-46b9-4bc0-b585-9491547c107f"},{"name":"Listar/Detalhar retenção","item":[{"name":"id_conta_atendimento","event":[{"listen":"test","script":{"exec":[""],"type":"text/javascript","id":"b90d11ef-50fd-4ad6-9602-8a30cabd8d81"}}],"id":"81f49485-b6a0-4054-8e08-0467fc8a8795","protocolProfileBehavior":{"disableBodyPruning":true},"request":{"method":"GET","header":[{"key":"Content-Type","name":"Content-Type","type":"text","value":"application/json"},{"key":"x-itau-apikey","type":"text","value":"{{client_id}}"},{"key":"x-itau-correlationID","type":"text","value":"{{$guid}}"},{"key":"x-apigw-api-id","type":"text","value":"{{api-gateway-id}}"},{"key":"Authorization","type":"text","value":"Bearer {{client_bearer}}","warning":"This is a duplicate header and will be overridden by the Authorization header generated by Postman."}],"url":{"raw":"https://{{url-api-front}}/v1/retencoes_atendimento?id_conta_atendimento=66002233445513","protocol":"https","host":["{{url-api-front}}"],"path":["v1","retencoes_atendimento"],"query":[{"key":"id_conta_atendimento","value":"66002233445513"}]}},"response":[]},{"name":"id_conta_atendimento = 1","event":[{"listen":"test","script":{"exec":[""],"type":"text/javascript","id":"5b5560c8-19d9-40eb-8e3f-da53a2468d6f"}}],"id":"8a45886c-c099-4132-a0cd-10f77fabfd3c","protocolProfileBehavior":{"disableBodyPruning":true},"request":{"method":"GET","header":[{"key":"Content-Type","name":"Content-Type","type":"text","value":"application/json"},{"key":"x-itau-apikey","type":"text","value":"{{client_id}}"},{"key":"x-itau-correlationID","type":"text","value":"{{$guid}}"},{"key":"x-apigw-api-id","type":"text","value":"{{api-gateway-id}}"},{"key":"Authorization","type":"text","value":"Bearer {{client_bearer}}","warning":"This is a duplicate header and will be overridden by the Authorization header generated by Postman."}],"url":{"raw":"https://{{url-api-front}}/v1/retencoes_atendimento?id_conta_atendimento=1","protocol":"https","host":["{{url-api-front}}"],"path":["v1","retencoes_atendimento"],"query":[{"key":"id_conta_atendimento","value":"1"}]}},"response":[]},{"name":"id_conta_atendimento + data_atendimento","id":"72901e07-5ca9-4b61-996c-6265b3fb6842","protocolProfileBehavior":{"disableBodyPruning":true},"request":{"method":"GET","header":[{"key":"Content-Type","name":"Content-Type","type":"text","value":"application/json"},{"key":"x-itau-apikey","type":"text","value":"{{client_id}}"},{"key":"x-itau-correlationID","type":"text","value":"{{$guid}}"},{"key":"x-apigw-api-id","type":"text","value":"{{api-gateway-id}}"},{"key":"Authorization","type":"text","value":"Bearer {{client_bearer}}","warning":"This is a duplicate header and will be overridden by the Authorization header generated by Postman."}],"url":{"raw":"https://{{url-api-front}}/v1/retencoes_atendimento?id_conta_atendimento=55002233445510&data_atendimento={{yyyy-MM-ddTHH:mm:ss}}","protocol":"https","host":["{{url-api-front}}"],"path":["v1","retencoes_atendimento"],"query":[{"key":"id_conta_atendimento","value":"55002233445510"},{"key":"data_atendimento","value":"{{yyyy-MM-ddTHH:mm:ss}}"}]}},"response":[]}],"id":"3094e09e-2bf8-4efd-a253-d8b23f674d79"},{"name":"Estatística","item":[{"name":"Gravar (id_conta estático)","event":[{"listen":"prerequest","script":{"exec":[""],"type":"text/javascript","id":"03a050be-8136-4f79-9dea-4f10d2873e3b"}}],"id":"35e67853-3ac6-4160-ac2d-3e118e21b694","protocolProfileBehavior":{"disableBodyPruning":true},"request":{"auth":{"type":"noauth"},"method":"POST","header":[{"key":"Content-Type","name":"Content-Type","type":"text","value":"application/json"},{"key":"x-itau-apikey","type":"text","value":"{{client_id}}"},{"key":"x-itau-correlationID","type":"text","value":"{{$guid}}"},{"key":"x-apigw-api-id","type":"text","value":"{{api-gateway-id}}"},{"key":"Authorization","value":"Bearer {{client_bearer}}","type":"text"}],"body":{"mode":"raw","raw":"{\r\n  \"id_conta\": \"1\",\r\n  \"data_atendimento\": \"{{yyyy-MM-ddTHH:mm:ss}}\",\r\n  \"atendimento_negociacao\": true,\r\n  \"funcional_operador\": \"12345678\",\r\n  \"tipo_cartao\": \"Titular\",\r\n  \"resultado\": \"S\"\r\n}"},"url":{"raw":"https://{{url-api-front}}/v1/retencoes_estatistica","protocol":"https","host":["{{url-api-front}}"],"path":["v1","retencoes_estatistica"]}},"response":[]},{"name":"Consultar","event":[{"listen":"prerequest","script":{"exec":[""],"type":"text/javascript","id":"c5fdbf76-0e99-4398-9a91-0e07d710ea10"}}],"id":"432b9203-94f8-4449-ad96-a3ef04b61ba4","protocolProfileBehavior":{"disableBodyPruning":true},"request":{"auth":{"type":"noauth"},"method":"POST","header":[{"key":"Content-Type","name":"Content-Type","type":"text","value":"application/json"},{"key":"x-itau-apikey","type":"text","value":"{{client_id}}"},{"key":"x-itau-correlationID","type":"text","value":"{{$guid}}"},{"key":"x-apigw-api-id","type":"text","value":"{{api-gateway-id}}"},{"key":"Authorization","value":"Bearer {{client_bearer}}","type":"text"}],"body":{"mode":"raw","raw":"{\r\n  \"funcionais_operador\": \r\n    [\"12345678\",\r\n    \"23456789\"],\r\n  \"data_inicio\": \"2022-01-01 00:00:00\",\r\n  \"data_fim\": \"2025-01-31 23:59:59\"\r\n}"},"url":{"raw":"https://{{url-api-front}}/v1/retencoes_estatistica_atendimento","protocol":"https","host":["{{url-api-front}}"],"path":["v1","retencoes_estatistica_atendimento"]}},"response":[]}],"id":"218a0ebd-017c-4ede-87a9-e8a4e5e6f912"}],"event":[{"listen":"prerequest","script":{"type":"text/javascript","exec":[""],"id":"ac6b7d15-54f3-4672-b6d7-c5b65dbcce38"}},{"listen":"test","script":{"type":"text/javascript","exec":["let yourDate = new Date();","const offset = yourDate.getTimezoneOffset();","yourDate = new Date(yourDate.getTime() - (offset*60*1000));","","pm.globals.set(\"yyyy-mm-dd\",yourDate.toISOString().split('T')[0]);","","pm.globals.set(\"yyyy-MM-ddTHH:mm:ss\",yourDate.toISOString().split('Z')[0]);","","pm.globals.set(\"time_stamp\",yourDate.toISOString()","    .replaceAll(\"-\",\"\")","    .replaceAll(\":\",\"\")","    .replaceAll(\" \",\"\")","    .replaceAll(\"T\",\"\")","    .replaceAll(\"Z\",\"\")","    .replaceAll(\".\",\"\"));","","console.log(\"time_stamp: \"+ pm.globals.get(\"time_stamp\"));","",""],"id":"498c6b4b-4bd2-4d7a-810d-66963ddf1b29"}}],"variable":[{"id":"a77ac6f5-bbb2-4e2c-84f5-672cb5de9450","key":"yyyy-mm-dd","value":""}]}