{"info":{"_postman_id":"b55eba7f-29dc-48ad-afb2-de0d0267966c","name":"Correios - API","description":"# Busca CEP\nCom essa API é possível obter os dados de endereço por CEP um determinado CEP, atualmente trabalha com 3 redundâncias, parte desse projeto foi baseado no pacote pycep-correios\n\n- VIACEP\n- CORREIOS\n- APICEP\n\n# Busca encomendas correios - API [BETA] \nCom essa API é possível obter os dados de uma encomenda pelo código e tipo, parte desse projeto foi baseado no pacote jaiminho_bot\n\n# Authentication\nSem autenticação, livre","schema":"https://schema.getpostman.com/json/collection/v2.1.0/collection.json"},"item":[{"name":"Busca informações por CEP","id":"2c2045bd-983a-41c1-93ba-c60b4486e704","protocolProfileBehavior":{"disableBodyPruning":true},"request":{"method":"POST","header":[],"body":{"mode":"raw","raw":"{\r\n    \"cep\" : \"31160550\"\r\n}","options":{"raw":{"language":"json"}}},"url":{"raw":"{{SERVIDOR_API}}/api/cep","host":["{{SERVIDOR_API}}"],"path":["api","cep"]},"description":"Busca informações de um determinado CEP"},"response":[{"id":"79beca14-e117-46b9-a3dd-cc82ffb7ba68","name":"Busca informações por CEP","originalRequest":{"method":"POST","header":[],"body":{"mode":"raw","raw":"{\r\n    \"cep\" : \"31160550\"\r\n}","options":{"raw":{"language":"json"}}},"url":{"raw":"{{SERVIDOR_API}}/api/cep","host":["{{SERVIDOR_API}}"],"path":["api","cep"]}},"status":"OK","code":200,"_postman_previewlanguage":"json","header":[{"key":"Server","value":"nginx/1.14.0 (Ubuntu)"},{"key":"Date","value":"Wed, 14 Apr 2021 03:05:30 GMT"},{"key":"Content-Type","value":"application/json"},{"key":"Content-Length","value":"144"},{"key":"Connection","value":"keep-alive"},{"key":"Access-Control-Allow-Origin","value":"*"}],"cookie":[],"responseTime":null,"body":"{\n    \"bairro\": \"Palmares\",\n    \"cep\": \"31160-550\",\n    \"cidade\": \"Belo Horizonte\",\n    \"complemento\": \"\",\n    \"logradouro\": \"Rua Professor Patrocínio Filho\",\n    \"uf\": \"MG\"\n}"}]},{"name":"Obtem dados de uma encomenda","id":"13ff1ad0-3b25-49c9-b375-3bc8d7946201","protocolProfileBehavior":{"disableBodyPruning":true},"request":{"method":"POST","header":[],"body":{"mode":"raw","raw":"{\r\n    \"code\": \"ON931559908BR\",\r\n    \"type\": \"LS\"\r\n}","options":{"raw":{"language":"json"}}},"url":{"raw":"{{SERVIDOR_API}}/api/rastreio","host":["{{SERVIDOR_API}}"],"path":["api","rastreio"]},"description":"Obtem dados de uma encomenda pelo código de rastreio"},"response":[{"id":"1cb7fba0-8bad-4d65-83fb-94ef18024fb1","name":"Obtem dados de uma encomenda","originalRequest":{"method":"POST","header":[],"body":{"mode":"raw","raw":"{\r\n    \"code\": \"ON931559908BR\",\r\n    \"type\": \"LS\"\r\n}","options":{"raw":{"language":"json"}}},"url":{"raw":"{{SERVIDOR_API}}/api/rastreio","host":["{{SERVIDOR_API}}"],"path":["api","rastreio"]}},"status":"OK","code":200,"_postman_previewlanguage":"json","header":[{"key":"Server","value":"nginx/1.14.0 (Ubuntu)"},{"key":"Date","value":"Wed, 14 Apr 2021 03:05:42 GMT"},{"key":"Content-Type","value":"application/json"},{"key":"Content-Length","value":"10317"},{"key":"Connection","value":"keep-alive"},{"key":"Access-Control-Allow-Origin","value":"*"}],"cookie":[],"responseTime":null,"body":"{\n    \"objeto\": [\n        {\n            \"categoria\": \"SEDEX\",\n            \"evento\": [\n                {\n                    \"cepDestino\": \"31160550\",\n                    \"criacao\": \"06042021191344\",\n                    \"data\": \"06/04/2021\",\n                    \"dataPostagem\": \"18/03/2021\",\n                    \"descricao\": \"Objeto entregue ao destinatário\",\n                    \"diasUteis\": \"0\",\n                    \"hora\": \"19:13\",\n                    \"prazoGuarda\": \"0\",\n                    \"recebedor\": {},\n                    \"status\": \"01\",\n                    \"tipo\": \"BDE\",\n                    \"unidade\": {\n                        \"cidade\": \"CONTAGEM\",\n                        \"codigo\": \"32040970\",\n                        \"endereco\": {\n                            \"bairro\": \"FAZENDA DA TAPERA\",\n                            \"cep\": \"32150974\",\n                            \"codigo\": \"96953\",\n                            \"latitude\": \"-19\",\n                            \"localidade\": \"CONTAGEM\",\n                            \"logradouro\": \"AVENIDA UM\",\n                            \"longitude\": \"-44\",\n                            \"numero\": \"800\",\n                            \"uf\": \"MG\"\n                        },\n                        \"local\": \"CEE VIA EXPRESSA\",\n                        \"sto\": \"00060886\",\n                        \"tipounidade\": \"Unidade de Distribuição\",\n                        \"uf\": \"MG\"\n                    }\n                },\n                {\n                    \"cepDestino\": \"31160550\",\n                    \"criacao\": \"06042021123806\",\n                    \"data\": \"06/04/2021\",\n                    \"dataPostagem\": \"18/03/2021\",\n                    \"descricao\": \"Objeto saiu para entrega ao destinatário\",\n                    \"detalheOEC\": {\n                        \"carteiro\": \"86543270\",\n                        \"distrito\": \"133\",\n                        \"lista\": \"104100026704\",\n                        \"unidade\": \"32040970\"\n                    },\n                    \"diasUteis\": \"0\",\n                    \"hora\": \"12:38\",\n                    \"prazoGuarda\": \"0\",\n                    \"status\": \"01\",\n                    \"tipo\": \"OEC\",\n                    \"unidade\": {\n                        \"cidade\": \"CONTAGEM\",\n                        \"codigo\": \"32040970\",\n                        \"endereco\": {\n                            \"bairro\": \"FAZENDA DA TAPERA\",\n                            \"cep\": \"32150974\",\n                            \"codigo\": \"96953\",\n                            \"latitude\": \"-19\",\n                            \"localidade\": \"CONTAGEM\",\n                            \"logradouro\": \"AVENIDA UM\",\n                            \"longitude\": \"-44\",\n                            \"numero\": \"800\",\n                            \"uf\": \"MG\"\n                        },\n                        \"local\": \"CEE VIA EXPRESSA\",\n                        \"sto\": \"00060886\",\n                        \"tipounidade\": \"Unidade de Distribuição\",\n                        \"uf\": \"MG\"\n                    }\n                },\n                {\n                    \"cepDestino\": \"31160550\",\n                    \"criacao\": \"05042021171445\",\n                    \"data\": \"05/04/2021\",\n                    \"dataPostagem\": \"18/03/2021\",\n                    \"descricao\": \"Objeto em trânsito - por favor aguarde\",\n                    \"destino\": [\n                        {\n                            \"bairro\": \"FAZENDA DA TAPERA\",\n                            \"cidade\": \"CONTAGEM\",\n                            \"codigo\": \"32040970\",\n                            \"endereco\": {\n                                \"bairro\": \"FAZENDA DA TAPERA\",\n                                \"cep\": \"32150974\",\n                                \"codigo\": \"96953\",\n                                \"latitude\": \"-19\",\n                                \"localidade\": \"CONTAGEM\",\n                                \"logradouro\": \"AVENIDA UM\",\n                                \"longitude\": \"-44\",\n                                \"numero\": \"800\",\n                                \"uf\": \"MG\"\n                            },\n                            \"local\": \"CEE VIA EXPRESSA\",\n                            \"uf\": \"MG\"\n                        }\n                    ],\n                    \"diasUteis\": \"0\",\n                    \"hora\": \"17:14\",\n                    \"prazoGuarda\": \"0\",\n                    \"status\": \"01\",\n                    \"tipo\": \"RO\",\n                    \"unidade\": {\n                        \"cidade\": \"BELO HORIZONTE\",\n                        \"codigo\": \"31117970\",\n                        \"endereco\": {\n                            \"bairro\": \"FLORESTA\",\n                            \"cep\": \"31117970\",\n                            \"codigo\": \"26509\",\n                            \"latitude\": \"-19\",\n                            \"localidade\": \"BELO HORIZONTE\",\n                            \"logradouro\": \"RUA JACUI\",\n                            \"longitude\": \"-43\",\n                            \"numero\": \"1596\",\n                            \"uf\": \"MG\"\n                        },\n                        \"local\": \"CDD BELO HORIZONTE LESTE\",\n                        \"sto\": \"00008851\",\n                        \"tipounidade\": \"Unidade de Distribuição\",\n                        \"uf\": \"MG\"\n                    }\n                },\n                {\n                    \"cepDestino\": \"31160550\",\n                    \"criacao\": \"05042021100553\",\n                    \"data\": \"05/04/2021\",\n                    \"dataPostagem\": \"18/03/2021\",\n                    \"descricao\": \"Destinatário não retirou objeto no prazo\",\n                    \"detalhe\": \"Objeto será devolvido ao remetente\",\n                    \"diasUteis\": \"0\",\n                    \"hora\": \"10:05\",\n                    \"prazoGuarda\": \"0\",\n                    \"recebedor\": {},\n                    \"status\": \"26\",\n                    \"tipo\": \"BDI\",\n                    \"unidade\": {\n                        \"cidade\": \"BELO HORIZONTE\",\n                        \"codigo\": \"31117970\",\n                        \"endereco\": {\n                            \"bairro\": \"FLORESTA\",\n                            \"cep\": \"31117970\",\n                            \"codigo\": \"26509\",\n                            \"latitude\": \"-19\",\n                            \"localidade\": \"BELO HORIZONTE\",\n                            \"logradouro\": \"RUA JACUI\",\n                            \"longitude\": \"-43\",\n                            \"numero\": \"1596\",\n                            \"uf\": \"MG\"\n                        },\n                        \"local\": \"CDD BELO HORIZONTE LESTE\",\n                        \"sto\": \"00008851\",\n                        \"tipounidade\": \"Unidade de Distribuição\",\n                        \"uf\": \"MG\"\n                    }\n                },\n                {\n                    \"cepDestino\": \"31160550\",\n                    \"criacao\": \"23032021175716\",\n                    \"data\": \"23/03/2021\",\n                    \"dataPostagem\": \"18/03/2021\",\n                    \"descricao\": \"Objeto aguardando retirada no endereço indicado\",\n                    \"detalhe\": \"Para retirá-lo, é preciso informar o código do objeto e apresentar documentação que comprove ser o destinatário ou pessoa por ele oficialmente autorizada.\",\n                    \"diasUteis\": \"0\",\n                    \"hora\": \"17:57\",\n                    \"prazoGuarda\": \"10\",\n                    \"status\": \"01\",\n                    \"tipo\": \"LDI\",\n                    \"unidade\": {\n                        \"cidade\": \"BELO HORIZONTE\",\n                        \"codigo\": \"31117970\",\n                        \"endereco\": {\n                            \"bairro\": \"FLORESTA\",\n                            \"cep\": \"31117970\",\n                            \"codigo\": \"26509\",\n                            \"latitude\": \"-19\",\n                            \"localidade\": \"BELO HORIZONTE\",\n                            \"logradouro\": \"RUA JACUI\",\n                            \"longitude\": \"-43\",\n                            \"numero\": \"1596\",\n                            \"uf\": \"MG\"\n                        },\n                        \"local\": \"CDD BELO HORIZONTE LESTE\",\n                        \"sto\": \"00008851\",\n                        \"tipounidade\": \"Unidade de Distribuição\",\n                        \"uf\": \"MG\"\n                    }\n                },\n                {\n                    \"cepDestino\": \"31160550\",\n                    \"criacao\": \"22032021185305\",\n                    \"data\": \"22/03/2021\",\n                    \"dataPostagem\": \"18/03/2021\",\n                    \"descricao\": \"Carteiro não atendido - Entrega não realizada\",\n                    \"detalhe\": \"Aguarde: objeto estará disponível para retirada na unidade a ser informada\",\n                    \"diasUteis\": \"0\",\n                    \"hora\": \"18:53\",\n                    \"prazoGuarda\": \"0\",\n                    \"recebedor\": {},\n                    \"status\": \"02\",\n                    \"tipo\": \"BDE\",\n                    \"unidade\": {\n                        \"cidade\": \"BELO HORIZONTE\",\n                        \"codigo\": \"31117970\",\n                        \"endereco\": {\n                            \"bairro\": \"FLORESTA\",\n                            \"cep\": \"31117970\",\n                            \"codigo\": \"26509\",\n                            \"latitude\": \"-19\",\n                            \"localidade\": \"BELO HORIZONTE\",\n                            \"logradouro\": \"RUA JACUI\",\n                            \"longitude\": \"-43\",\n                            \"numero\": \"1596\",\n                            \"uf\": \"MG\"\n                        },\n                        \"local\": \"CDD BELO HORIZONTE LESTE\",\n                        \"sto\": \"00008851\",\n                        \"tipounidade\": \"Unidade de Distribuição\",\n                        \"uf\": \"MG\"\n                    }\n                },\n                {\n                    \"cepDestino\": \"31160550\",\n                    \"criacao\": \"22032021124531\",\n                    \"data\": \"22/03/2021\",\n                    \"dataPostagem\": \"18/03/2021\",\n                    \"descricao\": \"Objeto saiu para entrega ao destinatário\",\n                    \"detalheOEC\": {\n                        \"carteiro\": \"84138475\",\n                        \"distrito\": \"329\",\n                        \"lista\": \"112100001791\",\n                        \"unidade\": \"31117970\"\n                    },\n                    \"diasUteis\": \"0\",\n                    \"hora\": \"12:45\",\n                    \"prazoGuarda\": \"0\",\n                    \"status\": \"01\",\n                    \"tipo\": \"OEC\",\n                    \"unidade\": {\n                        \"cidade\": \"BELO HORIZONTE\",\n                        \"codigo\": \"31117970\",\n                        \"endereco\": {\n                            \"bairro\": \"FLORESTA\",\n                            \"cep\": \"31117970\",\n                            \"codigo\": \"26509\",\n                            \"latitude\": \"-19\",\n                            \"localidade\": \"BELO HORIZONTE\",\n                            \"logradouro\": \"RUA JACUI\",\n                            \"longitude\": \"-43\",\n                            \"numero\": \"1596\",\n                            \"uf\": \"MG\"\n                        },\n                        \"local\": \"CDD BELO HORIZONTE LESTE\",\n                        \"sto\": \"00008851\",\n                        \"tipounidade\": \"Unidade de Distribuição\",\n                        \"uf\": \"MG\"\n                    }\n                },\n                {\n                    \"cepDestino\": \"31160550\",\n                    \"criacao\": \"20032021134434\",\n                    \"data\": \"20/03/2021\",\n                    \"dataPostagem\": \"18/03/2021\",\n                    \"descricao\": \"Carteiro não atendido - Entrega não realizada\",\n                    \"detalhe\": \"Será realizada nova tentativa de entrega\",\n                    \"diasUteis\": \"0\",\n                    \"hora\": \"13:44\",\n                    \"prazoGuarda\": \"0\",\n                    \"recebedor\": {},\n                    \"status\": \"20\",\n                    \"tipo\": \"BDE\",\n                    \"unidade\": {\n                        \"cidade\": \"BELO HORIZONTE\",\n                        \"codigo\": \"31117970\",\n                        \"endereco\": {\n                            \"bairro\": \"FLORESTA\",\n                            \"cep\": \"31117970\",\n                            \"codigo\": \"26509\",\n                            \"latitude\": \"-19\",\n                            \"localidade\": \"BELO HORIZONTE\",\n                            \"logradouro\": \"RUA JACUI\",\n                            \"longitude\": \"-43\",\n                            \"numero\": \"1596\",\n                            \"uf\": \"MG\"\n                        },\n                        \"local\": \"CDD BELO HORIZONTE LESTE\",\n                        \"sto\": \"00008851\",\n                        \"tipounidade\": \"Unidade de Distribuição\",\n                        \"uf\": \"MG\"\n                    }\n                },\n                {\n                    \"cepDestino\": \"31160550\",\n                    \"criacao\": \"20032021093804\",\n                    \"data\": \"20/03/2021\",\n                    \"dataPostagem\": \"18/03/2021\",\n                    \"descricao\": \"Objeto saiu para entrega ao destinatário\",\n                    \"detalheOEC\": {\n                        \"carteiro\": \"84138475\",\n                        \"distrito\": \"329\",\n                        \"lista\": \"112100001766\",\n                        \"unidade\": \"31117970\"\n                    },\n                    \"diasUteis\": \"0\",\n                    \"hora\": \"09:38\",\n                    \"prazoGuarda\": \"0\",\n                    \"status\": \"01\",\n                    \"tipo\": \"OEC\",\n                    \"unidade\": {\n                        \"cidade\": \"BELO HORIZONTE\",\n                        \"codigo\": \"31117970\",\n                        \"endereco\": {\n                            \"bairro\": \"FLORESTA\",\n                            \"cep\": \"31117970\",\n                            \"codigo\": \"26509\",\n                            \"latitude\": \"-19\",\n                            \"localidade\": \"BELO HORIZONTE\",\n                            \"logradouro\": \"RUA JACUI\",\n                            \"longitude\": \"-43\",\n                            \"numero\": \"1596\",\n                            \"uf\": \"MG\"\n                        },\n                        \"local\": \"CDD BELO HORIZONTE LESTE\",\n                        \"sto\": \"00008851\",\n                        \"tipounidade\": \"Unidade de Distribuição\",\n                        \"uf\": \"MG\"\n                    }\n                },\n                {\n                    \"cepDestino\": \"31160550\",\n                    \"criacao\": \"19032021184516\",\n                    \"data\": \"19/03/2021\",\n                    \"dataPostagem\": \"18/03/2021\",\n                    \"descricao\": \"Carteiro não atendido - Entrega não realizada\",\n                    \"detalhe\": \"Será realizada nova tentativa de entrega\",\n                    \"diasUteis\": \"0\",\n                    \"hora\": \"18:45\",\n                    \"prazoGuarda\": \"0\",\n                    \"recebedor\": {},\n                    \"status\": \"20\",\n                    \"tipo\": \"BDE\",\n                    \"unidade\": {\n                        \"cidade\": \"BELO HORIZONTE\",\n                        \"codigo\": \"31117970\",\n                        \"endereco\": {\n                            \"bairro\": \"FLORESTA\",\n                            \"cep\": \"31117970\",\n                            \"codigo\": \"26509\",\n                            \"latitude\": \"-19\",\n                            \"localidade\": \"BELO HORIZONTE\",\n                            \"logradouro\": \"RUA JACUI\",\n                            \"longitude\": \"-43\",\n                            \"numero\": \"1596\",\n                            \"uf\": \"MG\"\n                        },\n                        \"local\": \"CDD BELO HORIZONTE LESTE\",\n                        \"sto\": \"00008851\",\n                        \"tipounidade\": \"Unidade de Distribuição\",\n                        \"uf\": \"MG\"\n                    }\n                },\n                {\n                    \"cepDestino\": \"31160550\",\n                    \"criacao\": \"19032021130143\",\n                    \"data\": \"19/03/2021\",\n                    \"dataPostagem\": \"18/03/2021\",\n                    \"descricao\": \"Objeto saiu para entrega ao destinatário\",\n                    \"detalheOEC\": {\n                        \"carteiro\": \"84138475\",\n                        \"distrito\": \"329\",\n                        \"lista\": \"117100001698\",\n                        \"unidade\": \"31117970\"\n                    },\n                    \"diasUteis\": \"0\",\n                    \"hora\": \"13:01\",\n                    \"prazoGuarda\": \"0\",\n                    \"status\": \"01\",\n                    \"tipo\": \"OEC\",\n                    \"unidade\": {\n                        \"cidade\": \"BELO HORIZONTE\",\n                        \"codigo\": \"31117970\",\n                        \"endereco\": {\n                            \"bairro\": \"FLORESTA\",\n                            \"cep\": \"31117970\",\n                            \"codigo\": \"26509\",\n                            \"latitude\": \"-19\",\n                            \"localidade\": \"BELO HORIZONTE\",\n                            \"logradouro\": \"RUA JACUI\",\n                            \"longitude\": \"-43\",\n                            \"numero\": \"1596\",\n                            \"uf\": \"MG\"\n                        },\n                        \"local\": \"CDD BELO HORIZONTE LESTE\",\n                        \"sto\": \"00008851\",\n                        \"tipounidade\": \"Unidade de Distribuição\",\n                        \"uf\": \"MG\"\n                    }\n                },\n                {\n                    \"cepDestino\": \"31160550\",\n                    \"criacao\": \"19032021071352\",\n                    \"data\": \"19/03/2021\",\n                    \"dataPostagem\": \"18/03/2021\",\n                    \"descricao\": \"Objeto em trânsito - por favor aguarde\",\n                    \"destino\": [\n                        {\n                            \"bairro\": \"FLORESTA\",\n                            \"cidade\": \"BELO HORIZONTE\",\n                            \"codigo\": \"31117970\",\n                            \"endereco\": {\n                                \"bairro\": \"FLORESTA\",\n                                \"cep\": \"31117970\",\n                                \"codigo\": \"26509\",\n                                \"latitude\": \"-19\",\n                                \"localidade\": \"BELO HORIZONTE\",\n                                \"logradouro\": \"RUA JACUI\",\n                                \"longitude\": \"-43\",\n                                \"numero\": \"1596\",\n                                \"uf\": \"MG\"\n                            },\n                            \"local\": \"CDD BELO HORIZONTE LESTE\",\n                            \"uf\": \"MG\"\n                        }\n                    ],\n                    \"diasUteis\": \"0\",\n                    \"hora\": \"07:13\",\n                    \"prazoGuarda\": \"0\",\n                    \"status\": \"01\",\n                    \"tipo\": \"DO\",\n                    \"unidade\": {\n                        \"cidade\": \"BELO HORIZONTE\",\n                        \"codigo\": \"31255973\",\n                        \"endereco\": {\n                            \"bairro\": \"UNIVERSITARIO\",\n                            \"cep\": \"31255984\",\n                            \"codigo\": \"484980\",\n                            \"localidade\": \"BELO HORIZONTE\",\n                            \"logradouro\": \"RODOVIA ANEL RODOVIARIO CELSO MELLO AZEVEDO\",\n                            \"numero\": \"20901\",\n                            \"uf\": \"MG\"\n                        },\n                        \"local\": \"CTCE BELO HORIZONTE\",\n                        \"sto\": \"00431137\",\n                        \"tipounidade\": \"Unidade de Tratamento\",\n                        \"uf\": \"MG\"\n                    }\n                },\n                {\n                    \"cepDestino\": \"31160550\",\n                    \"criacao\": \"18032021174026\",\n                    \"data\": \"18/03/2021\",\n                    \"dataPostagem\": \"18/03/2021\",\n                    \"descricao\": \"Objeto em trânsito - por favor aguarde\",\n                    \"destino\": [\n                        {\n                            \"bairro\": \"UNIVERSITARIO\",\n                            \"cidade\": \"BELO HORIZONTE\",\n                            \"codigo\": \"31255973\",\n                            \"endereco\": {\n                                \"bairro\": \"UNIVERSITARIO\",\n                                \"cep\": \"31255984\",\n                                \"codigo\": \"484980\",\n                                \"localidade\": \"BELO HORIZONTE\",\n                                \"logradouro\": \"RODOVIA ANEL RODOVIARIO CELSO MELLO AZEVEDO\",\n                                \"numero\": \"20901\",\n                                \"uf\": \"MG\"\n                            },\n                            \"local\": \"CTCE BELO HORIZONTE\",\n                            \"uf\": \"MG\"\n                        }\n                    ],\n                    \"diasUteis\": \"0\",\n                    \"hora\": \"17:40\",\n                    \"prazoGuarda\": \"0\",\n                    \"status\": \"01\",\n                    \"tipo\": \"RO\",\n                    \"unidade\": {\n                        \"cidade\": \"CONTAGEM\",\n                        \"codigo\": \"32371972\",\n                        \"endereco\": {\n                            \"bairro\": \"AGUA BRANCA\",\n                            \"cep\": \"32371970\",\n                            \"codigo\": \"270262\",\n                            \"complemento\": \"LOJA 1\",\n                            \"latitude\": \"-19\",\n                            \"localidade\": \"CONTAGEM\",\n                            \"logradouro\": \"RUA CARDEAL ARCOVERDE\",\n                            \"longitude\": \"-44\",\n                            \"numero\": \"365\",\n                            \"uf\": \"MG\"\n                        },\n                        \"local\": \"AGF CARDEAL ARCO VERDE\",\n                        \"sto\": \"00235866\",\n                        \"tipounidade\": \"Agência dos Correios\",\n                        \"uf\": \"MG\"\n                    }\n                },\n                {\n                    \"cepDestino\": \"31160550\",\n                    \"criacao\": \"18032021173824\",\n                    \"data\": \"18/03/2021\",\n                    \"dataPostagem\": \"18/03/2021\",\n                    \"descricao\": \"Objeto postado\",\n                    \"diasUteis\": \"0\",\n                    \"hora\": \"17:38\",\n                    \"prazoGuarda\": \"0\",\n                    \"status\": \"01\",\n                    \"tipo\": \"PO\",\n                    \"unidade\": {\n                        \"cidade\": \"CONTAGEM\",\n                        \"codigo\": \"32371972\",\n                        \"endereco\": {\n                            \"bairro\": \"AGUA BRANCA\",\n                            \"cep\": \"32371970\",\n                            \"codigo\": \"270262\",\n                            \"complemento\": \"LOJA 1\",\n                            \"latitude\": \"-19\",\n                            \"localidade\": \"CONTAGEM\",\n                            \"logradouro\": \"RUA CARDEAL ARCOVERDE\",\n                            \"longitude\": \"-44\",\n                            \"numero\": \"365\",\n                            \"uf\": \"MG\"\n                        },\n                        \"local\": \"AGF CARDEAL ARCO VERDE\",\n                        \"sto\": \"00235866\",\n                        \"tipounidade\": \"Agência dos Correios\",\n                        \"uf\": \"MG\"\n                    }\n                }\n            ],\n            \"nome\": \"ETIQUETA LOGICA SEDEX\",\n            \"numero\": \"ON931559908BR\",\n            \"sigla\": \"ON\"\n        }\n    ],\n    \"pesquisa\": \"Lista de Objetos\",\n    \"quantidade\": \"1\",\n    \"resultado\": \"Todos os eventos\",\n    \"versao\": \"3.0\"\n}"}]}],"event":[{"listen":"prerequest","script":{"id":"afe468d3-f237-4b44-acb2-4490d2e3e90f","type":"text/javascript","exec":[""]}},{"listen":"test","script":{"id":"dd3eeec9-e925-4032-960c-cb81a2c1f416","type":"text/javascript","exec":[""]}}],"variable":[{"id":"a31fc1a5-dc7c-42e9-968a-e5642b64d05a","key":"SERVIDOR_API","value":"https://correios.contrateumdev.com.br"}]}