{"info":{"_postman_id":"baa47236-a65b-4fa8-b70a-cede1d383c07","name":"BRE-Veiculos","schema":"https://schema.getpostman.com/json/collection/v2.1.0/collection.json"},"item":[{"name":"LIGACAO_IDENTIFICADA=N","item":[{"name":"Ligação não identificada","id":"d2c6882b-d996-47a0-896c-1ee96595df95","protocolProfileBehavior":{"disableBodyPruning":true},"request":{"method":"POST","header":[{"key":"Content-Type","value":"application/json","type":"text"},{"key":"Accept","value":"application/json","type":"text"},{"key":"Authorization","value":"Bearer {{client_bearer_bre}}","type":"text"}],"body":{"mode":"raw","raw":"{\r\n    \"entrada\": {\r\n        \"Org\": \"\",\r\n        \"Admin\": \"\",\r\n        \"CDN\": \"\",\r\n       \r\n        \"URA\": {\r\n            \"Ip\": \"\",\r\n            \"Porta\": \"\",\r\n            \"Feriado\": \"\"\r\n        },\r\n        \"Menu\": {\r\n            \"Arvore\": \"\",\r\n            \"Visivel\": \"\",\r\n            \"Digitacao\": \"\"\r\n        },\r\n        \"TipoPessoa\": \"\",\r\n        \"Chaves\": [\r\n            {\r\n                \"nome\": \"LIGACAO_IDENTIFICADA\",\r\n                \"valor\": \"N\"\r\n            }  \r\n        ]\r\n    }\r\n}"},"url":{"raw":"https://{{url_bre}}:443/DecisionService/rest/bre_parametrizador_veiculos/1.0/decisao","protocol":"https","host":["{{url_bre}}"],"port":"443","path":["DecisionService","rest","bre_parametrizador_veiculos","1.0","decisao"]}},"response":[]}],"id":"56b49377-ae74-438c-b4bf-1eb908535e14"},{"name":"LIGACAO_IDENTIFICADA=S","item":[{"name":"Ligação não identificada Copy","id":"545de69b-3e34-4a1f-adcc-7c07227cf6bd","protocolProfileBehavior":{"disableBodyPruning":true},"request":{"method":"POST","header":[{"key":"Content-Type","value":"application/json","type":"text"},{"key":"Accept","value":"application/json","type":"text"},{"key":"Authorization","value":"Bearer {{client_bearer_bre}}","type":"text"}],"body":{"mode":"raw","raw":"{\r\n    \"entrada\": {\r\n        \"Org\": \"\",\r\n        \"Admin\": \"\",\r\n        \"CDN\": \"\",\r\n       \r\n        \"URA\": {\r\n            \"Ip\": \"\",\r\n            \"Porta\": \"\",\r\n            \"Feriado\": \"\"\r\n        },\r\n        \"Menu\": {\r\n            \"Arvore\": \"\",\r\n            \"Visivel\": \"\",\r\n            \"Digitacao\": \"\"\r\n        },\r\n        \"TipoPessoa\": \"\",\r\n        \"Chaves\": [\r\n            {\r\n                \"nome\": \"LIGACAO_IDENTIFICADA\",\r\n                \"valor\": \"S\"\r\n            }  \r\n        ]\r\n    }\r\n}"},"url":{"raw":"https://{{url_bre}}:443/DecisionService/rest/bre_parametrizador_veiculos/1.0/decisao","protocol":"https","host":["{{url_bre}}"],"port":"443","path":["DecisionService","rest","bre_parametrizador_veiculos","1.0","decisao"]}},"response":[]}],"id":"9b0d81d9-357b-4268-9689-66cb551913be"}]}