{"info":{"_postman_id":"bbc56ce7-67a3-4735-8cac-e93266316bf7","name":"BRE-Canary-Release","schema":"https://schema.getpostman.com/json/collection/v2.1.0/collection.json"},"item":[{"name":"HC8","item":[{"name":"parametrizador-eletronico","item":[{"name":"seguros","item":[{"name":"Feature = versao BRE 1.0","event":[{"listen":"test","script":{"exec":["var json = JSON.parse(responseBody);\r","\r","pm.test(\"ListaFilaDerivacao.CDN = 1900\", function () {\r","    pm.expect(json.saida.ListaFilaDerivacao[0].CDN).to.eql(\"1900\");\r","});\r","\r","pm.test(\"ListaFilaDerivacao.RoutingPoint = 3073\", function () {\r","    pm.expect(json.saida.ListaFilaDerivacao[0].RoutingPoint).to.eql(\"3073\");\r","});\r",""],"type":"text/javascript","id":"c70169a9-7b8b-4a50-a336-36dd03185963"}}],"id":"907cf6d9-78da-45ca-93b3-d342eb10b929","protocolProfileBehavior":{"disableBodyPruning":true},"request":{"auth":{"type":"noauth"},"method":"POST","header":[{"key":"Content-Type","name":"Content-Type","type":"text","value":"application/json"},{"key":"Accept","type":"text","value":"application/json"},{"key":"Authorization","type":"text","value":"Bearer {{client_bearer_bre}}"}],"body":{"mode":"raw","raw":"{\r\n   \"entrada\": {\r\n   \t     \"Cliente\": {\r\n            \"Conta\": {\r\n                \"Agencia\": 0,\r\n                \"Conta\": 0,\r\n                \"DAC\": 0,\r\n                \"Segmento\": \"\"\r\n            },\r\n            \"CpfCnpj\": 0,\r\n            \"Pessoa\": \"\"\r\n        },\r\n        \"Telefone\":{\r\n   \t    \t\"DDI\":55,\r\n   \t    \t\"DDD\":11,\r\n   \t    \t\"Telefone\":999998047\r\n   \t    },\r\n   \t    \"Sigla\":\"HC8\",\r\n   \t    \"Aplicacao\":\"parametrizador-eletronico\",\r\n   \t    \"Usuario\":\"\",\r\n   \t    \"Inventario\":\"\",\r\n   \t    \"Parametro\":\"versao-bre-seguros\",\r\n   \t    \"Feature\":\"\",\r\n   \t    \"ListaVariavel\":[{\r\n   \t    \t\"nome\":\"CDN\",\r\n   \t    \t\"valor\":\"1234\"\r\n   \t    }],\r\n   \t    \"Data\": \"2021-10-06T13:17:00.000+0000\",\r\n   \t    \"TraceAtivo\":false\r\n    }\r\n}"},"url":{"raw":"https://{{url_bre}}:443/DecisionService/rest/bre_hc8canaryrelease/1.0/parametrizacao","protocol":"https","host":["{{url_bre}}"],"port":"443","path":["DecisionService","rest","bre_hc8canaryrelease","1.0","parametrizacao"]}},"response":[]},{"name":"Feature = versao BRE 1.0 (virtualizado)","event":[{"listen":"test","script":{"exec":["var json = JSON.parse(responseBody);\r","\r","pm.test(\"ListaFilaDerivacao.CDN = 1900\", function () {\r","    pm.expect(json.saida.ListaFilaDerivacao[0].CDN).to.eql(\"1900\");\r","});\r","\r","pm.test(\"ListaFilaDerivacao.RoutingPoint = 3073\", function () {\r","    pm.expect(json.saida.ListaFilaDerivacao[0].RoutingPoint).to.eql(\"3073\");\r","});\r",""],"type":"text/javascript","id":"ff10be20-9272-4c7a-8e8a-f73639014a7e"}}],"id":"2eecd487-3eb9-488f-ac79-ef1ac450fce9","protocolProfileBehavior":{"disableBodyPruning":true},"request":{"auth":{"type":"noauth"},"method":"POST","header":[{"key":"Content-Type","value":"application/json","type":"text"},{"key":"Accept","value":"application/json","type":"text"},{"key":"Authorization","value":"Bearer {{hc8_bearer_bre_rsa}}","type":"text"},{"key":"x-itau-apikey","value":"{{hc8_client_id_bre_rsa}}","type":"text"},{"key":"x-itau-flowID","value":"{{$guid}}","type":"text"},{"key":"x-itau-correlationID","value":"{{$guid}}","type":"text"}],"body":{"mode":"raw","raw":"{\r\n   \"entrada\": {\r\n   \t     \"Cliente\": {\r\n            \"Conta\": {\r\n                \"Agencia\": 0,\r\n                \"Conta\": 0,\r\n                \"DAC\": 0,\r\n                \"Segmento\": \"\"\r\n            },\r\n            \"CpfCnpj\": 0,\r\n            \"Pessoa\": \"\"\r\n        },\r\n        \"Telefone\":{\r\n   \t    \t\"DDI\":55,\r\n   \t    \t\"DDD\":11,\r\n   \t    \t\"Telefone\":999998047\r\n   \t    },\r\n   \t    \"Sigla\":\"HC8\",\r\n   \t    \"Aplicacao\":\"parametrizador-eletronico\",\r\n   \t    \"Usuario\":\"\",\r\n   \t    \"Inventario\":\"\",\r\n   \t    \"Parametro\":\"\",\r\n   \t    \"Feature\":\"\",\r\n   \t    \"ListaVariavel\":[{\r\n   \t    \t\"nome\":\"CDN\",\r\n   \t    \t\"valor\":\"1234\"\r\n   \t    }],\r\n   \t    \"Data\": \"2010-09-01T13:17:00.000+0000\",\r\n   \t    \"TraceAtivo\":false\r\n    }\r\n}"},"url":{"raw":"https://{{url_api_gateway}}/bre_hc8canaryrelease/1.0/parametrizacao","protocol":"https","host":["{{url_api_gateway}}"],"path":["bre_hc8canaryrelease","1.0","parametrizacao"]}},"response":[]}],"id":"b74fe34b-f248-432d-b4c8-f7077a0f6db3"},{"name":"piloto=false, se Data=2010","event":[{"listen":"test","script":{"exec":["var json = JSON.parse(responseBody);\r","\r","pm.test(\"ListaFilaDerivacao.CDN = 1900\", function () {\r","    pm.expect(json.saida.ListaFilaDerivacao[0].CDN).to.eql(\"1900\");\r","});\r","\r","pm.test(\"ListaFilaDerivacao.RoutingPoint = 3073\", function () {\r","    pm.expect(json.saida.ListaFilaDerivacao[0].RoutingPoint).to.eql(\"3073\");\r","});\r",""],"type":"text/javascript","id":"71631dbe-e545-4305-bf64-8fd03c197619"}}],"id":"6a5291f3-4d8b-41f4-a98f-85e00230e658","protocolProfileBehavior":{"disableBodyPruning":true},"request":{"auth":{"type":"noauth"},"method":"POST","header":[{"key":"Content-Type","name":"Content-Type","type":"text","value":"application/json"},{"key":"Accept","type":"text","value":"application/json"},{"key":"Authorization","type":"text","value":"Bearer {{client_bearer_bre}}"}],"body":{"mode":"raw","raw":"{\r\n   \"entrada\": {\r\n   \t    \"Cliente\":{\r\n   \t    \t\"Conta\":{\r\n   \t    \t\t\"Agencia\":3977,\r\n   \t    \t\t\"Conta\":11712,\r\n   \t    \t\t\"DAC\":6,\r\n   \t    \t\t\"Segmento\":\"4\"\r\n   \t    \t},\r\n   \t    \t\"CpfCnpj\":0,\r\n   \t    \t\"Pessoa\":\"PF\"\r\n   \t    },\r\n   \t    \"Telefone\":{\r\n   \t    \t\"DDI\":55,\r\n   \t    \t\"DDD\":11,\r\n   \t    \t\"Telefone\":999998047\r\n   \t    },\r\n   \t    \"Sigla\":\"HC8\",\r\n   \t    \"Aplicacao\":\"parametrizador-eletronico\",\r\n   \t    \"Data\": \"2010-09-01T13:17:00.000+0000\",\r\n   \t    \"TraceAtivo\":true,\r\n   \t    \"Usuario\":\"\",\r\n   \t    \"Inventario\":\"\",\r\n   \t    \"Parametro\":\"\",\r\n   \t    \"Feature\":\"\"\r\n    }\r\n}"},"url":{"raw":"https://{{url_bre}}:443/DecisionService/rest/bre_hc8canaryrelease/1.0/parametrizacao","protocol":"https","host":["{{url_bre}}"],"port":"443","path":["DecisionService","rest","bre_hc8canaryrelease","1.0","parametrizacao"]}},"response":[]},{"name":"piloto=false, se Data=2010 (virtualizado)","event":[{"listen":"test","script":{"exec":["var json = JSON.parse(responseBody);\r","\r","pm.test(\"ListaFilaDerivacao.CDN = 1900\", function () {\r","    pm.expect(json.saida.ListaFilaDerivacao[0].CDN).to.eql(\"1900\");\r","});\r","\r","pm.test(\"ListaFilaDerivacao.RoutingPoint = 3073\", function () {\r","    pm.expect(json.saida.ListaFilaDerivacao[0].RoutingPoint).to.eql(\"3073\");\r","});\r",""],"type":"text/javascript","id":"df8a645f-0bf7-4928-9395-c0110f17f509"}}],"id":"60144d0a-559a-4357-bec6-b00041736a71","protocolProfileBehavior":{"disableBodyPruning":true},"request":{"auth":{"type":"noauth"},"method":"POST","header":[{"key":"Content-Type","value":"application/json","type":"text"},{"key":"Accept","value":"application/json","type":"text"},{"key":"Authorization","value":"Bearer {{hc8_bearer_bre_rsa}}","type":"text"},{"key":"x-itau-apikey","value":"{{hc8_client_id_bre_rsa}}","type":"text"},{"key":"x-itau-flowID","value":"{{$guid}}","type":"text"},{"key":"x-itau-correlationID","value":"{{$guid}}","type":"text"}],"body":{"mode":"raw","raw":"{\r\n   \"entrada\": {\r\n   \t    \"Cliente\":{\r\n   \t    \t\"Conta\":{\r\n   \t    \t\t\"Agencia\":3977,\r\n   \t    \t\t\"Conta\":11712,\r\n   \t    \t\t\"DAC\":6,\r\n   \t    \t\t\"Segmento\":\"4\"\r\n   \t    \t},\r\n   \t    \t\"CpfCnpj\":0,\r\n   \t    \t\"Pessoa\":\"PF\"\r\n   \t    },\r\n   \t    \"Telefone\":{\r\n   \t    \t\"DDI\":55,\r\n   \t    \t\"DDD\":11,\r\n   \t    \t\"Telefone\":999998047\r\n   \t    },\r\n   \t    \"Sigla\":\"HC8\",\r\n   \t    \"Aplicacao\":\"parametrizador-eletronico\",\r\n   \t    \"Data\": \"2010-09-01T13:17:00.000+0000\",\r\n   \t    \"TraceAtivo\":true,\r\n   \t    \"Usuario\":\"\",\r\n   \t    \"Inventario\":\"\",\r\n   \t    \"Parametro\":\"\",\r\n   \t    \"Feature\":\"\"\r\n    }\r\n}"},"url":{"raw":"https://{{url_api_gateway}}/bre_hc8canaryrelease/1.0/parametrizacao","protocol":"https","host":["{{url_api_gateway}}"],"path":["bre_hc8canaryrelease","1.0","parametrizacao"]}},"response":[]},{"name":"piloto=true, se agencia=3977","event":[{"listen":"test","script":{"exec":["var json = JSON.parse(responseBody);\r","\r","pm.test(\"ListaFilaDerivacao.CDN = 1900\", function () {\r","    pm.expect(json.saida.ListaFilaDerivacao[0].CDN).to.eql(\"1900\");\r","});\r","\r","pm.test(\"ListaFilaDerivacao.RoutingPoint = 3073\", function () {\r","    pm.expect(json.saida.ListaFilaDerivacao[0].RoutingPoint).to.eql(\"3073\");\r","});\r",""],"type":"text/javascript","id":"81ac1bc9-ab8f-4414-8884-a57d2a4af40f"}}],"id":"689d9f57-b81b-4608-b9de-6386c0e9888a","protocolProfileBehavior":{"disableBodyPruning":true},"request":{"auth":{"type":"noauth"},"method":"POST","header":[{"key":"Content-Type","name":"Content-Type","type":"text","value":"application/json"},{"key":"Accept","type":"text","value":"application/json"},{"key":"Authorization","type":"text","value":"Bearer {{client_bearer_bre}}"}],"body":{"mode":"raw","raw":"{\r\n   \"entrada\": {\r\n   \t    \"Cliente\":{\r\n   \t    \t\"Conta\":{\r\n   \t    \t\t\"Agencia\":3976,\r\n   \t    \t\t\"Conta\":11712,\r\n   \t    \t\t\"DAC\":6,\r\n   \t    \t\t\"Segmento\":\"4\"\r\n   \t    \t},\r\n   \t    \t\"CpfCnpj\":0,\r\n   \t    \t\"Pessoa\":\"PF\"\r\n   \t    },\r\n   \t    \"Telefone\":{\r\n   \t    \t\"DDI\":55,\r\n   \t    \t\"DDD\":111,\r\n   \t    \t\"Telefone\":9919998047\r\n   \t    },\r\n   \t    \"Sigla\":\"HC8\",\r\n   \t    \"Aplicacao\":\"parametrizador-eletronico\",\r\n   \t    \"TraceAtivo\":true,\r\n   \t    \"Usuario\":\"\",\r\n   \t    \"Inventario\":\"\",\r\n   \t    \"Parametro\":\"\",\r\n   \t    \"Feature\":\"\"\r\n    }\r\n}"},"url":{"raw":"https://{{url_bre}}:443/DecisionService/rest/bre_hc8canaryrelease/1.0/parametrizacao","protocol":"https","host":["{{url_bre}}"],"port":"443","path":["DecisionService","rest","bre_hc8canaryrelease","1.0","parametrizacao"]}},"response":[]},{"name":"piloto=true, se agencia=3977 (virtualizado)","event":[{"listen":"test","script":{"exec":["var json = JSON.parse(responseBody);\r","\r","pm.test(\"ListaFilaDerivacao.CDN = 1900\", function () {\r","    pm.expect(json.saida.ListaFilaDerivacao[0].CDN).to.eql(\"1900\");\r","});\r","\r","pm.test(\"ListaFilaDerivacao.RoutingPoint = 3073\", function () {\r","    pm.expect(json.saida.ListaFilaDerivacao[0].RoutingPoint).to.eql(\"3073\");\r","});\r",""],"type":"text/javascript","id":"77f3d5c1-a4bf-44bf-8287-01c07a38fef8"}}],"id":"2a111970-a7af-4efb-8f13-539a39eae50c","protocolProfileBehavior":{"disableBodyPruning":true},"request":{"auth":{"type":"noauth"},"method":"POST","header":[{"key":"Content-Type","type":"text","value":"application/json"},{"key":"Accept","type":"text","value":"application/json"},{"key":"Authorization","type":"text","value":"Bearer {{hc8_bearer_bre_rsa}}"},{"key":"x-itau-apikey","type":"text","value":"{{hc8_client_id_bre_rsa}}"},{"key":"x-itau-flowID","type":"text","value":"{{$guid}}"},{"key":"x-itau-correlationID","type":"text","value":"{{$guid}}"}],"body":{"mode":"raw","raw":"{\r\n   \"entrada\": {\r\n   \t    \"Cliente\":{\r\n   \t    \t\"Conta\":{\r\n   \t    \t\t\"Agencia\":3977,\r\n   \t    \t\t\"Conta\":11712,\r\n   \t    \t\t\"DAC\":6,\r\n   \t    \t\t\"Segmento\":\"4\"\r\n   \t    \t},\r\n   \t    \t\"CpfCnpj\":0,\r\n   \t    \t\"Pessoa\":\"PF\"\r\n   \t    },\r\n   \t    \"Telefone\":{\r\n   \t    \t\"DDI\":0,\r\n   \t    \t\"DDD\":0,\r\n   \t    \t\"Telefone\":0\r\n   \t    },\r\n   \t    \"Sigla\":\"HC8\",\r\n   \t    \"Aplicacao\":\"parametrizador-eletronico\",\r\n   \t    \"Data\": \"2021-09-24T13:17:00.000+0000\",\r\n   \t    \"TraceAtivo\":true,\r\n   \t    \"Usuario\":\"\",\r\n   \t    \"Inventario\":\"\",\r\n   \t    \"Parametro\":\"\",\r\n   \t    \"Feature\":\"\"\r\n    }\r\n}"},"url":{"raw":"https://{{url_api_gateway}}/bre_hc8canaryrelease/1.0/parametrizacao","protocol":"https","host":["{{url_api_gateway}}"],"path":["bre_hc8canaryrelease","1.0","parametrizacao"]}},"response":[]},{"name":"TraceAtivo=true","event":[{"listen":"test","script":{"exec":["var json = JSON.parse(responseBody);\r","\r","pm.test(\"ListaFilaDerivacao.CDN = 1900\", function () {\r","    pm.expect(json.saida.ListaFilaDerivacao[0].CDN).to.eql(\"1900\");\r","});\r","\r","pm.test(\"ListaFilaDerivacao.RoutingPoint = 3073\", function () {\r","    pm.expect(json.saida.ListaFilaDerivacao[0].RoutingPoint).to.eql(\"3073\");\r","});\r",""],"type":"text/javascript","id":"18462fde-3f68-4fa8-976c-07d45b3e712d"}}],"id":"621c2acc-a0f2-47f6-ac34-9014706b6bdf","protocolProfileBehavior":{"disableBodyPruning":true},"request":{"auth":{"type":"noauth"},"method":"POST","header":[{"key":"Content-Type","name":"Content-Type","type":"text","value":"application/json"},{"key":"Accept","type":"text","value":"application/json"},{"key":"Authorization","type":"text","value":"Bearer {{client_bearer_bre}}"}],"body":{"mode":"raw","raw":"{\r\n   \"entrada\": {\r\n   \t    \"Cliente\":{\r\n   \t    \t\"Conta\":{\r\n   \t    \t\t\"Agencia\":0,\r\n   \t    \t\t\"Conta\":0,\r\n   \t    \t\t\"DAC\":0,\r\n   \t    \t\t\"Segmento\":\"\"\r\n   \t    \t},\r\n   \t    \t\"CpfCnpj\":0,\r\n   \t    \t\"Pessoa\":\"PF\"\r\n   \t    },\r\n   \t    \"Telefone\":{\r\n   \t    \t\"DDI\":{{ddi}},\r\n   \t    \t\"DDD\":{{ddd}},\r\n   \t    \t\"Telefone\":{{telefone}}\r\n   \t    },\r\n   \t    \"Sigla\":\"HC8\",\r\n   \t    \"Aplicacao\":\"parametrizador-eletronico\",\r\n   \t    \"TraceAtivo\":false,\r\n   \t    \"Usuario\":\"\",\r\n   \t    \"Inventario\":\"\",\r\n   \t    \"Parametro\":\"\",\r\n   \t    \"Feature\":\"\"\r\n\r\n    }\r\n}"},"url":{"raw":"https://{{url_bre}}:443/DecisionService/rest/bre_hc8canaryrelease/1.0/parametrizacao","protocol":"https","host":["{{url_bre}}"],"port":"443","path":["DecisionService","rest","bre_hc8canaryrelease","1.0","parametrizacao"]}},"response":[]},{"name":"Feature=bre-seguros-mbi","event":[{"listen":"test","script":{"exec":["var json = JSON.parse(responseBody);\r","\r","pm.test(\"ListaFilaDerivacao.CDN = 1900\", function () {\r","    pm.expect(json.saida.ListaFilaDerivacao[0].CDN).to.eql(\"1900\");\r","});\r","\r","pm.test(\"ListaFilaDerivacao.RoutingPoint = 3073\", function () {\r","    pm.expect(json.saida.ListaFilaDerivacao[0].RoutingPoint).to.eql(\"3073\");\r","});\r",""],"type":"text/javascript","id":"3f951f6c-6a5d-4e7d-af24-ab5b1a6d6170"}}],"id":"3d3e6a89-ab55-4d5d-8e41-06e153dcad62","protocolProfileBehavior":{"disableBodyPruning":true},"request":{"auth":{"type":"noauth"},"method":"POST","header":[{"key":"Content-Type","name":"Content-Type","type":"text","value":"application/json"},{"key":"Accept","type":"text","value":"application/json"},{"key":"Authorization","type":"text","value":"Bearer {{client_bearer_bre}}"}],"body":{"mode":"raw","raw":"{\r\n   \"entrada\": {\r\n   \t    \"Cliente\":{\r\n   \t    \t\"Conta\":{\r\n   \t    \t\t\"Agencia\":0,\r\n   \t    \t\t\"Conta\":0,\r\n   \t    \t\t\"DAC\":0,\r\n   \t    \t\t\"Segmento\":\"\"\r\n   \t    \t},\r\n   \t    \t\"CpfCnpj\":0,\r\n   \t    \t\"Pessoa\":\"PF\"\r\n   \t    },\r\n   \t    \"Telefone\":{\r\n   \t    \t\"DDI\":{{ddi}},\r\n   \t    \t\"DDD\":{{ddd}},\r\n   \t    \t\"Telefone\":{{telefone}}\r\n   \t    },\r\n   \t    \"Sigla\":\"HC8\",\r\n   \t    \"Aplicacao\":\"parametrizador-eletronico\",\r\n   \t    \"TraceAtivo\":true,\r\n   \t    \"Usuario\":\"\",\r\n   \t    \"Inventario\":\"\",\r\n   \t    \"Parametro\":\"\",\r\n   \t    \"Feature\":\"bre-seguros-mbi\"\r\n\r\n    }\r\n}"},"url":{"raw":"https://{{url_bre}}:443/DecisionService/rest/bre_hc8canaryrelease/1.0/parametrizacao","protocol":"https","host":["{{url_bre}}"],"port":"443","path":["DecisionService","rest","bre_hc8canaryrelease","1.0","parametrizacao"]}},"response":[]}],"id":"65fb1c35-6c45-46cc-bb22-8727881cec9e"},{"name":"parametrizador-historico","item":[{"name":"listar parametros e features","event":[{"listen":"test","script":{"exec":["var json = JSON.parse(responseBody);\r","\r","pm.test(\"ListaFilaDerivacao.CDN = 1900\", function () {\r","    pm.expect(json.saida.ListaFilaDerivacao[0].CDN).to.eql(\"1900\");\r","});\r","\r","pm.test(\"ListaFilaDerivacao.RoutingPoint = 3073\", function () {\r","    pm.expect(json.saida.ListaFilaDerivacao[0].RoutingPoint).to.eql(\"3073\");\r","});\r",""],"type":"text/javascript","id":"9fd9f6f2-69f6-4ace-b0bc-42279eb594ec"}}],"id":"b6f716d0-0599-4d1b-8350-9ff921f3c25f","protocolProfileBehavior":{"disableBodyPruning":true},"request":{"auth":{"type":"noauth"},"method":"POST","header":[{"key":"Content-Type","name":"Content-Type","type":"text","value":"application/json"},{"key":"Accept","type":"text","value":"application/json"},{"key":"Authorization","type":"text","value":"Bearer {{client_bearer_bre}}"}],"body":{"mode":"raw","raw":"{\r\n   \"entrada\": {\r\n   \t     \"Cliente\": {\r\n            \"Conta\": {\r\n                \"Agencia\": 0,\r\n                \"Conta\": 0,\r\n                \"DAC\": 0,\r\n                \"Segmento\": \"\"\r\n            },\r\n            \"CpfCnpj\": 0,\r\n            \"Pessoa\": \"\"\r\n        },\r\n        \"Telefone\":{\r\n   \t    \t\"DDI\":55,\r\n   \t    \t\"DDD\":11,\r\n   \t    \t\"Telefone\":999998047\r\n   \t    },\r\n   \t    \"Sigla\":\"HC8\",\r\n   \t    \"Aplicacao\":\"parametrizador-historico\",\r\n   \t    \"Usuario\":\"\",\r\n   \t    \"Inventario\":\"\",\r\n   \t    \"Parametro\":\"\",\r\n   \t    \"Feature\":\"\",\r\n   \t    \"ListaVariavel\":[{\r\n   \t    \t\"nome\":\"CDN\",\r\n   \t    \t\"valor\":\"1234\"\r\n   \t    }],\r\n   \t    \"Data\": \"2021-10-07T13:17:00.000+0000\",\r\n   \t    \"TraceAtivo\":false\r\n    }\r\n}"},"url":{"raw":"https://{{url_bre}}:443/DecisionService/rest/bre_hc8canaryrelease/1.0/parametrizacao","protocol":"https","host":["{{url_bre}}"],"port":"443","path":["DecisionService","rest","bre_hc8canaryrelease","1.0","parametrizacao"]}},"response":[]}],"id":"109c3296-e3d7-4bf4-996b-509d3ff28f8a"}],"id":"93000d5b-f886-48ae-ab5a-4c24ca8ada9c"},{"name":"DU1","item":[{"name":"ura-seguros","item":[{"name":"CDN=1234","event":[{"listen":"test","script":{"exec":["var json = JSON.parse(responseBody);\r","\r","pm.test(\"ListaFilaDerivacao.CDN = 1900\", function () {\r","    pm.expect(json.saida.ListaFilaDerivacao[0].CDN).to.eql(\"1900\");\r","});\r","\r","pm.test(\"ListaFilaDerivacao.RoutingPoint = 3073\", function () {\r","    pm.expect(json.saida.ListaFilaDerivacao[0].RoutingPoint).to.eql(\"3073\");\r","});\r",""],"type":"text/javascript","id":"2e08c59b-070b-488f-844d-025d99203a6a"}}],"id":"d2f4ddbe-7500-402c-8271-2bfecf0ac8ea","protocolProfileBehavior":{"disableBodyPruning":true},"request":{"auth":{"type":"noauth"},"method":"POST","header":[{"key":"Content-Type","name":"Content-Type","type":"text","value":"application/json"},{"key":"Accept","type":"text","value":"application/json"},{"key":"Authorization","type":"text","value":"Bearer {{client_bearer_bre}}"}],"body":{"mode":"raw","raw":"{\r\n   \"entrada\": {\r\n   \t    \"Cliente\":{\r\n   \t    \t\"Conta\":{\r\n   \t    \t\t\"Agencia\":3765,\r\n   \t    \t\t\"Conta\":0,\r\n   \t    \t\t\"DAC\":0,\r\n   \t    \t\t\"Segmento\":\"\"\r\n   \t    \t},\r\n   \t    \t\"CpfCnpj\":0,\r\n   \t    \t\"Pessoa\":\"PF\"\r\n   \t    },\r\n   \t    \"Telefone\":{\r\n   \t    \t\"DDI\":55,\r\n   \t    \t\"DDD\":11,\r\n   \t    \t\"Telefone\":999998047\r\n   \t    },\r\n   \t    \"ListaVariavel\":[{\r\n   \t    \t\"nome\": \"CDN\",\r\n   \t    \t\"valor\":\"1234\"\r\n   \t    }],\r\n   \t    \"Sigla\":\"DU1\",\r\n   \t    \"Aplicacao\":\"ura-seguros\",\r\n   \t    \"Usuario\":\"\",\r\n   \t    \"Inventario\":\"\",\r\n   \t    \"Parametro\":\"\",\r\n   \t    \"Feature\":\"\"\r\n    }\r\n}"},"url":{"raw":"https://{{url_bre}}:443/DecisionService/rest/bre_hc8canaryrelease/1.0/parametrizacao","protocol":"https","host":["{{url_bre}}"],"port":"443","path":["DecisionService","rest","bre_hc8canaryrelease","1.0","parametrizacao"]}},"response":[]}],"id":"5d8ace23-3f3f-4484-b7ae-5056d035e796"},{"name":"ura-dealer","item":[{"name":"piloto=true, se CDN=1234","event":[{"listen":"test","script":{"exec":["var json = JSON.parse(responseBody);\r","\r","pm.test(\"ListaFilaDerivacao.CDN = 1900\", function () {\r","    pm.expect(json.saida.ListaFilaDerivacao[0].CDN).to.eql(\"1900\");\r","});\r","\r","pm.test(\"ListaFilaDerivacao.RoutingPoint = 3073\", function () {\r","    pm.expect(json.saida.ListaFilaDerivacao[0].RoutingPoint).to.eql(\"3073\");\r","});\r",""],"type":"text/javascript","id":"43f01bd7-af29-419e-b815-c1560fc34259"}}],"id":"d03e82c5-a936-4aaf-9810-490b4366e9d4","protocolProfileBehavior":{"disableBodyPruning":true},"request":{"auth":{"type":"noauth"},"method":"POST","header":[{"key":"Content-Type","name":"Content-Type","type":"text","value":"application/json"},{"key":"Accept","type":"text","value":"application/json"},{"key":"Authorization","type":"text","value":"Bearer {{client_bearer_bre}}"}],"body":{"mode":"raw","raw":"{\r\n   \"entrada\": {\r\n   \t    \"Telefone\":{\r\n   \t    \t\"DDI\":55,\r\n   \t    \t\"DDD\":11,\r\n   \t    \t\"Telefone\":22222222\r\n   \t    },\r\n   \t    \"ListaVariavel\":[{\r\n   \t    \t\"nome\":\"CDN\",\r\n   \t    \t\"valor\":\"1234\"\r\n   \t    }],\r\n   \t    \"Sigla\":\"DU1\",\r\n   \t    \"Aplicacao\":\"ura-dealer\",\r\n   \t    \"TraceAtivo\":true,\r\n   \t    \"Usuario\":\"\",\r\n   \t    \"Inventario\":\"\",\r\n   \t    \"Parametro\":\"\",\r\n   \t    \"Feature\":\"\"\r\n    }\r\n}"},"url":{"raw":"https://{{url_bre}}:443/DecisionService/rest/bre_hc8canaryrelease/1.0/parametrizacao","protocol":"https","host":["{{url_bre}}"],"port":"443","path":["DecisionService","rest","bre_hc8canaryrelease","1.0","parametrizacao"]}},"response":[]},{"name":"piloto=false, se CDN=0003","event":[{"listen":"test","script":{"exec":["var json = JSON.parse(responseBody);\r","\r","pm.test(\"ListaFilaDerivacao.CDN = 1900\", function () {\r","    pm.expect(json.saida.ListaFilaDerivacao[0].CDN).to.eql(\"1900\");\r","});\r","\r","pm.test(\"ListaFilaDerivacao.RoutingPoint = 3073\", function () {\r","    pm.expect(json.saida.ListaFilaDerivacao[0].RoutingPoint).to.eql(\"3073\");\r","});\r",""],"type":"text/javascript","id":"d8c3ae7b-31b1-4296-a495-507e05417e49"}}],"id":"db62338f-34e2-4699-8a60-69f4160eeb51","protocolProfileBehavior":{"disableBodyPruning":true},"request":{"auth":{"type":"noauth"},"method":"POST","header":[{"key":"Content-Type","name":"Content-Type","type":"text","value":"application/json"},{"key":"Accept","type":"text","value":"application/json"},{"key":"Authorization","type":"text","value":"Bearer {{client_bearer_bre}}"}],"body":{"mode":"raw","raw":"{\r\n   \"entrada\": {\r\n   \t    \"Telefone\":{\r\n   \t    \t\"DDI\":55,\r\n   \t    \t\"DDD\":11,\r\n   \t    \t\"Telefone\":22222222\r\n   \t    },\r\n   \t    \"ListaVariavel\":[{\r\n   \t    \t\"nome\":\"CDN\",\r\n   \t    \t\"valor\":\"0003\"\r\n   \t    }],\r\n   \t    \"Sigla\":\"DU1\",\r\n   \t    \"Aplicacao\":\"ura-dealer\",\r\n   \t    \"TraceAtivo\":true,\r\n   \t    \"Usuario\":\"\",\r\n   \t    \"Inventario\":\"\",\r\n   \t    \"Parametro\":\"\",\r\n   \t    \"Feature\":\"\"\r\n    }\r\n}"},"url":{"raw":"https://{{url_bre}}:443/DecisionService/rest/bre_hc8canaryrelease/1.0/parametrizacao","protocol":"https","host":["{{url_bre}}"],"port":"443","path":["DecisionService","rest","bre_hc8canaryrelease","1.0","parametrizacao"]}},"response":[]},{"name":"piloto=true, se URA=TLMK1234","event":[{"listen":"test","script":{"exec":["var json = JSON.parse(responseBody);\r","\r","pm.test(\"ListaFilaDerivacao.CDN = 1900\", function () {\r","    pm.expect(json.saida.ListaFilaDerivacao[0].CDN).to.eql(\"1900\");\r","});\r","\r","pm.test(\"ListaFilaDerivacao.RoutingPoint = 3073\", function () {\r","    pm.expect(json.saida.ListaFilaDerivacao[0].RoutingPoint).to.eql(\"3073\");\r","});\r",""],"type":"text/javascript","id":"13389d02-e336-4d93-8df0-82ebc3cc4ad7"}}],"id":"de340b50-055b-46ba-92e1-2d2567e0f056","protocolProfileBehavior":{"disableBodyPruning":true},"request":{"auth":{"type":"noauth"},"method":"POST","header":[{"key":"Content-Type","name":"Content-Type","type":"text","value":"application/json"},{"key":"Accept","type":"text","value":"application/json"},{"key":"Authorization","type":"text","value":"Bearer {{client_bearer_bre}}"}],"body":{"mode":"raw","raw":"{\r\n   \"entrada\": {\r\n   \t    \"Telefone\":{\r\n   \t    \t\"DDI\":55,\r\n   \t    \t\"DDD\":11,\r\n   \t    \t\"Telefone\":1999998047\r\n   \t    },\r\n   \t    \"Variavel\":{\r\n   \t    \t\"nome\":\"CDN\",\r\n   \t    \t\"valor\":\"1\"\r\n   \t    },\r\n   \t    \"Sigla\":\"DU1\",\r\n   \t    \"Aplicacao\":\"ura-dealer\",\r\n   \t    \"TraceAtivo\":true,\r\n   \t    \"Usuario\":\"\",\r\n   \t    \"Inventario\":\"TLK000020001234\",\r\n   \t    \"Parametro\":\"\",\r\n   \t    \"Feature\":\"\"\r\n    }\r\n}"},"url":{"raw":"https://{{url_bre}}:443/DecisionService/rest/bre_hc8canaryrelease/1.0/parametrizacao","protocol":"https","host":["{{url_bre}}"],"port":"443","path":["DecisionService","rest","bre_hc8canaryrelease","1.0","parametrizacao"]}},"response":[]},{"name":"piloto=false, se URA=TLMK5678","event":[{"listen":"test","script":{"exec":["var json = JSON.parse(responseBody);\r","\r","pm.test(\"ListaFilaDerivacao.CDN = 1900\", function () {\r","    pm.expect(json.saida.ListaFilaDerivacao[0].CDN).to.eql(\"1900\");\r","});\r","\r","pm.test(\"ListaFilaDerivacao.RoutingPoint = 3073\", function () {\r","    pm.expect(json.saida.ListaFilaDerivacao[0].RoutingPoint).to.eql(\"3073\");\r","});\r",""],"type":"text/javascript","id":"fddaf445-6afa-4109-a272-755d2481c17d"}}],"id":"153af8f0-2d97-4040-a05b-8d488459da42","protocolProfileBehavior":{"disableBodyPruning":true},"request":{"auth":{"type":"noauth"},"method":"POST","header":[{"key":"Content-Type","name":"Content-Type","type":"text","value":"application/json"},{"key":"Accept","type":"text","value":"application/json"},{"key":"Authorization","type":"text","value":"Bearer {{client_bearer_bre}}"}],"body":{"mode":"raw","raw":"{\r\n   \"entrada\": {\r\n   \t    \"Telefone\":{\r\n   \t    \t\"DDI\":55,\r\n   \t    \t\"DDD\":11,\r\n   \t    \t\"Telefone\":1999998047\r\n   \t    },\r\n   \t    \"Variavel\":{\r\n   \t    \t\"nome\":\"CDN\",\r\n   \t    \t\"valor\":\"1\"\r\n   \t    },\r\n   \t    \"Sigla\":\"DU1\",\r\n   \t    \"Aplicacao\":\"ura-dealer\",\r\n   \t    \"TraceAtivo\":true,\r\n   \t    \"Usuario\":\"\",\r\n   \t    \"Inventario\":\"TLK000020005678\",\r\n   \t    \"Parametro\":\"\",\r\n   \t    \"Feature\":\"\"\r\n    }\r\n}"},"url":{"raw":"https://{{url_bre}}:443/DecisionService/rest/bre_hc8canaryrelease/1.0/parametrizacao","protocol":"https","host":["{{url_bre}}"],"port":"443","path":["DecisionService","rest","bre_hc8canaryrelease","1.0","parametrizacao"]}},"response":[]},{"name":"piloto=true, se DDD=31","event":[{"listen":"test","script":{"exec":["var json = JSON.parse(responseBody);\r","\r","pm.test(\"ListaFilaDerivacao.CDN = 1900\", function () {\r","    pm.expect(json.saida.ListaFilaDerivacao[0].CDN).to.eql(\"1900\");\r","});\r","\r","pm.test(\"ListaFilaDerivacao.RoutingPoint = 3073\", function () {\r","    pm.expect(json.saida.ListaFilaDerivacao[0].RoutingPoint).to.eql(\"3073\");\r","});\r",""],"type":"text/javascript","id":"1d724fd7-e60f-4d0d-bfa0-1099941ba3aa"}}],"id":"0664dffb-559a-4d73-b226-0a01135ad405","protocolProfileBehavior":{"disableBodyPruning":true},"request":{"auth":{"type":"noauth"},"method":"POST","header":[{"key":"Content-Type","name":"Content-Type","type":"text","value":"application/json"},{"key":"Accept","type":"text","value":"application/json"},{"key":"Authorization","type":"text","value":"Bearer {{client_bearer_bre}}"}],"body":{"mode":"raw","raw":"{\r\n   \"entrada\": {\r\n   \t    \"Telefone\":{\r\n   \t    \t\"DDI\":55,\r\n   \t    \t\"DDD\":31,\r\n   \t    \t\"Telefone\":999998047\r\n   \t    },\r\n   \t    \"Sigla\":\"DU1\",\r\n   \t    \"Aplicacao\":\"ura-dealer\",\r\n   \t    \"TraceAtivo\":true,\r\n   \t    \"Usuario\":\"\",\r\n   \t    \"Inventario\":\"\",\r\n   \t    \"Parametro\":\"\",\r\n   \t    \"Feature\":\"\"\r\n    }\r\n}"},"url":{"raw":"https://{{url_bre}}:443/DecisionService/rest/bre_hc8canaryrelease/1.0/parametrizacao","protocol":"https","host":["{{url_bre}}"],"port":"443","path":["DecisionService","rest","bre_hc8canaryrelease","1.0","parametrizacao"]}},"response":[]},{"name":"piloto=false, se DDD=11","event":[{"listen":"test","script":{"exec":["var json = JSON.parse(responseBody);\r","\r","pm.test(\"ListaFilaDerivacao.CDN = 1900\", function () {\r","    pm.expect(json.saida.ListaFilaDerivacao[0].CDN).to.eql(\"1900\");\r","});\r","\r","pm.test(\"ListaFilaDerivacao.RoutingPoint = 3073\", function () {\r","    pm.expect(json.saida.ListaFilaDerivacao[0].RoutingPoint).to.eql(\"3073\");\r","});\r",""],"type":"text/javascript","id":"22b7de8b-8902-4421-b7c3-be6593a5f32e"}}],"id":"b13a0a1f-facd-4aa9-ade6-e6b789ad33ca","protocolProfileBehavior":{"disableBodyPruning":true},"request":{"auth":{"type":"noauth"},"method":"POST","header":[{"key":"Content-Type","name":"Content-Type","type":"text","value":"application/json"},{"key":"Accept","type":"text","value":"application/json"},{"key":"Authorization","type":"text","value":"Bearer {{client_bearer_bre}}"}],"body":{"mode":"raw","raw":"{\r\n   \"entrada\": {\r\n   \t    \"Telefone\":{\r\n   \t    \t\"DDI\":55,\r\n   \t    \t\"DDD\":11,\r\n   \t    \t\"Telefone\":12345678\r\n   \t    },\r\n   \t    \"Sigla\":\"DU1\",\r\n   \t    \"Aplicacao\":\"ura-dealer\",\r\n   \t    \"TraceAtivo\":true,\r\n   \t    \"Usuario\":\"\",\r\n   \t    \"Inventario\":\"\",\r\n   \t    \"Parametro\":\"\",\r\n   \t    \"Feature\":\"\"\r\n    }\r\n}"},"url":{"raw":"https://{{url_bre}}:443/DecisionService/rest/bre_hc8canaryrelease/1.0/parametrizacao","protocol":"https","host":["{{url_bre}}"],"port":"443","path":["DecisionService","rest","bre_hc8canaryrelease","1.0","parametrizacao"]}},"response":[]},{"name":"feature = Udial ou HC8?","event":[{"listen":"test","script":{"exec":["var json = JSON.parse(responseBody);\r","\r","pm.test(\"ListaFilaDerivacao.CDN = 1900\", function () {\r","    pm.expect(json.saida.ListaFilaDerivacao[0].CDN).to.eql(\"1900\");\r","});\r","\r","pm.test(\"ListaFilaDerivacao.RoutingPoint = 3073\", function () {\r","    pm.expect(json.saida.ListaFilaDerivacao[0].RoutingPoint).to.eql(\"3073\");\r","});\r",""],"type":"text/javascript","id":"ef45baf0-c7c5-4928-be4c-92e1350b97d7"}}],"id":"b7cf9e60-ea3c-4e73-897c-738fba8162bc","protocolProfileBehavior":{"disableBodyPruning":true},"request":{"auth":{"type":"noauth"},"method":"POST","header":[{"key":"Content-Type","name":"Content-Type","type":"text","value":"application/json"},{"key":"Accept","type":"text","value":"application/json"},{"key":"Authorization","type":"text","value":"Bearer {{client_bearer_bre}}"}],"body":{"mode":"raw","raw":"{\r\n   \"entrada\": {\r\n   \t    \"Telefone\":{\r\n   \t    \t\"DDI\":55,\r\n   \t    \t\"DDD\":11,\r\n   \t    \t\"Telefone\":999998047\r\n   \t    },\r\n   \t    \"Variavel\":{\r\n   \t    \t\"nome\":\"CDN\",\r\n   \t    \t\"valor\":\"1234\"\r\n   \t    },\r\n   \t    \"Sigla\":\"DU1\",\r\n   \t    \"Aplicacao\":\"ura-dealer\",\r\n   \t    \"TraceAtivo\":true,\r\n   \t    \"Usuario\":\"\",\r\n   \t    \"Inventario\":\"\",\r\n   \t    \"Parametro\":\"\",\r\n   \t    \"Feature\":\"api-hc8\"\r\n    }\r\n}"},"url":{"raw":"https://{{url_bre}}:443/DecisionService/rest/bre_hc8canaryrelease/1.0/parametrizacao","protocol":"https","host":["{{url_bre}}"],"port":"443","path":["DecisionService","rest","bre_hc8canaryrelease","1.0","parametrizacao"]}},"response":[]},{"name":"parâmetro = url-api-hc8","event":[{"listen":"test","script":{"exec":["var json = JSON.parse(responseBody);\r","\r","pm.test(\"ListaFilaDerivacao.CDN = 1900\", function () {\r","    pm.expect(json.saida.ListaFilaDerivacao[0].CDN).to.eql(\"1900\");\r","});\r","\r","pm.test(\"ListaFilaDerivacao.RoutingPoint = 3073\", function () {\r","    pm.expect(json.saida.ListaFilaDerivacao[0].RoutingPoint).to.eql(\"3073\");\r","});\r",""],"type":"text/javascript","id":"95b26c28-b8ea-4a1c-bdb1-57a437eae761"}}],"id":"a8e89c0b-3cc6-427b-a988-533f3a3bc9e9","protocolProfileBehavior":{"disableBodyPruning":true},"request":{"auth":{"type":"noauth"},"method":"POST","header":[{"key":"Content-Type","name":"Content-Type","type":"text","value":"application/json"},{"key":"Accept","type":"text","value":"application/json"},{"key":"Authorization","type":"text","value":"Bearer {{client_bearer_bre}}"}],"body":{"mode":"raw","raw":"{\r\n   \"entrada\": {\r\n   \t    \"Telefone\":{\r\n   \t    \t\"DDI\":55,\r\n   \t    \t\"DDD\":11,\r\n   \t    \t\"Telefone\":999998047\r\n   \t    },\r\n   \t    \"Variavel\":{\r\n   \t    \t\"nome\":\"CDN\",\r\n   \t    \t\"valor\":\"1234\"\r\n   \t    },\r\n   \t    \"Sigla\":\"DU1\",\r\n   \t    \"Aplicacao\":\"ura-dealer\",\r\n   \t    \"TraceAtivo\":false,\r\n   \t    \"Usuario\":\"\",\r\n   \t    \"Inventario\":\"\",\r\n   \t    \"Parametro\":\"\",\r\n   \t    \"Feature\":\"\"\r\n    }\r\n}"},"url":{"raw":"https://{{url_bre}}:443/DecisionService/rest/bre_hc8canaryrelease/1.0/parametrizacao","protocol":"https","host":["{{url_bre}}"],"port":"443","path":["DecisionService","rest","bre_hc8canaryrelease","1.0","parametrizacao"]}},"response":[]},{"name":"parâmetro = FilaBolsao","event":[{"listen":"test","script":{"exec":["var json = JSON.parse(responseBody);\r","\r","pm.test(\"ListaFilaDerivacao.CDN = 1900\", function () {\r","    pm.expect(json.saida.ListaFilaDerivacao[0].CDN).to.eql(\"1900\");\r","});\r","\r","pm.test(\"ListaFilaDerivacao.RoutingPoint = 3073\", function () {\r","    pm.expect(json.saida.ListaFilaDerivacao[0].RoutingPoint).to.eql(\"3073\");\r","});\r",""],"type":"text/javascript","id":"955293b7-df43-483d-95c4-2419614de781"}}],"id":"cb072695-8faa-49fe-ac04-cb6af9d214a9","protocolProfileBehavior":{"disableBodyPruning":true},"request":{"auth":{"type":"noauth"},"method":"POST","header":[{"key":"Content-Type","name":"Content-Type","type":"text","value":"application/json"},{"key":"Accept","type":"text","value":"application/json"},{"key":"Authorization","type":"text","value":"Bearer {{client_bearer_bre}}"}],"body":{"mode":"raw","raw":"{\r\n   \"entrada\": {\r\n   \t    \"Telefone\":{\r\n   \t    \t\"DDI\":55,\r\n   \t    \t\"DDD\":11,\r\n   \t    \t\"Telefone\":999998047\r\n   \t    },\r\n   \t    \"Variavel\":{\r\n   \t    \t\"nome\":\"CDN\",\r\n   \t    \t\"valor\":\"1234\"\r\n   \t    },\r\n   \t    \"Sigla\":\"DU1\",\r\n   \t    \"Aplicacao\":\"ura-dealer\",\r\n   \t    \"TraceAtivo\":false,\r\n   \t    \"Usuario\":\"\",\r\n   \t    \"Inventario\":\"\",\r\n   \t    \"Parametro\":\"FilaBolsao\",\r\n   \t    \"Feature\":\"\"\r\n    }\r\n}"},"url":{"raw":"https://{{url_bre}}:443/DecisionService/rest/bre_hc8canaryrelease/1.0/parametrizacao","protocol":"https","host":["{{url_bre}}"],"port":"443","path":["DecisionService","rest","bre_hc8canaryrelease","1.0","parametrizacao"]}},"response":[]},{"name":"piloto=false, se Data=2010","event":[{"listen":"test","script":{"exec":["var json = JSON.parse(responseBody);\r","\r","pm.test(\"ListaFilaDerivacao.CDN = 1900\", function () {\r","    pm.expect(json.saida.ListaFilaDerivacao[0].CDN).to.eql(\"1900\");\r","});\r","\r","pm.test(\"ListaFilaDerivacao.RoutingPoint = 3073\", function () {\r","    pm.expect(json.saida.ListaFilaDerivacao[0].RoutingPoint).to.eql(\"3073\");\r","});\r",""],"type":"text/javascript","id":"c59fc377-7ae4-476c-a101-328447cec1b2"}}],"id":"d9570b47-4260-44cd-92c8-dd9ead334923","protocolProfileBehavior":{"disableBodyPruning":true},"request":{"auth":{"type":"noauth"},"method":"POST","header":[{"key":"Content-Type","name":"Content-Type","type":"text","value":"application/json"},{"key":"Accept","type":"text","value":"application/json"},{"key":"Authorization","type":"text","value":"Bearer {{client_bearer_bre}}"}],"body":{"mode":"raw","raw":"{\r\n   \"entrada\": {\r\n   \t    \"Telefone\":{\r\n   \t    \t\"DDI\":55,\r\n   \t    \t\"DDD\":11,\r\n   \t    \t\"Telefone\":22222222\r\n   \t    },\r\n   \t    \"ListaVariavel\":[{\r\n   \t    \t\"nome\":\"CDN\",\r\n   \t    \t\"valor\":\"1234\"\r\n   \t    }],\r\n   \t    \"Sigla\":\"DU1\",\r\n   \t    \"Aplicacao\":\"ura-dealer\",\r\n   \t    \"Data\": \"2010-09-01T13:17:00.000+0000\",\r\n   \t    \"TraceAtivo\":false,\r\n   \t    \"Usuario\":\"\",\r\n   \t    \"Inventario\":\"\",\r\n   \t    \"Parametro\":\"\",\r\n   \t    \"xFeature\":\"CargaOnline\"\r\n    }\r\n}"},"url":{"raw":"https://{{url_bre}}:443/DecisionService/rest/bre_hc8canaryrelease/1.0/parametrizacao","protocol":"https","host":["{{url_bre}}"],"port":"443","path":["DecisionService","rest","bre_hc8canaryrelease","1.0","parametrizacao"]}},"response":[]}],"id":"266036a4-cee7-4953-ba85-080aafd83627"}],"id":"ac72e474-8a75-452c-882c-ebaf7e7a9ea2"}]}