{"info":{"_postman_id":"c5aaa7ce-140e-499a-984b-3e8e877bac07","name":"HC8 - API","schema":"https://schema.getpostman.com/json/collection/v2.1.0/collection.json"},"item":[{"name":"API Front","item":[{"name":"Dev","item":[],"id":"95e46fd8-caea-4b99-8b83-28e6e2af9cc2"},{"name":"Hom","item":[],"id":"24709eb5-3e95-4324-9abe-4d8bd5f8d0a2"}],"id":"292bdb1d-1bf9-4d2a-b6bd-fe5457843a4c"},{"name":"API Historico","item":[{"name":"Dev","item":[],"id":"b693e68b-9e14-4d0f-9196-602d8551f72e"},{"name":"Hom","item":[],"id":"e00afa70-3669-4ac7-a301-04f26a268930"}],"id":"9fd1beab-50f7-48a2-a2e2-9f0172159e58"},{"name":"STS","item":[{"name":"Dev","item":[{"name":"https://des-sts-int.mbi.cloud.ihf/api/oauth/token ","event":[{"listen":"test","script":{"id":"1dde681a-19cf-4a9b-a057-fb5a448374e5","exec":["var jsonData = JSON.parse(responseBody);\r","postman.setEnvironmentVariable(\"token\", jsonData.access_token);\r","pm.test(\"response is ok\", function () {\r","    pm.response.to.have.status(200);\r","});"],"type":"text/javascript"}}],"id":"d87231e4-bc49-4abf-8ec4-f51405a044ee","protocolProfileBehavior":{"disableBodyPruning":true},"request":{"method":"POST","header":[{"key":"Content-Type","name":"Content-Type","value":"application/x-www-form-urlencoded","type":"text"},{"key":"x-itau-flowID","value":"0","disabled":true},{"key":"x-itau-correlationID","value":"1","disabled":true}],"body":{"mode":"urlencoded","urlencoded":[{"key":"grant_type","value":"client_credentials","type":"text"},{"key":"client_id","value":"63c4f0ac-1de0-4e55-bd23-0d2b5175b287","type":"text"},{"key":"client_secret","value":"89d6f22f-e0b9-4e57-8e16-c7770a496c7c","type":"text"}]},"url":{"raw":"https://des-sts-int.mbi.cloud.ihf/api/oauth/token","protocol":"https","host":["des-sts-int","mbi","cloud","ihf"],"path":["api","oauth","token"]},"description":"Chamada para STS de Desenvolvimento\n\nHC8-P (API frontend)\n----------------------\nDES\nClient ID: 63c4f0ac-1de0-4e55-bd23-0d2b5175b287\n\nClient Secret: 89d6f22f-e0b9-4e57-8e16-c7770a496c7c\n\nClient Secret Criptografado: 12c174a7ce67ffab65e3181de83e227b5d35a76b19e61107fed58c7e3da24cd4fce8910d3315e029f151af34296a627b\n"},"response":[]}],"id":"844d43a1-5505-43d1-89a2-c01ff053c6c0"},{"name":"Hom","item":[{"name":"https://hom-sts-int.mbi.cloud.ihf/api/oauth/token ","event":[{"listen":"test","script":{"id":"99c97c63-f9a2-4c19-b314-f0b0f2e55c45","exec":["var jsonData = JSON.parse(responseBody);\r","postman.setEnvironmentVariable(\"token\", jsonData.access_token);\r","pm.test(\"response is ok\", function () {\r","    pm.response.to.have.status(200);\r","});"],"type":"text/javascript"}}],"id":"6c2ef56c-b521-4b43-a708-96b4ce353836","protocolProfileBehavior":{"disableBodyPruning":true},"request":{"method":"POST","header":[{"key":"Content-Type","name":"Content-Type","value":"application/x-www-form-urlencoded","type":"text"},{"key":"x-itau-flowID","value":"0","disabled":true},{"key":"x-itau-correlationID","value":"1","disabled":true}],"body":{"mode":"urlencoded","urlencoded":[{"key":"grant_type","value":"client_credentials","type":"text"},{"key":"client_id","value":"7656c092-deb5-4dc1-9339-100c093400ef","type":"text"},{"key":"client_secret","value":"cbfb5ce7-8a2b-4b21-8005-951499a0e3f2","type":"text"}]},"url":{"raw":"https://hom-sts-int.mbi.cloud.ihf/api/oauth/token","protocol":"https","host":["hom-sts-int","mbi","cloud","ihf"],"path":["api","oauth","token"]},"description":"Chamada para STS de Homologacao\n\nHC8-P (API frontend)\n----------------------\nClient ID: 7656c092-deb5-4dc1-9339-100c093400ef\n\nClient Secret: cbfb5ce7-8a2b-4b21-8005-951499a0e3f2\n\nClient Secret Criptografado: 7dc039e5777aeb3de77d962cd71b20f4ccb8e64ed7d25f3100c64262cdfb993f29ae5e80bf64bf3c6a9748d598ac98e9\n"},"response":[]}],"id":"23a7157d-6f04-432c-a22d-b673eabee215"}],"id":"583de20f-c449-4647-a811-0fd4c86a83cf"}]}