{"info":{"_postman_id":"cc8a9fdb-cae7-4ae8-a49f-aa39f1ec3118","name":"Rascunho","schema":"https://schema.getpostman.com/json/collection/v2.1.0/collection.json"},"item":[{"name":"POST Microsoft","id":"d0df677f-4edd-41de-9305-f916f59c4130","protocolProfileBehavior":{"disableBodyPruning":true},"request":{"method":"GET","header":[]},"response":[]},{"name":"POST Microsoft Copy","id":"55d21574-a203-4ce3-a972-6f4a22ffb62f","protocolProfileBehavior":{"disableBodyPruning":true},"request":{"method":"GET","header":[]},"response":[]}]}