{"info":{"_postman_id":"ccb4eb69-5fe4-4bf6-9100-b55a7ffeeea2","name":"HC8 login sts","description":"Realiza o login no STS, do client_id utilizado no HC8","schema":"https://schema.getpostman.com/json/collection/v2.1.0/collection.json"},"item":[{"name":"HC8 LOGIN","event":[{"listen":"test","script":{"id":"c7cfca7e-01e1-4734-a16b-510468b6e2d9","exec":["var jsonData = JSON.parse(responseBody);\r","\r","\r","pm.test(\"Status code is 200\", function () {\r","    pm.response.to.have.status(200);});\r","\r","pm.environment.set(\"client_bearer\", jsonData.access_token);"],"type":"text/javascript"}},{"listen":"prerequest","script":{"id":"e1b4ee8e-61e1-4862-a2e6-88df54111aa7","exec":[""],"type":"text/javascript"}}],"id":"1f7ca50e-c41a-4f7f-9c52-0cad4bf490e6","protocolProfileBehavior":{"disableBodyPruning":true},"request":{"method":"POST","header":[{"key":"Content-Type","name":"Content-Type","type":"text","value":"application/x-www-form-urlencoded"},{"key":"Accept","type":"text","value":"application/json"}],"body":{"mode":"urlencoded","urlencoded":[{"key":"grant_type","value":"client_credentials","type":"text"},{"key":"client_id","value":"{{client_id}}","type":"text"},{"key":"client_secret","value":"{{client_secret}}","type":"text"}]},"url":{"raw":"https://{{url_sts}}/api/oauth/token","protocol":"https","host":["{{url_sts}}"],"path":["api","oauth","token"]},"description":"Chamada para STS\n"},"response":[]},{"name":"HC8 LOGIN HC8-P (API frontend)","event":[{"listen":"test","script":{"id":"d0e20855-7850-420d-963f-257145b478c3","exec":["var jsonData = JSON.parse(responseBody);\r","\r","\r","pm.test(\"Status code is 200\", function () {\r","    pm.response.to.have.status(200);});\r","\r","pm.environment.set(\"client_bearer\", jsonData.access_token);"],"type":"text/javascript"}},{"listen":"prerequest","script":{"id":"7a122f20-4376-4063-9c0d-c9b42411e497","exec":[""],"type":"text/javascript"}}],"id":"1fb2dbca-7e05-492d-8df7-1c0862c118e1","protocolProfileBehavior":{"disableBodyPruning":true},"request":{"method":"POST","header":[{"key":"Content-Type","name":"Content-Type","type":"text","value":"application/x-www-form-urlencoded"},{"key":"Accept","type":"text","value":"application/json"}],"body":{"mode":"urlencoded","urlencoded":[{"key":"grant_type","value":"client_credentials","type":"text"},{"key":"client_id","value":"{{HC8-P.client_id}}","type":"text"},{"key":"client_secret","value":"{{HC8-P.client_secret}}","type":"text"}]},"url":{"raw":"https://{{url_sts}}/api/oauth/token","protocol":"https","host":["{{url_sts}}"],"path":["api","oauth","token"]},"description":"Chamada para STS\n"},"response":[]},{"name":"FU5 Login","event":[{"listen":"test","script":{"id":"f22434f6-cb2a-4d68-8c77-16a1af3747d1","exec":["var jsonData = JSON.parse(responseBody);\r","\r","\r","pm.test(\"Status code is 200\", function () {\r","    pm.response.to.have.status(200);});\r","\r","pm.environment.set(\"fu5_client_bearer\", jsonData.access_token);"],"type":"text/javascript"}},{"listen":"prerequest","script":{"id":"91aac0aa-fc99-469e-9190-0258d70d3ff8","exec":[""],"type":"text/javascript"}}],"id":"39c68b5b-0e0d-4687-bf86-518c5c0766a1","protocolProfileBehavior":{"disableBodyPruning":true},"request":{"method":"POST","header":[{"key":"Content-Type","name":"Content-Type","type":"text","value":"application/x-www-form-urlencoded"},{"key":"Accept","type":"text","value":"application/json"}],"body":{"mode":"urlencoded","urlencoded":[{"key":"grant_type","value":"client_credentials","type":"text"},{"key":"client_id","value":"{{fu5_client_id}}","type":"text"},{"key":"client_secret","value":"{{fu5_client_secret}}","type":"text"}]},"url":{"raw":"https://{{url_sts}}/api/oauth/token","protocol":"https","host":["{{url_sts}}"],"path":["api","oauth","token"]},"description":"Chamada para STS\n"},"response":[]},{"name":"LOGIN BRE","event":[{"listen":"test","script":{"id":"9e43ea9b-056f-4697-8926-944d3d90c9c0","exec":["var jsonData = JSON.parse(responseBody);\r","\r","\r","pm.test(\"Status code is 200\", function () {\r","    pm.response.to.have.status(200);});\r","\r","pm.environment.set(\"client_bearer_bre\", jsonData.access_token);"],"type":"text/javascript"}},{"listen":"prerequest","script":{"id":"dd45cc65-688c-4033-98ca-c8d83a9bf22c","exec":[""],"type":"text/javascript"}}],"id":"f01be1b7-bb45-426a-b70a-d875ba42fd3a","protocolProfileBehavior":{"disableBodyPruning":true},"request":{"method":"POST","header":[{"key":"Content-Type","name":"Content-Type","type":"text","value":"application/x-www-form-urlencoded"},{"key":"Accept","type":"text","value":"application/json"}],"body":{"mode":"urlencoded","urlencoded":[{"key":"grant_type","value":"client_credentials","type":"text"},{"key":"client_id","value":"{{client_id_bre}}","type":"text"},{"key":"client_secret","value":"{{client_secret_bre}}","type":"text"}]},"url":{"raw":"https://{{url_sts}}/api/oauth/token","protocol":"https","host":["{{url_sts}}"],"path":["api","oauth","token"]},"description":"Chamada para STS\n"},"response":[]},{"name":"LOGIN BRE (RSA)","event":[{"listen":"test","script":{"id":"1eb9b84d-fbc4-4f94-9947-6d21caad13c8","exec":["var jsonData = JSON.parse(responseBody);\r","\r","\r","pm.test(\"Status code is 200\", function () {\r","    pm.response.to.have.status(200);});\r","\r","pm.environment.set(\"hc8_bearer_bre_rsa\", jsonData.access_token);"],"type":"text/javascript"}},{"listen":"prerequest","script":{"id":"f018caea-0601-4d1a-ab4f-81c69746b378","exec":[""],"type":"text/javascript"}}],"id":"b73a0cb0-25a0-41b9-a46f-c568334b9661","protocolProfileBehavior":{"disableBodyPruning":true},"request":{"method":"POST","header":[{"key":"Content-Type","name":"Content-Type","type":"text","value":"application/x-www-form-urlencoded"},{"key":"Accept","type":"text","value":"application/json"}],"body":{"mode":"urlencoded","urlencoded":[{"key":"grant_type","value":"client_credentials","type":"text"},{"key":"client_id","value":"{{hc8_client_id_bre_rsa}}","type":"text"},{"key":"client_secret","value":"{{hc8_client_secret_bre_rsa}}","type":"text"}]},"url":{"raw":"https://{{url_sts}}/api/oauth/token","protocol":"https","host":["{{url_sts}}"],"path":["api","oauth","token"]},"description":"Chamada para STS\n"},"response":[]},{"name":"TOKEN INFO","event":[{"listen":"test","script":{"id":"b3251587-9f45-4589-a238-f38067da3a56","exec":["var json = JSON.parse(responseBody);\r","\r","pm.test(\"expires_in = 300\", function () {\r","    pm.expect(json.expires_in).not.to.eql(0);\r","});"],"type":"text/javascript"}}],"id":"2e470801-351f-4a77-92b6-9d32cd7d7432","protocolProfileBehavior":{"disableBodyPruning":true},"request":{"method":"GET","header":[{"key":"Content-Type","name":"Content-Type","type":"text","value":"application/x-www-form-urlencoded"}],"body":{"mode":"urlencoded","urlencoded":[{"key":"access_token","value":"{{client_bearer}}","type":"text"}]},"url":{"raw":"https://{{url_sts}}/api/oauth/tokeninfo","protocol":"https","host":["{{url_sts}}"],"path":["api","oauth","tokeninfo"]}},"response":[]}]}