{"info":{"_postman_id":"d58aa6b9-07c4-489d-a5a9-873b3c843ce0","name":"BRE-Seguros","schema":"https://schema.getpostman.com/json/collection/v2.1.0/collection.json"},"item":[{"name":"Seguros","item":[{"name":"1.0","item":[{"name":"PF","item":[{"name":"0000_0071 (api gateway)","event":[{"listen":"test","script":{"id":"4746918b-b095-4325-ae9d-b2db4a76b084","exec":["var json = JSON.parse(responseBody);\r","\r","pm.test(\"ListaFilaDerivacao.CDN = 0000\", function () {\r","    pm.expect(json.saida.ListaFilaDerivacao[0].CDN).to.eql(\"0000\");\r","});\r","\r","pm.test(\"ListaFilaDerivacao.RoutingPoint = 0071\", function () {\r","    pm.expect(json.saida.ListaFilaDerivacao[0].RoutingPoint).to.eql(\"0071\");\r","});\r",""],"type":"text/javascript"}}],"id":"acfcd1a5-090e-4679-9996-93c2a5abc0e6","protocolProfileBehavior":{"disableBodyPruning":true},"request":{"auth":{"type":"noauth"},"method":"POST","header":[{"key":"Content-Type","value":"application/json","type":"text"},{"key":"Accept","value":"application/json","type":"text"},{"key":"Authorization","value":"Bearer {{hc8_bearer_bre_rsa}}","type":"text"},{"key":"x-itau-apikey","value":"{{hc8_client_id_bre_rsa}}","type":"text"},{"key":"x-itau-flowID","value":"{{$guid}}","type":"text"},{"key":"x-itau-correlationID","value":"{{$guid}}","type":"text"}],"body":{"mode":"raw","raw":"{\n    \"entrada\": {\n        \"Org\": \"\",\n        \"Admin\": \"\",\n        \"CDN\": \"4444\",\n        \"URA\": {\n            \"Ip\": \"\",\n            \"Porta\": \"\",\n            \"Feriado\": \"\"\n        },\n        \"Menu\": {\n            \"Arvore\": \"SG\",\n            \"Visivel\": \"\",\n            \"Digitacao\": \"3223\"\n        },\n        \"TipoPessoa\": \"F\",\n        \"Data\":\"19092021\",\n        \"Hora\":\"230000\",\n        \"DiaSemana\":\"Domingo\"\n    }\n}"},"url":{"raw":"https://{{url_api_gateway}}/bre_seguros/1.0/saida_seguros","protocol":"https","host":["{{url_api_gateway}}"],"path":["bre_seguros","1.0","saida_seguros"]}},"response":[]},{"name":"0000_0071","event":[{"listen":"test","script":{"id":"e9fdfb09-23a8-4fb2-81b4-8e913a256ab5","exec":["var json = JSON.parse(responseBody);\r","\r","pm.test(\"ListaFilaDerivacao.CDN = 0000\", function () {\r","    pm.expect(json.saida.ListaFilaDerivacao[0].CDN).to.eql(\"0000\");\r","});\r","\r","pm.test(\"ListaFilaDerivacao.RoutingPoint = 0071\", function () {\r","    pm.expect(json.saida.ListaFilaDerivacao[0].RoutingPoint).to.eql(\"0071\");\r","});\r",""],"type":"text/javascript"}}],"id":"f50ad554-3d79-4581-ade5-0693a1c2b909","protocolProfileBehavior":{"disableBodyPruning":true},"request":{"auth":{"type":"noauth"},"method":"POST","header":[{"key":"Content-Type","name":"Content-Type","type":"text","value":"application/json"},{"key":"Accept","type":"text","value":"application/json"},{"key":"Authorization","type":"text","value":"Bearer {{client_bearer_bre}}"}],"body":{"mode":"raw","raw":"{\n    \"entrada\": {\n        \"Org\": \"\",\n        \"Admin\": \"\",\n        \"CDN\": \"4444\",\n        \"URA\": {\n            \"Ip\": \"\",\n            \"Porta\": \"\",\n            \"Feriado\": \"\"\n        },\n        \"Menu\": {\n            \"Arvore\": \"SG\",\n            \"Visivel\": \"\",\n            \"Digitacao\": \"3223\"\n        },\n        \"TipoPessoa\": \"F\",\n        \"Data\":\"04062021\",\n        \"Hora\":\"230000\",\n        \"DiaSemana\":\"Domingo\"\n    }\n}"},"url":{"raw":"https://{{url_bre}}:443/DecisionService/rest/bre_seguros/1.0/saida_seguros","protocol":"https","host":["{{url_bre}}"],"port":"443","path":["DecisionService","rest","bre_seguros","1.0","saida_seguros"]}},"response":[]},{"name":"0000_0071 Copy","event":[{"listen":"test","script":{"id":"e6dc9c80-6807-4228-8c63-920d19b184d8","exec":["var json = JSON.parse(responseBody);\r","\r","pm.test(\"ListaFilaDerivacao.CDN = 0000\", function () {\r","    pm.expect(json.saida.ListaFilaDerivacao[0].CDN).to.eql(\"0000\");\r","});\r","\r","pm.test(\"ListaFilaDerivacao.RoutingPoint = 0071\", function () {\r","    pm.expect(json.saida.ListaFilaDerivacao[0].RoutingPoint).to.eql(\"0071\");\r","});\r",""],"type":"text/javascript"}}],"id":"e09c4fce-9c52-4865-8485-150f80c2a91c","protocolProfileBehavior":{"disableBodyPruning":true},"request":{"auth":{"type":"noauth"},"method":"POST","header":[{"key":"Content-Type","name":"Content-Type","type":"text","value":"application/json"},{"key":"Accept","type":"text","value":"application/json"},{"key":"Authorization","type":"text","value":"Bearer {{client_bearer_bre}}"}],"body":{"mode":"raw","raw":"{\n    \"entrada\": {\n        \"Org\": \"\",\n        \"Admin\": \"\",\n        \"CDN\": \"4444\",\n        \"URA\": {\n            \"Ip\": \"\",\n            \"Porta\": \"\",\n            \"Feriado\": \"\"\n        },\n        \"Menu\": {\n            \"Arvore\": \"SG\",\n            \"Visivel\": \"\",\n            \"Digitacao\": \"3223\"\n        },\n        \"TipoPessoa\": \"F\",\n        \"Data\":\"19/09/2021\",\n        \"Hora\":\"230000\",\n        \"DiaSemana\":\"Domingo\"\n    }\n}"},"url":{"raw":"https://{{url_bre}}:443/DecisionService/rest/bre_seguros/1.0/saida_seguros","protocol":"https","host":["{{url_bre}}"],"port":"443","path":["DecisionService","rest","bre_seguros","1.0","saida_seguros"]}},"response":[]},{"name":"OPCAO_DIG=342","event":[{"listen":"test","script":{"id":"66fbd61d-d702-46b4-bfaa-fbff7fbae2e2","exec":["var json = JSON.parse(responseBody);\r","\r","pm.test(\"ListaFilaDerivacao.CDN = 0000\", function () {\r","    pm.expect(json.saida.ListaFilaDerivacao[0].CDN).to.eql(\"0000\");\r","});\r","\r","pm.test(\"ListaFilaDerivacao.RoutingPoint = 0071\", function () {\r","    pm.expect(json.saida.ListaFilaDerivacao[0].RoutingPoint).to.eql(\"0071\");\r","});\r",""],"type":"text/javascript"}}],"id":"536f44db-b1b3-4adf-8008-9c0956f6f6d1","protocolProfileBehavior":{"disableBodyPruning":true},"request":{"auth":{"type":"noauth"},"method":"POST","header":[{"key":"Content-Type","name":"Content-Type","type":"text","value":"application/json"},{"key":"Accept","type":"text","value":"application/json"},{"key":"Authorization","type":"text","value":"Bearer {{client_bearer_bre}}"}],"body":{"mode":"raw","raw":"{\n    \"entrada\": {\n        \"Org\": \"\",\n        \"Admin\": \"\",\n        \"CDN\": \"4444\",\n        \"URA\": {\n            \"Ip\": \"\",\n            \"Porta\": \"\",\n            \"Feriado\": \"\"\n        },\n        \"Menu\": {\n            \"Arvore\": \"SG\",\n            \"Visivel\": \"\",\n            \"Digitacao\": \"342\"\n        },\n        \"TipoPessoa\": \"F\",\n        \"Data\":\"04/06/2021\",\n        \"Hora\":\"23:00:00\",\n        \"DiaSemana\":\"Domingo\"\n    }\n}"},"url":{"raw":"https://{{url_bre}}:443/DecisionService/rest/bre_seguros/1.0/saida_seguros","protocol":"https","host":["{{url_bre}}"],"port":"443","path":["DecisionService","rest","bre_seguros","1.0","saida_seguros"]}},"response":[]},{"name":"CDN=1111 (retorno vazio)","event":[{"listen":"test","script":{"id":"fb722e4e-7eae-4922-91aa-a1716cde91b9","exec":["var json = JSON.parse(responseBody);\r","\r","pm.test(\"ListaFilaDerivacao.CDN = 0000\", function () {\r","    pm.expect(json.saida.ListaFilaDerivacao[0].CDN).to.eql(\"0000\");\r","});\r","\r","pm.test(\"ListaFilaDerivacao.RoutingPoint = 0071\", function () {\r","    pm.expect(json.saida.ListaFilaDerivacao[0].RoutingPoint).to.eql(\"0071\");\r","});\r",""],"type":"text/javascript"}}],"id":"cba09eb4-4665-4538-bf92-1360b2bf2e29","protocolProfileBehavior":{"disableBodyPruning":true},"request":{"auth":{"type":"noauth"},"method":"POST","header":[{"key":"Content-Type","name":"Content-Type","type":"text","value":"application/json"},{"key":"Accept","type":"text","value":"application/json"},{"key":"Authorization","type":"text","value":"Bearer {{client_bearer_bre}}"}],"body":{"mode":"raw","raw":"{\n    \"entrada\": {\n        \"Org\": \"\",\n        \"Admin\": \"\",\n        \"CDN\": \"1111\",\n        \"URA\": {\n            \"Ip\": \"\",\n            \"Porta\": \"\",\n            \"Feriado\": \"\"\n        },\n        \"Menu\": {\n            \"Arvore\": \"SG\",\n            \"Visivel\": \"\",\n            \"Digitacao\": \"3223\"\n        },\n        \"TipoPessoa\": \"F\",\n        \"Data\":\"04062021\",\n        \"Hora\":\"230000\",\n        \"DiaSemana\":\"Domingo\"\n    }\n}"},"url":{"raw":"https://{{url_bre}}:443/DecisionService/rest/bre_seguros/1.0/saida_seguros","protocol":"https","host":["{{url_bre}}"],"port":"443","path":["DecisionService","rest","bre_seguros","1.0","saida_seguros"]}},"response":[]},{"name":"1133_8506","event":[{"listen":"test","script":{"id":"0be38140-923b-4b8f-8610-289e644ded5c","exec":["var json = JSON.parse(responseBody);\r","\r","pm.test(\"ListaFilaDerivacao.CDN = 1133\", function () {\r","    pm.expect(json.saida.ListaFilaDerivacao[0].CDN).to.eql(\"1133\");\r","});\r","\r","pm.test(\"ListaFilaDerivacao.RoutingPoint = 8506\", function () {\r","    pm.expect(json.saida.ListaFilaDerivacao[0].RoutingPoint).to.eql(\"8506\");\r","});\r",""],"type":"text/javascript"}}],"id":"baaaf237-c92b-4d0b-9ba5-d98f8f4309c0","protocolProfileBehavior":{"disableBodyPruning":true},"request":{"auth":{"type":"noauth"},"method":"POST","header":[{"key":"Content-Type","name":"Content-Type","type":"text","value":"application/json"},{"key":"Accept","type":"text","value":"application/json"},{"key":"Authorization","type":"text","value":"Bearer {{client_bearer_bre}}"}],"body":{"mode":"raw","raw":"{\n    \"entrada\": {\n        \"Org\": \"\",\n        \"Admin\": \"\",\n        \"CDN\": \"4444\",\n        \"URA\": {\n            \"Ip\": \"\",\n            \"Porta\": \"\",\n            \"Feriado\": \"\"\n        },\n        \"Menu\": {\n            \"Arvore\": \"SG\",\n            \"Visivel\": \"\",\n            \"Digitacao\": \"3228\"\n        },\n        \"TipoPessoa\": \"F\",\n        \"Data\":\"04062021\",\n        \"Hora\":\"190000\",\n        \"DiaSemana\":\"Sexta\"\n    }\n}"},"url":{"raw":"https://{{url_bre}}:443/DecisionService/rest/bre_seguros/1.0/saida_seguros","protocol":"https","host":["{{url_bre}}"],"port":"443","path":["DecisionService","rest","bre_seguros","1.0","saida_seguros"]}},"response":[]}],"id":"d934fb84-b674-410a-8691-a91e7f528f22"},{"name":"PJ","item":[{"name":"VDN 0019 (digitado 2222)","event":[{"listen":"test","script":{"id":"70046d55-cb87-43a3-8c0a-c243effde720","exec":["var json = JSON.parse(responseBody);\r","\r","pm.test(\"ListaFilaDerivacao.CDN = 0000\", function () {\r","    pm.expect(json.saida.ListaFilaDerivacao[0].CDN).to.eql(\"0000\");\r","});\r","\r","pm.test(\"ListaFilaDerivacao.RoutingPoint = 0019\", function () {\r","    pm.expect(json.saida.ListaFilaDerivacao[0].RoutingPoint).to.eql(\"0019\");\r","});\r",""],"type":"text/javascript"}}],"id":"db965dea-6b76-4f03-9709-5264d66d2e3a","protocolProfileBehavior":{"disableBodyPruning":true},"request":{"auth":{"type":"noauth"},"method":"POST","header":[{"key":"Content-Type","name":"Content-Type","type":"text","value":"application/json"},{"key":"Accept","type":"text","value":"application/json"},{"key":"Authorization","type":"text","value":"Bearer {{client_bearer_bre}}"}],"body":{"mode":"raw","raw":"{\n    \"entrada\": {\n        \"Org\": \"\",\n        \"Admin\": \"\",\n        \"CDN\": \"4444\",\n        \"URA\": {\n            \"hostname\": \"1.1.1.1\",\n            \"Porta\": \"\",\n            \"Feriado\": \"\"\n        },\n        \"Menu\": {\n            \"Arvore\": \"SG\",\n            \"Visivel\": \"\",\n            \"Digitacao\": \"2222\"\n        },\n        \"TipoPessoa\": \"J\",\n        \"Data\":\"04062021\",\n        \"Hora\":\"190000\",\n        \"DiaSemana\":\"Sexta\"\n        \n    }\n}"},"url":{"raw":"https://{{url_bre}}:443/DecisionService/rest/bre_seguros/1.0/saida_seguros","protocol":"https","host":["{{url_bre}}"],"port":"443","path":["DecisionService","rest","bre_seguros","1.0","saida_seguros"]}},"response":[]},{"name":"VDN 0071 (digitado 2223)","event":[{"listen":"test","script":{"id":"10e18a6e-3b4d-4644-b69f-bb70b1c84c6a","exec":["var json = JSON.parse(responseBody);\r","\r","pm.test(\"ListaFilaDerivacao.CDN = 0000\", function () {\r","    pm.expect(json.saida.ListaFilaDerivacao[0].CDN).to.eql(\"0000\");\r","});\r","\r","pm.test(\"ListaFilaDerivacao.RoutingPoint = 0071\", function () {\r","    pm.expect(json.saida.ListaFilaDerivacao[0].RoutingPoint).to.eql(\"0071\");\r","});\r",""],"type":"text/javascript"}}],"id":"da8971f7-ee5c-4521-bd12-ab4d48ee4cc7","protocolProfileBehavior":{"disableBodyPruning":true},"request":{"auth":{"type":"noauth"},"method":"POST","header":[{"key":"Content-Type","name":"Content-Type","type":"text","value":"application/json"},{"key":"Accept","type":"text","value":"application/json"},{"key":"Authorization","type":"text","value":"Bearer {{client_bearer_bre}}"}],"body":{"mode":"raw","raw":"{\n    \"entrada\": {\n        \"Org\": \"\",\n        \"Admin\": \"\",\n        \"CDN\": \"4444\",\n        \"URA\": {\n            \"Ip\": \"\",\n            \"Porta\": \"\",\n            \"Feriado\": \"\"\n        },\n        \"Menu\": {\n            \"Arvore\": \"SG\",\n            \"Visivel\": \"\",\n            \"Digitacao\": \"2223\"\n        },\n        \"TipoPessoa\": \"J\",\n        \"Data\":\"04062021\",\n        \"Hora\":\"190000\",\n        \"DiaSemana\":\"Sexta\"\n    }\n}"},"url":{"raw":"https://{{url_bre}}:443/DecisionService/rest/bre_seguros/1.0/saida_seguros","protocol":"https","host":["{{url_bre}}"],"port":"443","path":["DecisionService","rest","bre_seguros","1.0","saida_seguros"]}},"response":[]}],"id":"b51e373e-36a3-4c26-80bf-30552c6e70ed"},{"name":"Default","item":[{"name":"Consorcio | CDN 5503 e 5403","event":[{"listen":"test","script":{"id":"f6442055-2823-4ebe-929f-f13634281361","exec":["var json = JSON.parse(responseBody);\r","\r","pm.test(\"ListaFilaDerivacao.CDN = 1685\", function () {\r","    pm.expect(json.saida.ListaFilaDerivacao[0].CDN).to.eql(\"1685\");\r","});\r","\r","pm.test(\"ListaFilaDerivacao.RoutingPoint = 8506\", function () {\r","    pm.expect(json.saida.ListaFilaDerivacao[0].RoutingPoint).to.eql(\"8506\");\r","});\r",""],"type":"text/javascript"}}],"id":"c751616f-268f-441a-8b9c-36a4e7ee4b08","protocolProfileBehavior":{"disableBodyPruning":true},"request":{"auth":{"type":"noauth"},"method":"POST","header":[{"key":"Content-Type","name":"Content-Type","type":"text","value":"application/json"},{"key":"Accept","type":"text","value":"application/json"},{"key":"Authorization","type":"text","value":"Bearer {{client_bearer_bre}}"}],"body":{"mode":"raw","raw":"{\n    \"entrada\": {\n        \"Org\": \"\",\n        \"Admin\": \"\",\n        \"CDN\": \"5503\",\n        \"URA\": {\n            \"Ip\": \"\",\n            \"Porta\": \"\",\n            \"Feriado\": \"\"\n        },\n        \"Menu\": {\n            \"Arvore\": \"SG\",\n            \"Visivel\": \"\",\n            \"Digitacao\": \"\"\n        },\n        \"TipoPessoa\": \"F\",\n        \"Data\":\"04062021\",\n        \"Hora\":\"190000\",\n        \"DiaSemana\":\"Sexta\"\n    }\n}"},"url":{"raw":"https://{{url_bre}}:443/DecisionService/rest/bre_seguros/1.0/saida_seguros","protocol":"https","host":["{{url_bre}}"],"port":"443","path":["DecisionService","rest","bre_seguros","1.0","saida_seguros"]}},"response":[]},{"name":"Consultor CDN 8800","event":[{"listen":"test","script":{"id":"20148f1d-d24f-43c9-bb1d-0082c2284f66","exec":["var json = JSON.parse(responseBody);\r","\r","pm.test(\"ListaFilaDerivacao.CDN = 1640\", function () {\r","    pm.expect(json.saida.ListaFilaDerivacao[0].CDN).to.eql(\"1640\");\r","});\r","\r","pm.test(\"ListaFilaDerivacao.RoutingPoint = 8506\", function () {\r","    pm.expect(json.saida.ListaFilaDerivacao[0].RoutingPoint).to.eql(\"8506\");\r","});\r",""],"type":"text/javascript"}}],"id":"a5ae70c8-30de-410d-92a3-2a9ed4bf5c3c","protocolProfileBehavior":{"disableBodyPruning":true},"request":{"auth":{"type":"noauth"},"method":"POST","header":[{"key":"Content-Type","name":"Content-Type","type":"text","value":"application/json"},{"key":"Accept","type":"text","value":"application/json"},{"key":"Authorization","type":"text","value":"Bearer {{client_bearer_bre}}"}],"body":{"mode":"raw","raw":"{\n    \"entrada\": {\n        \"Org\": \"\",\n        \"Admin\": \"\",\n        \"CDN\": \"8800\",\n        \"URA\": {\n            \"Ip\": \"\",\n            \"Porta\": \"\",\n            \"Feriado\": \"\"\n        },\n        \"Menu\": {\n            \"Arvore\": \"SG\",\n            \"Visivel\": \"\",\n            \"Digitacao\": \"\"\n        },\n        \"TipoPessoa\": \"F\",\n        \"Data\":\"04062021\",\n        \"Hora\":\"190000\",\n        \"DiaSemana\":\"Sexta\"\n    }\n}"},"url":{"raw":"https://{{url_bre}}:443/DecisionService/rest/bre_seguros/1.0/saida_seguros","protocol":"https","host":["{{url_bre}}"],"port":"443","path":["DecisionService","rest","bre_seguros","1.0","saida_seguros"]}},"response":[]}],"id":"e32e6bd2-e38b-47d4-b42c-a13d73c8a9fe"}],"id":"336ab75f-2704-41b7-b529-11ec10d74d7e"},{"name":"1.1","item":[{"name":"PF","item":[{"name":"0000_0071","event":[{"listen":"test","script":{"id":"2cefb908-6ae3-459a-8893-2cbaee9f8a19","exec":["var json = JSON.parse(responseBody);\r","\r","pm.test(\"ListaFilaDerivacao.CDN = 0000\", function () {\r","    pm.expect(json.saida.ListaFilaDerivacao[0].CDN).to.eql(\"0000\");\r","});\r","\r","pm.test(\"ListaFilaDerivacao.RoutingPoint = 0071\", function () {\r","    pm.expect(json.saida.ListaFilaDerivacao[0].RoutingPoint).to.eql(\"0071\");\r","});\r",""],"type":"text/javascript"}}],"id":"776b2936-baca-4ccc-acbe-2e236e6277e8","protocolProfileBehavior":{"disableBodyPruning":true},"request":{"auth":{"type":"noauth"},"method":"POST","header":[{"key":"Content-Type","name":"Content-Type","type":"text","value":"application/json"},{"key":"Accept","type":"text","value":"application/json"},{"key":"Authorization","type":"text","value":"Bearer {{client_bearer_bre}}"}],"body":{"mode":"raw","raw":"{\n    \"entrada\": {\n        \"Org\": \"\",\n        \"Admin\": \"\",\n        \"CDN\": \"4444\",\n        \"URA\": {\n            \"Ip\": \"\",\n            \"Porta\": \"\",\n            \"Feriado\": \"\"\n        },\n        \"Menu\": {\n            \"Arvore\": \"SG\",\n            \"Visivel\": \"\",\n            \"Digitacao\": \"3223\"\n        },\n        \"TipoPessoa\": \"F\",\n        \"Data\":\"04062021\",\n        \"Hora\":\"230000\",\n        \"DiaSemana\":\"Domingo\"\n    }\n}"},"url":{"raw":"https://{{url_bre}}:443/DecisionService/rest/bre_seguros/1.1/saida_seguros","protocol":"https","host":["{{url_bre}}"],"port":"443","path":["DecisionService","rest","bre_seguros","1.1","saida_seguros"]}},"response":[]}],"id":"c3a2e04b-20f9-4e67-879a-2d244fa82af6"}],"id":"884feeb7-5075-4692-9f80-74fab3530ce6"}],"id":"0923278f-1272-41b0-8d80-7cfedc6b39de"},{"name":"Marcep","item":[{"name":"1.0","item":[{"name":"Nova Corretora","item":[{"name":"PF","item":[{"name":"24x7","item":[{"name":"CDN=1125, Digitacao=32222","event":[{"listen":"test","script":{"id":"c4b367f2-5cd6-4d1e-b315-924c268c6de2","exec":["var json = JSON.parse(responseBody);\r","\r","pm.test(\"ListaFilaDerivacao.CDN = 0000\", function () {\r","    pm.expect(json.saida.ListaFilaDerivacao[0].CDN).to.eql(\"0000\");\r","});\r","\r","pm.test(\"ListaFilaDerivacao.RoutingPoint = 9966\", function () {\r","    pm.expect(json.saida.ListaFilaDerivacao[0].RoutingPoint).to.eql(\"9966\");\r","});\r",""],"type":"text/javascript"}}],"id":"59be2b5a-ac99-47a6-bbc2-c029947ee608","protocolProfileBehavior":{"disableBodyPruning":true},"request":{"auth":{"type":"noauth"},"method":"POST","header":[{"key":"Content-Type","name":"Content-Type","type":"text","value":"application/json"},{"key":"Accept","type":"text","value":"application/json"},{"key":"Authorization","type":"text","value":"Bearer {{client_bearer_bre}}"}],"body":{"mode":"raw","raw":"{\n    \"entrada\": {\n        \"Org\": \"\",\n        \"Admin\": \"\",\n        \"CDN\": \"1125\",\n        \"URA\": {\n            \"Ip\": \"\",\n            \"Porta\": \"\",\n            \"Feriado\": \"\"\n        },\n        \"Menu\": {\n            \"Arvore\": \"CS\",\n            \"Visivel\": \"\",\n            \"Digitacao\": \"32222\"\n        },\n        \"TipoPessoa\": \"F\",\n        \"Data\":\"19092021\",\n        \"Hora\":\"230000\",\n        \"DiaSemana\":\"Domingo\"\n    }\n}"},"url":{"raw":"https://{{url_bre}}:443/DecisionService/rest/bre_seguros/1.0/saida_seguros","protocol":"https","host":["{{url_bre}}"],"port":"443","path":["DecisionService","rest","bre_seguros","1.0","saida_seguros"]}},"response":[]},{"name":"CDN=1031, Digitacao=3243","event":[{"listen":"test","script":{"id":"42cd0ed9-5e2a-4657-9b20-2e29f9c1f14c","exec":["var json = JSON.parse(responseBody);\r","\r","pm.test(\"ListaFilaDerivacao.CDN = 0000\", function () {\r","    pm.expect(json.saida.ListaFilaDerivacao[0].CDN).to.eql(\"0000\");\r","});\r","\r","pm.test(\"ListaFilaDerivacao.RoutingPoint = 9966\", function () {\r","    pm.expect(json.saida.ListaFilaDerivacao[0].RoutingPoint).to.eql(\"9966\");\r","});\r",""],"type":"text/javascript"}}],"id":"f1ae807a-82fc-429b-83aa-3f43c1253807","protocolProfileBehavior":{"disableBodyPruning":true},"request":{"auth":{"type":"noauth"},"method":"POST","header":[{"key":"Content-Type","name":"Content-Type","type":"text","value":"application/json"},{"key":"Accept","type":"text","value":"application/json"},{"key":"Authorization","type":"text","value":"Bearer {{client_bearer_bre}}"}],"body":{"mode":"raw","raw":"{\n    \"entrada\": {\n        \"Org\": \"\",\n        \"Admin\": \"\",\n        \"CDN\": \"1031\",\n        \"URA\": {\n            \"Ip\": \"\",\n            \"Porta\": \"\",\n            \"Feriado\": \"\"\n        },\n        \"Menu\": {\n            \"Arvore\": \"CS\",\n            \"Visivel\": \"\",\n            \"Digitacao\": \"3423\"\n        },\n        \"TipoPessoa\": \"F\",\n        \"Data\":\"03082021\",\n        \"Hora\":\"170000\",\n        \"DiaSemana\":\"Quarta\"\n    }\n}"},"url":{"raw":"https://{{url_bre}}:443/DecisionService/rest/bre_seguros/1.0/saida_seguros","protocol":"https","host":["{{url_bre}}"],"port":"443","path":["DecisionService","rest","bre_seguros","1.0","saida_seguros"]}},"response":[]}],"id":"48f149c3-d8aa-466d-8e64-e50ffcf9a9d3"},{"name":"Segunda-feira 06h00","item":[],"id":"7212e8f7-f83c-4c39-9d11-73f0fc72daaa"},{"name":"Segunda-feira 07h00","item":[],"id":"90d963f5-26b3-40b4-9c0a-5126aff9544b"}],"id":"71485a1f-36f8-4402-9980-ea5036c613a3"},{"name":"PJ","item":[],"id":"d5087266-f315-464a-bc83-6facd0f9ade2"}],"id":"80910aeb-63f7-4964-94e1-704b85005d80"}],"id":"6ccd4ced-c0c1-4eaf-8036-042ea49c0b4f"}],"id":"34319c08-6113-4a8b-8210-1f9dceab6ba9"},{"name":"TESTES","event":[{"listen":"test","script":{"id":"1a1b4123-05a7-4c8f-9b7c-7fa0c3694339","exec":["var json = JSON.parse(responseBody);\r","\r","pm.test(\"ListaFilaDerivacao.CDN = 0000\", function () {\r","    pm.expect(json.saida.ListaFilaDerivacao[0].CDN).to.eql(\"0000\");\r","});\r","\r","pm.test(\"ListaFilaDerivacao.RoutingPoint = 9966\", function () {\r","    pm.expect(json.saida.ListaFilaDerivacao[0].RoutingPoint).to.eql(\"9966\");\r","});\r",""],"type":"text/javascript"}}],"id":"0c195cd1-3480-4e97-a09f-2cd19762dc79","protocolProfileBehavior":{"disableBodyPruning":true},"request":{"auth":{"type":"noauth"},"method":"POST","header":[{"key":"Content-Type","name":"Content-Type","type":"text","value":"application/json"},{"key":"Accept","type":"text","value":"application/json"},{"key":"Authorization","type":"text","value":"Bearer {{client_bearer_bre}}"}],"body":{"mode":"raw","raw":"{\n    \"entrada\": {\n        \"Org\": \"\",\n        \"Admin\": \"\",\n        \"CDN\": \"2125\",\n        \"URA\": {\n            \"Ip\": \"\",\n            \"Porta\": \"\",\n            \"Feriado\": \"N\"\n        },\n        \"Menu\": {\n            \"Arvore\": \"CS\",\n            \"Visivel\": \"\",\n            \"Digitacao\": \"3248\"\n        },\n        \"TipoPessoa\": \"F\",\n        \"Data\":\"20/08/2021\",\n        \"Hora\":\"190000\",\n        \"DiaSemana\":\"Sexta\"\n    }\n}"},"url":{"raw":"https://{{url_bre}}:443/DecisionService/rest/bre_seguros/1.0/saida_seguros","protocol":"https","host":["{{url_bre}}"],"port":"443","path":["DecisionService","rest","bre_seguros","1.0","saida_seguros"]}},"response":[]}]}