{"info":{"_postman_id":"da400d85-9579-45cf-98bc-a8cfbbdea530","name":"HC8 login sts","description":"Realiza o login no STS, do client_id utilizado no HC8","schema":"https://schema.getpostman.com/json/collection/v2.1.0/collection.json"},"item":[{"name":"HC8 LOGIN","event":[{"listen":"test","script":{"id":"106a87d9-d670-4478-bb45-eafb01fd21da","exec":["var jsonData = JSON.parse(responseBody);\r","\r","\r","pm.test(\"Status code is 200\", function () {\r","    pm.response.to.have.status(200);});\r","\r","pm.environment.set(\"client_bearer\", jsonData.access_token);"],"type":"text/javascript"}},{"listen":"prerequest","script":{"id":"ccf464b4-fe67-454c-9809-84b332a142fd","exec":[""],"type":"text/javascript"}}],"id":"2c61eff2-3fa4-47e6-a32b-d5659b91b41b","protocolProfileBehavior":{"disableBodyPruning":true},"request":{"method":"POST","header":[{"key":"Content-Type","name":"Content-Type","type":"text","value":"application/x-www-form-urlencoded"},{"key":"Accept","type":"text","value":"application/json"}],"body":{"mode":"urlencoded","urlencoded":[{"key":"grant_type","value":"client_credentials","type":"text"},{"key":"client_id","value":"{{client_id}}","type":"text"},{"key":"client_secret","value":"{{client_secret}}","type":"text"}]},"url":{"raw":"https://{{url_sts}}/api/oauth/token","protocol":"https","host":["{{url_sts}}"],"path":["api","oauth","token"]},"description":"Chamada para STS\n"},"response":[]},{"name":"HC8 LOGIN HC8-P (API frontend)","event":[{"listen":"test","script":{"id":"ccc141ae-9723-46de-8975-259277355eaa","exec":["var jsonData = JSON.parse(responseBody);\r","\r","\r","pm.test(\"Status code is 200\", function () {\r","    pm.response.to.have.status(200);});\r","\r","pm.environment.set(\"client_bearer\", jsonData.access_token);"],"type":"text/javascript"}},{"listen":"prerequest","script":{"id":"82d39dad-0549-4bec-b070-f86f7837cdbd","exec":[""],"type":"text/javascript"}}],"id":"c1b2a864-6745-4919-a6ac-146fa1c8ba52","protocolProfileBehavior":{"disableBodyPruning":true},"request":{"method":"POST","header":[{"key":"Content-Type","name":"Content-Type","type":"text","value":"application/x-www-form-urlencoded"},{"key":"Accept","type":"text","value":"application/json"}],"body":{"mode":"urlencoded","urlencoded":[{"key":"grant_type","value":"client_credentials","type":"text"},{"key":"client_id","value":"{{HC8-P.client_id}}","type":"text"},{"key":"client_secret","value":"{{HC8-P.client_secret}}","type":"text"}]},"url":{"raw":"https://{{url_sts}}/api/oauth/token","protocol":"https","host":["{{url_sts}}"],"path":["api","oauth","token"]},"description":"Chamada para STS\n"},"response":[]},{"name":"FU5 Login","event":[{"listen":"test","script":{"id":"f07921f6-6806-4c45-8294-5e55f68e341c","exec":["var jsonData = JSON.parse(responseBody);\r","\r","\r","pm.test(\"Status code is 200\", function () {\r","    pm.response.to.have.status(200);});\r","\r","pm.environment.set(\"fu5_client_bearer\", jsonData.access_token);"],"type":"text/javascript"}},{"listen":"prerequest","script":{"id":"300b2d0c-1d38-444e-a573-5c911440fb54","exec":[""],"type":"text/javascript"}}],"id":"07c06e77-637d-4fdf-9bf9-53dc63446a96","protocolProfileBehavior":{"disableBodyPruning":true},"request":{"method":"POST","header":[{"key":"Content-Type","name":"Content-Type","type":"text","value":"application/x-www-form-urlencoded"},{"key":"Accept","type":"text","value":"application/json"}],"body":{"mode":"urlencoded","urlencoded":[{"key":"grant_type","value":"client_credentials","type":"text"},{"key":"client_id","value":"{{fu5_client_id}}","type":"text"},{"key":"client_secret","value":"{{fu5_client_secret}}","type":"text"}]},"url":{"raw":"https://{{url_sts}}/api/oauth/token","protocol":"https","host":["{{url_sts}}"],"path":["api","oauth","token"]},"description":"Chamada para STS\n"},"response":[]},{"name":"LOGIN BRE","event":[{"listen":"test","script":{"id":"363260e6-15a9-489e-9d85-7d351bd267db","exec":["var jsonData = JSON.parse(responseBody);\r","\r","\r","pm.test(\"Status code is 200\", function () {\r","    pm.response.to.have.status(200);});\r","\r","pm.environment.set(\"client_bearer_bre\", jsonData.access_token);"],"type":"text/javascript"}},{"listen":"prerequest","script":{"id":"db6816e4-0564-42d2-95b4-9fac7099bb5f","exec":[""],"type":"text/javascript"}}],"id":"36b5822f-1d80-4c26-b251-700aafbd376f","protocolProfileBehavior":{"disableBodyPruning":true},"request":{"method":"POST","header":[{"key":"Content-Type","name":"Content-Type","type":"text","value":"application/x-www-form-urlencoded"},{"key":"Accept","type":"text","value":"application/json"}],"body":{"mode":"urlencoded","urlencoded":[{"key":"grant_type","value":"client_credentials","type":"text"},{"key":"client_id","value":"{{client_id_bre}}","type":"text"},{"key":"client_secret","value":"{{client_secret_bre}}","type":"text"}]},"url":{"raw":"https://{{url_sts}}/api/oauth/token","protocol":"https","host":["{{url_sts}}"],"path":["api","oauth","token"]},"description":"Chamada para STS\n"},"response":[]},{"name":"LOGIN BRE (RSA)","event":[{"listen":"test","script":{"id":"34558696-69ce-4db7-9060-d80a673da515","exec":["var jsonData = JSON.parse(responseBody);\r","\r","\r","pm.test(\"Status code is 200\", function () {\r","    pm.response.to.have.status(200);});\r","\r","pm.environment.set(\"hc8_bearer_bre_rsa\", jsonData.access_token);"],"type":"text/javascript"}},{"listen":"prerequest","script":{"id":"e223bcbf-ae46-4d4a-8a3a-7824364587e3","exec":[""],"type":"text/javascript"}}],"id":"c22babfb-cd40-4795-8953-6ddf3d6d906e","protocolProfileBehavior":{"disableBodyPruning":true},"request":{"method":"POST","header":[{"key":"Content-Type","name":"Content-Type","type":"text","value":"application/x-www-form-urlencoded"},{"key":"Accept","type":"text","value":"application/json"}],"body":{"mode":"urlencoded","urlencoded":[{"key":"grant_type","value":"client_credentials","type":"text"},{"key":"client_id","value":"{{hc8_client_id_bre_rsa}}","type":"text"},{"key":"client_secret","value":"{{hc8_client_secret_bre_rsa}}","type":"text"}]},"url":{"raw":"https://{{url_sts}}/api/oauth/token","protocol":"https","host":["{{url_sts}}"],"path":["api","oauth","token"]},"description":"Chamada para STS\n"},"response":[]},{"name":"TOKEN INFO","event":[{"listen":"test","script":{"id":"b59a45c6-b7f0-4879-b0ca-245e15cdf8d5","exec":["var json = JSON.parse(responseBody);\r","\r","pm.test(\"expires_in = 300\", function () {\r","    pm.expect(json.expires_in).not.to.eql(0);\r","});"],"type":"text/javascript"}}],"id":"6a48d503-c14e-4862-8c1b-898eb2ff8437","protocolProfileBehavior":{"disableBodyPruning":true},"request":{"method":"GET","header":[{"key":"Content-Type","name":"Content-Type","type":"text","value":"application/x-www-form-urlencoded"}],"body":{"mode":"urlencoded","urlencoded":[{"key":"access_token","value":"{{client_bearer}}","type":"text"}]},"url":{"raw":"https://{{url_sts}}/api/oauth/tokeninfo","protocol":"https","host":["{{url_sts}}"],"path":["api","oauth","tokeninfo"]}},"response":[]}]}