{"info":{"_postman_id":"dfc3522f-f468-4dc6-b453-a3e6e93dbfc8","name":"HC8 login sts","description":"Realiza o login no STS, do client_id utilizado no HC8","schema":"https://schema.getpostman.com/json/collection/v2.1.0/collection.json"},"item":[{"name":"HC8 LOGIN","event":[{"listen":"test","script":{"id":"4c39052c-907c-4606-8a21-a3415bb60553","exec":["var jsonData = JSON.parse(responseBody);\r","\r","\r","pm.test(\"Status code is 200\", function () {\r","    pm.response.to.have.status(200);});\r","\r","pm.environment.set(\"client_bearer\", jsonData.access_token);"],"type":"text/javascript"}},{"listen":"prerequest","script":{"id":"1f1bc734-1486-4f5b-bfa5-86e24a6fe407","exec":[""],"type":"text/javascript"}}],"id":"da5c6b81-d47a-4a54-89b6-0b847cd813cd","protocolProfileBehavior":{"disableBodyPruning":true},"request":{"method":"POST","header":[{"key":"Content-Type","name":"Content-Type","type":"text","value":"application/x-www-form-urlencoded"},{"key":"Accept","type":"text","value":"application/json"}],"body":{"mode":"urlencoded","urlencoded":[{"key":"grant_type","value":"client_credentials","type":"text"},{"key":"client_id","value":"{{client_id}}","type":"text"},{"key":"client_secret","value":"{{client_secret}}","type":"text"}]},"url":{"raw":"https://{{url_sts}}/api/oauth/token","protocol":"https","host":["{{url_sts}}"],"path":["api","oauth","token"]},"description":"Chamada para STS\n"},"response":[]},{"name":"HC8 LOGIN HC8-P (API frontend)","event":[{"listen":"test","script":{"id":"427ab7a2-57c6-4f37-ab5e-d195b3bea8a1","exec":["var jsonData = JSON.parse(responseBody);\r","\r","\r","pm.test(\"Status code is 200\", function () {\r","    pm.response.to.have.status(200);});\r","\r","pm.environment.set(\"client_bearer\", jsonData.access_token);"],"type":"text/javascript"}},{"listen":"prerequest","script":{"id":"73ef0fce-f5b5-4614-a05e-36dc8b797fa3","exec":[""],"type":"text/javascript"}}],"id":"067c17f7-ad0a-4d26-9d91-932ca511aa7a","protocolProfileBehavior":{"disableBodyPruning":true},"request":{"method":"POST","header":[{"key":"Content-Type","name":"Content-Type","type":"text","value":"application/x-www-form-urlencoded"},{"key":"Accept","type":"text","value":"application/json"}],"body":{"mode":"urlencoded","urlencoded":[{"key":"grant_type","value":"client_credentials","type":"text"},{"key":"client_id","value":"{{HC8-P.client_id}}","type":"text"},{"key":"client_secret","value":"{{HC8-P.client_secret}}","type":"text"}]},"url":{"raw":"https://{{url_sts}}/api/oauth/token","protocol":"https","host":["{{url_sts}}"],"path":["api","oauth","token"]},"description":"Chamada para STS\n"},"response":[]},{"name":"FU5 Login","event":[{"listen":"test","script":{"id":"5c83a0d9-ff2e-4c75-83d4-943c03177eeb","exec":["var jsonData = JSON.parse(responseBody);\r","\r","\r","pm.test(\"Status code is 200\", function () {\r","    pm.response.to.have.status(200);});\r","\r","pm.environment.set(\"fu5_client_bearer\", jsonData.access_token);"],"type":"text/javascript"}},{"listen":"prerequest","script":{"id":"56721a1a-888b-4466-9815-7af66726d1ca","exec":[""],"type":"text/javascript"}}],"id":"b5b5bc23-ee33-4920-a6cc-92129f4dfd1d","protocolProfileBehavior":{"disableBodyPruning":true},"request":{"method":"POST","header":[{"key":"Content-Type","name":"Content-Type","type":"text","value":"application/x-www-form-urlencoded"},{"key":"Accept","type":"text","value":"application/json"}],"body":{"mode":"urlencoded","urlencoded":[{"key":"grant_type","value":"client_credentials","type":"text"},{"key":"client_id","value":"{{fu5_client_id}}","type":"text"},{"key":"client_secret","value":"{{fu5_client_secret}}","type":"text"}]},"url":{"raw":"https://{{url_sts}}/api/oauth/token","protocol":"https","host":["{{url_sts}}"],"path":["api","oauth","token"]},"description":"Chamada para STS\n"},"response":[]},{"name":"LOGIN BRE","event":[{"listen":"test","script":{"id":"081d983d-d138-498d-9509-2468ca3cf212","exec":["var jsonData = JSON.parse(responseBody);\r","\r","\r","pm.test(\"Status code is 200\", function () {\r","    pm.response.to.have.status(200);});\r","\r","pm.environment.set(\"client_bearer_bre\", jsonData.access_token);"],"type":"text/javascript"}},{"listen":"prerequest","script":{"id":"b08e6183-b0af-446f-b3f8-167acf657e92","exec":[""],"type":"text/javascript"}}],"id":"3b4dfa9f-00ba-458f-9940-830dc6d7b483","protocolProfileBehavior":{"disableBodyPruning":true},"request":{"method":"POST","header":[{"key":"Content-Type","name":"Content-Type","type":"text","value":"application/x-www-form-urlencoded"},{"key":"Accept","type":"text","value":"application/json"}],"body":{"mode":"urlencoded","urlencoded":[{"key":"grant_type","value":"client_credentials","type":"text"},{"key":"client_id","value":"{{client_id_bre}}","type":"text"},{"key":"client_secret","value":"{{client_secret_bre}}","type":"text"}]},"url":{"raw":"https://{{url_sts}}/api/oauth/token","protocol":"https","host":["{{url_sts}}"],"path":["api","oauth","token"]},"description":"Chamada para STS\n"},"response":[]},{"name":"LOGIN BRE (RSA)","event":[{"listen":"test","script":{"id":"9fde803e-f033-4087-ad20-7a5adb058a45","exec":["var jsonData = JSON.parse(responseBody);\r","\r","\r","pm.test(\"Status code is 200\", function () {\r","    pm.response.to.have.status(200);});\r","\r","pm.environment.set(\"hc8_bearer_bre_rsa\", jsonData.access_token);"],"type":"text/javascript"}},{"listen":"prerequest","script":{"id":"2f7a2be6-0bd3-41d6-b2bf-c4e738e98edb","exec":[""],"type":"text/javascript"}}],"id":"21d39bc3-09fa-4300-aa1b-a10816dee88b","protocolProfileBehavior":{"disableBodyPruning":true},"request":{"method":"POST","header":[{"key":"Content-Type","name":"Content-Type","type":"text","value":"application/x-www-form-urlencoded"},{"key":"Accept","type":"text","value":"application/json"}],"body":{"mode":"urlencoded","urlencoded":[{"key":"grant_type","value":"client_credentials","type":"text"},{"key":"client_id","value":"{{hc8_client_id_bre_rsa}}","type":"text"},{"key":"client_secret","value":"{{hc8_client_secret_bre_rsa}}","type":"text"}]},"url":{"raw":"https://{{url_sts}}/api/oauth/token","protocol":"https","host":["{{url_sts}}"],"path":["api","oauth","token"]},"description":"Chamada para STS\n"},"response":[]},{"name":"TOKEN INFO","event":[{"listen":"test","script":{"id":"13e031ba-3ce9-4ea1-8708-6ab1f47aad68","exec":["var json = JSON.parse(responseBody);\r","\r","pm.test(\"expires_in = 300\", function () {\r","    pm.expect(json.expires_in).not.to.eql(0);\r","});"],"type":"text/javascript"}}],"id":"e36fd0e7-8705-4ea5-8fdb-5bd00a0e0fca","protocolProfileBehavior":{"disableBodyPruning":true},"request":{"method":"GET","header":[{"key":"Content-Type","name":"Content-Type","type":"text","value":"application/x-www-form-urlencoded"}],"body":{"mode":"urlencoded","urlencoded":[{"key":"access_token","value":"{{client_bearer}}","type":"text"}]},"url":{"raw":"https://{{url_sts}}/api/oauth/tokeninfo","protocol":"https","host":["{{url_sts}}"],"path":["api","oauth","tokeninfo"]}},"response":[]}]}