{"info":{"_postman_id":"e0e06f67-ec61-4a72-b674-6d4fb167c663","name":"BRE-Dealer","schema":"https://schema.getpostman.com/json/collection/v2.1.0/collection.json"},"item":[{"name":"CO_LINHA_FRENTE","event":[{"listen":"test","script":{"id":"9a85cbff-b765-431e-aee1-641293c0e64e","exec":["var json = JSON.parse(responseBody);\r","\r","pm.test(\"ListaFilaDerivacao.CDN = 1900\", function () {\r","    pm.expect(json.saida.ListaFilaDerivacao[0].CDN).to.eql(\"1900\");\r","});\r","\r","pm.test(\"ListaFilaDerivacao.RoutingPoint = 3073\", function () {\r","    pm.expect(json.saida.ListaFilaDerivacao[0].RoutingPoint).to.eql(\"3073\");\r","});\r",""],"type":"text/javascript"}}],"id":"162edf74-2760-48a8-ac83-922b1c22d8f9","protocolProfileBehavior":{"disableBodyPruning":true},"request":{"auth":{"type":"noauth"},"method":"POST","header":[{"key":"Content-Type","name":"Content-Type","type":"text","value":"application/json"},{"key":"Accept","type":"text","value":"application/json"},{"key":"Authorization","type":"text","value":"Bearer {{client_bearer_bre}}"}],"body":{"mode":"raw","raw":"{\n    \"entrada\": {\n        \"Org\": \"\",\n        \"Admin\": \"\",\n        \"CDN\": \"4501\",\n        \"URA\": {\n            \"Ip\": \"1.1.1.1\",\n            \"Porta\": \"\",\n            \"Feriado\": \"\"\n        },\n        \"Menu\": {\n            \"Arvore\": \"DE\",\n            \"Visivel\": \"\",\n            \"Digitacao\": \"\"\n        },\n       \"TipoPessoa\": \"F\",\n        \"Data\":\"04062021\",\n        \"Hora\":\"190000\",\n        \"DiaSemana\":\"Sexta\"\n    }\n}"},"url":{"raw":"https://{{url_bre}}:443/DecisionService/rest/bre_dealer/1.0/saida_dealer","protocol":"https","host":["{{url_bre}}"],"port":"443","path":["DecisionService","rest","bre_dealer","1.0","saida_dealer"]}},"response":[]},{"name":"CO_LINHA_FRENTE (api gateway)","event":[{"listen":"test","script":{"id":"e677f8dd-aeeb-4928-8e46-ab27dfe6a314","exec":["var json = JSON.parse(responseBody);\r","\r","pm.test(\"ListaFilaDerivacao.CDN = 1900\", function () {\r","    pm.expect(json.saida.ListaFilaDerivacao[0].CDN).to.eql(\"1900\");\r","});\r","\r","pm.test(\"ListaFilaDerivacao.RoutingPoint = 3073\", function () {\r","    pm.expect(json.saida.ListaFilaDerivacao[0].RoutingPoint).to.eql(\"3073\");\r","});\r",""],"type":"text/javascript"}}],"id":"c5123dfb-4132-484c-b9e6-d696f68aa1f5","protocolProfileBehavior":{"disableBodyPruning":true},"request":{"auth":{"type":"noauth"},"method":"POST","header":[{"key":"Content-Type","value":"application/json","type":"text"},{"key":"Accept","value":"application/json","type":"text"},{"key":"Authorization","value":"Bearer {{hc8_bearer_bre_rsa}}","type":"text"},{"key":"x-itau-apikey","value":"{{hc8_client_id_bre_rsa}}","type":"text"},{"key":"x-itau-flowID","value":"{{$guid}}","type":"text"},{"key":"x-itau-correlationID","value":"{{$guid}}","type":"text"}],"body":{"mode":"raw","raw":"{\n    \"entrada\": {\n        \"Org\": \"\",\n        \"Admin\": \"\",\n        \"CDN\": \"4501\",\n        \"URA\": {\n            \"Ip\": \"1.1.1.1\",\n            \"Porta\": \"\",\n            \"Feriado\": \"\"\n        },\n        \"Menu\": {\n            \"Arvore\": \"DE\",\n            \"Visivel\": \"\",\n            \"Digitacao\": \"\"\n        },\n       \"TipoPessoa\": \"F\",\n        \"Data\":\"04062021\",\n        \"Hora\":\"190000\",\n        \"DiaSemana\":\"Sexta\"\n    }\n}"},"url":{"raw":"https://{{url_api_gateway}}/bre_dealer/1.0/saida_dealer","protocol":"https","host":["{{url_api_gateway}}"],"path":["bre_dealer","1.0","saida_dealer"]}},"response":[]},{"name":"CO_NSA","event":[{"listen":"test","script":{"id":"c09a1bd2-55fc-46aa-a991-6c4b483ff33b","exec":["var json = JSON.parse(responseBody);\r","\r","pm.test(\"ListaFilaDerivacao.CDN = 1935\", function () {\r","    pm.expect(json.saida.ListaFilaDerivacao[0].CDN).to.eql(\"1935\");\r","});\r","\r","pm.test(\"ListaFilaDerivacao.RoutingPoint = 3073\", function () {\r","    pm.expect(json.saida.ListaFilaDerivacao[0].RoutingPoint).to.eql(\"3073\");\r","});\r",""],"type":"text/javascript"}}],"id":"6a0b904b-5aab-422f-a4c8-d0409ae274c1","protocolProfileBehavior":{"disableBodyPruning":true},"request":{"auth":{"type":"noauth"},"method":"POST","header":[{"key":"Content-Type","name":"Content-Type","type":"text","value":"application/json"},{"key":"Accept","type":"text","value":"application/json"},{"key":"Authorization","type":"text","value":"Bearer {{client_bearer_bre}}"}],"body":{"mode":"raw","raw":"{\n    \"entrada\": {\n        \"Org\": \"\",\n        \"Admin\": \"\",\n        \"CDN\": \"2112\",\n        \"URA\": {\n            \"Ip\": \"\",\n            \"Porta\": \"\",\n            \"Feriado\": \"\"\n        },\n        \"Menu\": {\n            \"Arvore\": \"DE\",\n            \"Visivel\": \"\",\n            \"Digitacao\": \"\"\n        },\n        \"TipoPessoa\": \"F\",\n        \"Data\":\"04062021\",\n        \"Hora\":\"190000\",\n        \"DiaSemana\":\"Sexta\"\n    }\n}"},"url":{"raw":"https://{{url_bre}}:443/DecisionService/rest/bre_dealer/1.0/saida_dealer","protocol":"https","host":["{{url_bre}}"],"port":"443","path":["DecisionService","rest","bre_dealer","1.0","saida_dealer"]}},"response":[]},{"name":"FI_Dealer (Concessionaria) opção 2 e 3","event":[{"listen":"test","script":{"id":"0485fc30-80a4-4ca2-9ffe-ba037111a3eb","exec":["var json = JSON.parse(responseBody);\r","\r","pm.test(\"ListaFilaDerivacao.CDN = 1901\", function () {\r","    pm.expect(json.saida.ListaFilaDerivacao[0].CDN).to.eql(\"1901\");\r","});\r","\r","pm.test(\"ListaFilaDerivacao.RoutingPoint = 3073\", function () {\r","    pm.expect(json.saida.ListaFilaDerivacao[0].RoutingPoint).to.eql(\"3073\");\r","});\r",""],"type":"text/javascript"}}],"id":"6acb772c-05bc-4174-8c6d-2178242ffad4","protocolProfileBehavior":{"disableBodyPruning":true},"request":{"auth":{"type":"noauth"},"method":"POST","header":[{"key":"Content-Type","name":"Content-Type","type":"text","value":"application/json"},{"key":"Accept","type":"text","value":"application/json"},{"key":"Authorization","type":"text","value":"Bearer {{client_bearer_bre}}"}],"body":{"mode":"raw","raw":"{\n    \"entrada\": {\n        \"Org\": \"\",\n        \"Admin\": \"\",\n        \"CDN\": \"1152\",\n        \"URA\": {\n            \"Ip\": \"\",\n            \"Porta\": \"\",\n            \"Feriado\": \"\"\n        },\n        \"Menu\": {\n            \"Arvore\": \"DE\",\n            \"Visivel\": \"\",\n            \"Digitacao\": \"\"\n        },\n        \"TipoPessoa\": \"F\",\n        \"Data\":\"04062021\",\n        \"Hora\":\"190000\",\n        \"DiaSemana\":\"Sexta\"\n    }\n}"},"url":{"raw":"https://{{url_bre}}:443/DecisionService/rest/bre_dealer/1.0/saida_dealer","protocol":"https","host":["{{url_bre}}"],"port":"443","path":["DecisionService","rest","bre_dealer","1.0","saida_dealer"]}},"response":[]},{"name":"FI_Plataforma","event":[{"listen":"test","script":{"id":"50049cbe-09ce-4000-9a9e-8a4e620e0a5e","exec":["var json = JSON.parse(responseBody);\r","\r","pm.test(\"ListaFilaDerivacao.CDN = 1906\", function () {\r","    pm.expect(json.saida.ListaFilaDerivacao[0].CDN).to.eql(\"1906\");\r","});\r","\r","pm.test(\"ListaFilaDerivacao.RoutingPoint = 3073\", function () {\r","    pm.expect(json.saida.ListaFilaDerivacao[0].RoutingPoint).to.eql(\"3073\");\r","});\r",""],"type":"text/javascript"}}],"id":"41c913b1-f9d7-431c-b622-931d7dde5862","protocolProfileBehavior":{"disableBodyPruning":true},"request":{"auth":{"type":"noauth"},"method":"POST","header":[{"key":"Content-Type","name":"Content-Type","type":"text","value":"application/json"},{"key":"Accept","type":"text","value":"application/json"},{"key":"Authorization","type":"text","value":"Bearer {{client_bearer_bre}}"}],"body":{"mode":"raw","raw":"{\n    \"entrada\": {\n        \"Org\": \"\",\n        \"Admin\": \"\",\n        \"CDN\": \"2102\",\n        \"URA\": {\n            \"Ip\": \"\",\n            \"Porta\": \"\",\n            \"Feriado\": \"\"\n        },\n        \"Menu\": {\n            \"Arvore\": \"DE\",\n            \"Visivel\": \"\",\n            \"Digitacao\": \"\"\n        },\n        \"TipoPessoa\": \"F\",\n        \"Data\":\"04062021\",\n        \"Hora\":\"190000\",\n        \"DiaSemana\":\"Sexta\"\n    }\n}"},"url":{"raw":"https://{{url_bre}}:443/DecisionService/rest/bre_dealer/1.0/saida_dealer","protocol":"https","host":["{{url_bre}}"],"port":"443","path":["DecisionService","rest","bre_dealer","1.0","saida_dealer"]}},"response":[]}]}