{"info":{"_postman_id":"e45efd40-bebf-40e1-94ac-97a20c93e070","name":"Udial - webservices","schema":"https://schema.getpostman.com/json/collection/v2.1.0/collection.json"},"item":[{"name":"BicUdialWebServiceServerV5","item":[{"name":"UmagnetServerWebService.asmx","item":[{"name":"LoadTradingHistory","id":"44f30904-33ad-48d2-add5-8401484cfbb2","protocolProfileBehavior":{"disableBodyPruning":true},"request":{"method":"POST","header":[{"key":"Content-Type","value":"text/xml; charset=utf-8","type":"text"}],"body":{"mode":"raw","raw":"<?xml version=\"1.0\" encoding=\"utf-8\"?>\r\n<soap:Envelope xmlns:xsi=\"http://www.w3.org/2001/XMLSchema-instance\" xmlns:xsd=\"http://www.w3.org/2001/XMLSchema\" xmlns:soap=\"http://schemas.xmlsoap.org/soap/envelope/\">\r\n  <soap:Body>\r\n    <LoadTradingHistory xmlns=\"http://tempuri.org/\">\r\n      <cpf>32775597858</cpf>\r\n    </LoadTradingHistory>\r\n  </soap:Body>\r\n</soap:Envelope>","options":{"raw":{"language":"xml"}}},"url":{"raw":"http://{{servidorUdial}}:9000/BicUdialWebServiceServerV5/UmagnetServerWebService.asmx","protocol":"http","host":["{{servidorUdial}}"],"port":"9000","path":["BicUdialWebServiceServerV5","UmagnetServerWebService.asmx"],"query":[{"key":"op","value":"LoadTradingHistory","disabled":true}]}},"response":[]}],"id":"bc989260-9112-4e1f-b3fb-2930b37ea74c"},{"name":"ServerWebService.asmx","item":[{"name":"AuthenticateOperator","id":"d4a03c03-b39b-46d4-9d8a-f61f8dcdb962","protocolProfileBehavior":{"disableBodyPruning":true},"request":{"method":"POST","header":[{"key":"Content-Type","value":"text/xml; charset=utf-8","type":"text"}],"body":{"mode":"raw","raw":"<?xml version=\"1.0\" encoding=\"utf-8\"?>\r\n<soap12:Envelope xmlns:xsi=\"http://www.w3.org/2001/XMLSchema-instance\" xmlns:xsd=\"http://www.w3.org/2001/XMLSchema\" xmlns:soap12=\"http://www.w3.org/2003/05/soap-envelope\">\r\n  <soap12:Body>\r\n    <AuthenticateOperator xmlns=\"http://tempuri.org/\">\r\n      <operatorId>00400122</operatorId>\r\n    </AuthenticateOperator>\r\n  </soap12:Body>\r\n</soap12:Envelope>","options":{"raw":{"language":"xml"}}},"url":{"raw":"http://{{servidorUdial}}:9000/BicUdialWebServiceServerV5/ServerWebService.asmx","protocol":"http","host":["{{servidorUdial}}"],"port":"9000","path":["BicUdialWebServiceServerV5","ServerWebService.asmx"]}},"response":[]},{"name":"GetCallReasons","id":"82b37c81-3e05-4391-9b07-52c31e110c45","protocolProfileBehavior":{"disableBodyPruning":true},"request":{"method":"POST","header":[{"key":"Content-Type","value":"text/xml; charset=utf-8","type":"text"}],"body":{"mode":"raw","raw":"<?xml version=\"1.0\" encoding=\"utf-8\"?>\r\n<soap:Envelope xmlns:xsi=\"http://www.w3.org/2001/XMLSchema-instance\" xmlns:xsd=\"http://www.w3.org/2001/XMLSchema\" xmlns:soap=\"http://schemas.xmlsoap.org/soap/envelope/\">\r\n  <soap:Body>\r\n    <GetCallReasons xmlns=\"http://tempuri.org/\" />\r\n  </soap:Body>\r\n</soap:Envelope>","options":{"raw":{"language":"xml"}}},"url":{"raw":"http://{{servidorUdial}}:9000/BicUdialWebServiceServerV5/ServerWebService.asmx","protocol":"http","host":["{{servidorUdial}}"],"port":"9000","path":["BicUdialWebServiceServerV5","ServerWebService.asmx"]}},"response":[]},{"name":"NotifyCall","id":"2cc76164-3b96-4163-8924-fbfe42f84ab7","protocolProfileBehavior":{"disableBodyPruning":true},"request":{"method":"POST","header":[{"key":"Content-Type","value":"text/xml; charset=utf-8","type":"text"}],"body":{"mode":"raw","raw":"<?xml version=\"1.0\" encoding=\"utf-8\"?>\r\n<soap:Envelope xmlns:xsi=\"http://www.w3.org/2001/XMLSchema-instance\" xmlns:xsd=\"http://www.w3.org/2001/XMLSchema\" xmlns:soap=\"http://schemas.xmlsoap.org/soap/envelope/\">\r\n  <soap:Body>\r\n    <NotifyCall xmlns=\"http://tempuri.org/\">\r\n      <ivrId>10.59.100.145</ivrId>\r\n      <ivrPortNumber>99</ivrPortNumber>\r\n      <sessionId>999999999999</sessionId>\r\n      <chpras>999999999</chpras>\r\n      <cardNumber>1111</cardNumber>\r\n      <oldCardNumber>1111</oldCardNumber>\r\n      <parameterIds>string</parameterIds>\r\n      <parameterValues></parameterValues>\r\n      <org>028</org>\r\n      <retrying>false</retrying>\r\n    </NotifyCall>\r\n  </soap:Body>\r\n</soap:Envelope>","options":{"raw":{"language":"xml"}}},"url":{"raw":"http://{{servidorUdial}}:9000/BicUdialWebServiceServerV5/ServerWebService.asmx","protocol":"http","host":["{{servidorUdial}}"],"port":"9000","path":["BicUdialWebServiceServerV5","ServerWebService.asmx"]}},"response":[]}],"id":"42175b0d-2c61-4faf-b6a3-217a4f34daa0"}],"id":"ea20bf36-87b6-4e23-9c1c-87b42bceacf7"},{"name":"FicFaiUdialWebServiceServerV5","item":[{"name":"UmagnetServerWebService.asmx","item":[{"name":"LoadStatistics","id":"d733e065-5cac-4d97-8b1d-894d7afba688","protocolProfileBehavior":{"disableBodyPruning":true},"request":{"method":"POST","header":[{"key":"Content-Type","value":"text/xml; charset=utf-8","type":"text"}],"body":{"mode":"raw","raw":"<?xml version=\"1.0\" encoding=\"utf-8\"?>\r\n<soap12:Envelope xmlns:xsi=\"http://www.w3.org/2001/XMLSchema-instance\" xmlns:xsd=\"http://www.w3.org/2001/XMLSchema\" xmlns:soap12=\"http://www.w3.org/2003/05/soap-envelope\">\r\n  <soap12:Body>\r\n    <LoadStatistics xmlns=\"http://tempuri.org/\">\r\n      <operatorId>00400122</operatorId>\r\n      <operatorName></operatorName>\r\n      <startDate></startDate>\r\n      <endDate></endDate>\r\n    </LoadStatistics>\r\n  </soap12:Body>\r\n</soap12:Envelope>","options":{"raw":{"language":"xml"}}},"url":{"raw":"http://{{servidorUdial}}:9000/FicFaiUdialWebServiceServerV5/UmagnetServerWebService.asmx","protocol":"http","host":["{{servidorUdial}}"],"port":"9000","path":["FicFaiUdialWebServiceServerV5","UmagnetServerWebService.asmx"]}},"response":[]}],"id":"524dcd25-71af-478f-befa-f9aa44555d79"},{"name":"ServerWebService.asmx","item":[{"name":"GetCallReasons","id":"7df54b51-fbd2-49d0-8669-d7434e447da8","protocolProfileBehavior":{"disableBodyPruning":true},"request":{"method":"POST","header":[{"key":"Content-Type","value":"text/xml; charset=utf-8","type":"text"}],"body":{"mode":"raw","raw":"<?xml version=\"1.0\" encoding=\"utf-8\"?>\r\n<soap12:Envelope xmlns:xsi=\"http://www.w3.org/2001/XMLSchema-instance\" xmlns:xsd=\"http://www.w3.org/2001/XMLSchema\" xmlns:soap12=\"http://www.w3.org/2003/05/soap-envelope\">\r\n  <soap12:Body>\r\n    <GetCallReasons xmlns=\"http://tempuri.org/\" />\r\n  </soap12:Body>\r\n</soap12:Envelope>","options":{"raw":{"language":"xml"}}},"url":{"raw":"http://{{servidorUdial}}:9000/FicFaiUdialWebServiceServerV5/ServerWebService.asmx","protocol":"http","host":["{{servidorUdial}}"],"port":"9000","path":["FicFaiUdialWebServiceServerV5","ServerWebService.asmx"],"query":[{"key":"op","value":"LoadTradingHistory","disabled":true}]}},"response":[]}],"id":"48bb34e4-0577-4c57-b441-36ba5955bb6d"}],"id":"68d7ffb3-2a0e-4903-8b31-26e377a597ff"},{"name":"HipercardUdialWebserviceServerV5","item":[{"name":"ServerWebService.asmx","item":[{"name":"GetCallReasons","id":"6f37f00d-bd6e-4713-9e2d-98844ce22671","protocolProfileBehavior":{"disableBodyPruning":true},"request":{"method":"POST","header":[{"key":"Content-Type","value":"text/xml; charset=utf-8","type":"text"}],"body":{"mode":"raw","raw":"<?xml version=\"1.0\" encoding=\"utf-8\"?>\r\n<soap:Envelope xmlns:xsi=\"http://www.w3.org/2001/XMLSchema-instance\" xmlns:xsd=\"http://www.w3.org/2001/XMLSchema\" xmlns:soap=\"http://schemas.xmlsoap.org/soap/envelope/\">\r\n  <soap:Body>\r\n    <GetCallReasons xmlns=\"http://tempuri.org/\" />\r\n  </soap:Body>\r\n</soap:Envelope>","options":{"raw":{"language":"xml"}}},"url":{"raw":"http://{{servidorUdial}}:9000/HipercardUdialWebserviceServerV5/ServerWebService.asmx","protocol":"http","host":["{{servidorUdial}}"],"port":"9000","path":["HipercardUdialWebserviceServerV5","ServerWebService.asmx"]}},"response":[]}],"id":"94115482-b249-4169-ba95-1a4e31acb110"},{"name":"UmagnetServerWebService.asmx","item":[{"name":"LoadStatistics","id":"fb1e8f8b-a6db-49dc-b798-2ebf042eecfd","protocolProfileBehavior":{"disableBodyPruning":true},"request":{"method":"POST","header":[{"key":"Content-Type","value":"text/xml; charset=utf-8","type":"text"}],"body":{"mode":"raw","raw":"<?xml version=\"1.0\" encoding=\"utf-8\"?>\r\n<soap:Envelope xmlns:xsi=\"http://www.w3.org/2001/XMLSchema-instance\" xmlns:xsd=\"http://www.w3.org/2001/XMLSchema\" xmlns:soap=\"http://schemas.xmlsoap.org/soap/envelope/\">\r\n  <soap:Body>\r\n    <LoadStatistics xmlns=\"http://tempuri.org/\">\r\n       <operatorId>00400122</operatorId>\r\n      <operatorName></operatorName>\r\n      <startDate></startDate>\r\n      <endDate></endDate>\r\n    </LoadStatistics>\r\n  </soap:Body>\r\n</soap:Envelope>","options":{"raw":{"language":"xml"}}},"url":{"raw":"http://{{servidorUdial}}:9000/HipercardUdialWebserviceServerV5/UmagnetServerWebService.asmx","protocol":"http","host":["{{servidorUdial}}"],"port":"9000","path":["HipercardUdialWebserviceServerV5","UmagnetServerWebService.asmx"]}},"response":[]}],"id":"674e2e7a-2cbc-443f-ba65-dae57927b737"}],"id":"ed5ea12e-d918-42ae-8b84-698347fd731c"},{"name":"HipercardUdialWebserviceServerV5","item":[{"name":"UmagnetServerWebService.asmx","item":[{"name":"LoadTradingHistory","id":"31191ae9-47be-4264-9360-93a1e1cc0d4f","protocolProfileBehavior":{"disableBodyPruning":true},"request":{"method":"POST","header":[{"key":"Content-Type","value":"text/xml; charset=utf-8","type":"text"}],"body":{"mode":"raw","raw":"<?xml version=\"1.0\" encoding=\"utf-8\"?>\r\n<soap:Envelope xmlns:xsi=\"http://www.w3.org/2001/XMLSchema-instance\" xmlns:xsd=\"http://www.w3.org/2001/XMLSchema\" xmlns:soap=\"http://schemas.xmlsoap.org/soap/envelope/\">\r\n  <soap:Body>\r\n    <LoadTradingHistory xmlns=\"http://tempuri.org/\">\r\n      <cpf>32775597858</cpf>\r\n    </LoadTradingHistory>\r\n  </soap:Body>\r\n</soap:Envelope>","options":{"raw":{"language":"xml"}}},"url":{"raw":"http://{{servidorUdial}}:9000/BicUdialWebServiceServerV5/UmagnetServerWebService.asmx","protocol":"http","host":["{{servidorUdial}}"],"port":"9000","path":["BicUdialWebServiceServerV5","UmagnetServerWebService.asmx"],"query":[{"key":"op","value":"LoadTradingHistory","disabled":true}]}},"response":[]}],"id":"c343e391-6c63-488e-bc89-52b04374a8bd"}],"id":"93cfebd9-290e-4d5c-aa6a-e0e968652ed4"},{"name":"UdialWebServiceServerV5","item":[{"name":"ServerWebService.asmx","item":[{"name":"AuthenticateOperator","id":"07376d6e-2bb0-44e4-be3f-270b00649e9c","protocolProfileBehavior":{"disableBodyPruning":true},"request":{"method":"POST","header":[{"key":"Content-Type","value":"text/xml; charset=utf-8","type":"text"}],"body":{"mode":"raw","raw":"<?xml version=\"1.0\" encoding=\"utf-8\"?>\r\n<soap:Envelope xmlns:xsi=\"http://www.w3.org/2001/XMLSchema-instance\" xmlns:xsd=\"http://www.w3.org/2001/XMLSchema\" xmlns:soap=\"http://schemas.xmlsoap.org/soap/envelope/\">\r\n  <soap:Body>\r\n    <AuthenticateOperator xmlns=\"http://tempuri.org/\">\r\n      <operatorId>usu30h</operatorId>\r\n    </AuthenticateOperator>\r\n  </soap:Body>\r\n</soap:Envelope>","options":{"raw":{"language":"xml"}}},"url":{"raw":"http://{{servidorUdial}}:9000/UdialWebServiceServerV5/ServerWebService.asmx","protocol":"http","host":["{{servidorUdial}}"],"port":"9000","path":["UdialWebServiceServerV5","ServerWebService.asmx"],"query":[{"key":"op","value":"LoadTradingHistory","disabled":true}]}},"response":[]}],"id":"09d84181-363e-410f-bb6f-0f04079ecbb0"},{"name":"UdialWebServiceServer.asmx","item":[{"name":"NotifyCall","id":"c210a587-54d4-44ce-81ec-dbb0ac1fcc80","protocolProfileBehavior":{"disableBodyPruning":true},"request":{"method":"POST","header":[{"key":"Content-Type","value":"text/xml; charset=utf-8","type":"text"}],"body":{"mode":"raw","raw":"<?xml version=\"1.0\" encoding=\"utf-8\"?>\r\n<soap:Envelope xmlns:xsi=\"http://www.w3.org/2001/XMLSchema-instance\" xmlns:xsd=\"http://www.w3.org/2001/XMLSchema\" xmlns:soap=\"http://schemas.xmlsoap.org/soap/envelope/\">\r\n  <soap:Body>\r\n    <NotifyCall xmlns=\"http://tempuri.org/\">\r\n      <ivrId>0</ivrId>\r\n      <ivrPortNumber>0</ivrPortNumber>\r\n      <sessionId>1</sessionId>\r\n      <chpras>0</chpras>\r\n      <cardNumber>0000</cardNumber>\r\n      <oldCardNumber>0000</oldCardNumber>\r\n      <parameterIds>0000</parameterIds>\r\n      <parameterValues>0000</parameterValues>\r\n      <org>004</org>\r\n      <retrying>0</retrying>\r\n    </NotifyCall>\r\n  </soap:Body>\r\n</soap:Envelope>","options":{"raw":{"language":"xml"}}},"url":{"raw":"http://{{servidorUdial}}:9000/UdialWebServiceServerV5/UdialWebServiceServer.asmx","protocol":"http","host":["{{servidorUdial}}"],"port":"9000","path":["UdialWebServiceServerV5","UdialWebServiceServer.asmx"],"query":[{"key":"op","value":"LoadTradingHistory","disabled":true}]}},"response":[]}],"id":"5418785a-41f0-464a-bac6-0d36b606b597"},{"name":"UmagnetServerWebService.asmx","item":[{"name":"LoadStatistics","id":"d1b07871-cbf8-45d0-9c95-47974730bb8e","protocolProfileBehavior":{"disableBodyPruning":true},"request":{"method":"POST","header":[{"key":"Content-Type","value":"text/xml; charset=utf-8","type":"text"}],"body":{"mode":"raw","raw":"<?xml version=\"1.0\" encoding=\"utf-8\"?>\r\n<soap12:Envelope xmlns:xsi=\"http://www.w3.org/2001/XMLSchema-instance\" xmlns:xsd=\"http://www.w3.org/2001/XMLSchema\" xmlns:soap12=\"http://www.w3.org/2003/05/soap-envelope\">\r\n  <soap12:Body>\r\n    <LoadStatistics xmlns=\"http://tempuri.org/\">\r\n      <operatorId>usu30h</operatorId>\r\n      <operatorName></operatorName>\r\n      <startDate>2022-01-01</startDate>\r\n      <endDate>2022-03-01</endDate>\r\n    </LoadStatistics>\r\n  </soap12:Body>\r\n</soap12:Envelope>","options":{"raw":{"language":"xml"}}},"url":{"raw":"http://{{servidorUdial}}:9000/UdialWebServiceServerV5/UmagnetServerWebService.asmx","protocol":"http","host":["{{servidorUdial}}"],"port":"9000","path":["UdialWebServiceServerV5","UmagnetServerWebService.asmx"],"query":[{"key":"op","value":"LoadTradingHistory","disabled":true}]}},"response":[]}],"id":"af0cbb7d-2297-445c-9879-3e4e336827ae"}],"id":"fa493aa0-5f9d-48e3-82be-fe35ef3b4d51"}],"event":[{"listen":"prerequest","script":{"type":"text/javascript","exec":[""],"id":"1619843d-e453-423e-b24f-998c5990fdcf"}},{"listen":"test","script":{"type":"text/javascript","exec":[""],"id":"63b1ff0a-b03f-4559-b63f-28148da1b524"}}],"variable":[{"id":"69d4493d-7f51-4ebf-b205-5076a70cf5ac","key":"servidorUdial","value":"sowt022cto"}]}