{"info":{"_postman_id":"ebce5507-8763-48b0-9ac0-0fe5ee660c67","name":"BRE-Canary-Release","schema":"https://schema.getpostman.com/json/collection/v2.1.0/collection.json"},"item":[{"name":"HC8","item":[{"name":"parametrizador-eletronico","item":[{"name":"seguros","item":[{"name":"Feature = versao BRE 1.0","event":[{"listen":"test","script":{"exec":["var json = JSON.parse(responseBody);\r","\r","pm.test(\"ListaFilaDerivacao.CDN = 1900\", function () {\r","    pm.expect(json.saida.ListaFilaDerivacao[0].CDN).to.eql(\"1900\");\r","});\r","\r","pm.test(\"ListaFilaDerivacao.RoutingPoint = 3073\", function () {\r","    pm.expect(json.saida.ListaFilaDerivacao[0].RoutingPoint).to.eql(\"3073\");\r","});\r",""],"type":"text/javascript","id":"ac58e9bb-3edb-4584-b3c7-ad401624b6dc"}}],"id":"defca874-9663-4cb8-b6b8-cd7d9d094deb","protocolProfileBehavior":{"disableBodyPruning":true},"request":{"auth":{"type":"noauth"},"method":"POST","header":[{"key":"Content-Type","name":"Content-Type","type":"text","value":"application/json"},{"key":"Accept","type":"text","value":"application/json"},{"key":"Authorization","type":"text","value":"Bearer {{client_bearer_bre}}"}],"body":{"mode":"raw","raw":"{\r\n   \"entrada\": {\r\n   \t     \"Cliente\": {\r\n            \"Conta\": {\r\n                \"Agencia\": 0,\r\n                \"Conta\": 0,\r\n                \"DAC\": 0,\r\n                \"Segmento\": \"\"\r\n            },\r\n            \"CpfCnpj\": 0,\r\n            \"Pessoa\": \"\"\r\n        },\r\n        \"Telefone\":{\r\n   \t    \t\"DDI\":55,\r\n   \t    \t\"DDD\":11,\r\n   \t    \t\"Telefone\":999998047\r\n   \t    },\r\n   \t    \"Sigla\":\"HC8\",\r\n   \t    \"Aplicacao\":\"parametrizador-eletronico\",\r\n   \t    \"Usuario\":\"\",\r\n   \t    \"Inventario\":\"\",\r\n   \t    \"Parametro\":\"versao-bre-seguros\",\r\n   \t    \"Feature\":\"\",\r\n   \t    \"ListaVariavel\":[{\r\n   \t    \t\"nome\":\"CDN\",\r\n   \t    \t\"valor\":\"1234\"\r\n   \t    }],\r\n   \t    \"Data\": \"2021-10-06T13:17:00.000+0000\",\r\n   \t    \"TraceAtivo\":false\r\n    }\r\n}"},"url":{"raw":"https://{{url_bre}}:443/DecisionService/rest/bre_hc8canaryrelease/1.0/parametrizacao","protocol":"https","host":["{{url_bre}}"],"port":"443","path":["DecisionService","rest","bre_hc8canaryrelease","1.0","parametrizacao"]}},"response":[]},{"name":"BRUNO","event":[{"listen":"test","script":{"exec":["var json = JSON.parse(responseBody);\r","\r","pm.test(\"ListaFilaDerivacao.CDN = 1900\", function () {\r","    pm.expect(json.saida.ListaFilaDerivacao[0].CDN).to.eql(\"1900\");\r","});\r","\r","pm.test(\"ListaFilaDerivacao.RoutingPoint = 3073\", function () {\r","    pm.expect(json.saida.ListaFilaDerivacao[0].RoutingPoint).to.eql(\"3073\");\r","});\r",""],"type":"text/javascript","id":"98a107d2-a49a-4b97-bed8-e4eec4d221ce"}}],"id":"9a38d16a-1c4c-42cd-8abc-88c3e1b4caa6","protocolProfileBehavior":{"disableBodyPruning":true},"request":{"auth":{"type":"noauth"},"method":"POST","header":[{"key":"Content-Type","name":"Content-Type","type":"text","value":"application/json"},{"key":"Accept","type":"text","value":"application/json"},{"key":"Authorization","type":"text","value":"Bearer {{client_bearer_bre}}"}],"body":{"mode":"raw","raw":"{\r\n   \"entrada\": {\r\n   \t     \"Cliente\": {\r\n            \"Conta\": {\r\n                \"Agencia\": 0,\r\n                \"Conta\": 0,\r\n                \"DAC\": 0,\r\n                \"Segmento\": \"\"\r\n            },\r\n            \"CpfCnpj\": 0,\r\n            \"Pessoa\": \"\"\r\n        },\r\n        \"Telefone\":{\r\n   \t    \t\"DDI\":55,\r\n   \t    \t\"DDD\":11,\r\n   \t    \t\"Telefone\":999998047\r\n   \t    },\r\n   \t    \"Sigla\":\"HC8\",\r\n   \t    \"Aplicacao\":\"parametrizador-eletronico\",\r\n   \t    \"Usuario\":\"\",\r\n   \t    \"Inventario\":\"\",\r\n   \t    \"Parametro\":\"versao-bre-seguros\",\r\n   \t    \"Feature\":\"\",\r\n   \t    \"ListaVariavel\":[{\r\n   \t    \t\"nome\":\"CDN\",\r\n   \t    \t\"valor\":\"1234\"\r\n   \t    }],\r\n   \t    \"Data\": \"2021-10-06T13:17:00.000+0000\",\r\n   \t    \"TraceAtivo\":false\r\n    }\r\n}"},"url":{"raw":"https://{{url_bre}}:443/DecisionService/rest/bre_hc8canaryrelease/1.0/parametrizacao","protocol":"https","host":["{{url_bre}}"],"port":"443","path":["DecisionService","rest","bre_hc8canaryrelease","1.0","parametrizacao"]}},"response":[]},{"name":"Feature = versao BRE 1.0 (virtualizado)","event":[{"listen":"test","script":{"exec":["var json = JSON.parse(responseBody);\r","\r","pm.test(\"ListaFilaDerivacao.CDN = 1900\", function () {\r","    pm.expect(json.saida.ListaFilaDerivacao[0].CDN).to.eql(\"1900\");\r","});\r","\r","pm.test(\"ListaFilaDerivacao.RoutingPoint = 3073\", function () {\r","    pm.expect(json.saida.ListaFilaDerivacao[0].RoutingPoint).to.eql(\"3073\");\r","});\r",""],"type":"text/javascript","id":"fff6bb75-8a87-4378-a46c-3e6d59494cf7"}}],"id":"8e57620f-c412-4c2a-b145-27a677b20fe3","protocolProfileBehavior":{"disableBodyPruning":true},"request":{"auth":{"type":"noauth"},"method":"POST","header":[{"key":"Content-Type","value":"application/json","type":"text"},{"key":"Accept","value":"application/json","type":"text"},{"key":"Authorization","value":"Bearer {{hc8_bearer_bre_rsa}}","type":"text"},{"key":"x-itau-apikey","value":"{{hc8_client_id_bre_rsa}}","type":"text"},{"key":"x-itau-flowID","value":"{{$guid}}","type":"text"},{"key":"x-itau-correlationID","value":"{{$guid}}","type":"text"}],"body":{"mode":"raw","raw":"{\r\n   \"entrada\": {\r\n   \t     \"Cliente\": {\r\n            \"Conta\": {\r\n                \"Agencia\": 0,\r\n                \"Conta\": 0,\r\n                \"DAC\": 0,\r\n                \"Segmento\": \"\"\r\n            },\r\n            \"CpfCnpj\": 0,\r\n            \"Pessoa\": \"\"\r\n        },\r\n        \"Telefone\":{\r\n   \t    \t\"DDI\":55,\r\n   \t    \t\"DDD\":11,\r\n   \t    \t\"Telefone\":999998047\r\n   \t    },\r\n   \t    \"Sigla\":\"HC8\",\r\n   \t    \"Aplicacao\":\"parametrizador-eletronico\",\r\n   \t    \"Usuario\":\"\",\r\n   \t    \"Inventario\":\"\",\r\n   \t    \"Parametro\":\"\",\r\n   \t    \"Feature\":\"\",\r\n   \t    \"ListaVariavel\":[{\r\n   \t    \t\"nome\":\"CDN\",\r\n   \t    \t\"valor\":\"1234\"\r\n   \t    }],\r\n   \t    \"Data\": \"2010-09-01T13:17:00.000+0000\",\r\n   \t    \"TraceAtivo\":false\r\n    }\r\n}"},"url":{"raw":"https://{{url_api_gateway}}/bre_hc8canaryrelease/1.0/parametrizacao","protocol":"https","host":["{{url_api_gateway}}"],"path":["bre_hc8canaryrelease","1.0","parametrizacao"]}},"response":[]}],"id":"82b8b7e4-ca44-424c-8701-311a1214d089"},{"name":"piloto=false, se Data=2010","event":[{"listen":"test","script":{"exec":["var json = JSON.parse(responseBody);\r","\r","pm.test(\"ListaFilaDerivacao.CDN = 1900\", function () {\r","    pm.expect(json.saida.ListaFilaDerivacao[0].CDN).to.eql(\"1900\");\r","});\r","\r","pm.test(\"ListaFilaDerivacao.RoutingPoint = 3073\", function () {\r","    pm.expect(json.saida.ListaFilaDerivacao[0].RoutingPoint).to.eql(\"3073\");\r","});\r",""],"type":"text/javascript","id":"3a935e46-12d6-4912-b0fe-ea47fdfeb7e9"}}],"id":"5828096c-ace1-4b3c-a287-a01ee9d2e466","protocolProfileBehavior":{"disableBodyPruning":true},"request":{"auth":{"type":"noauth"},"method":"POST","header":[{"key":"Content-Type","name":"Content-Type","type":"text","value":"application/json"},{"key":"Accept","type":"text","value":"application/json"},{"key":"Authorization","type":"text","value":"Bearer {{client_bearer_bre}}"}],"body":{"mode":"raw","raw":"{\r\n   \"entrada\": {\r\n   \t    \"Cliente\":{\r\n   \t    \t\"Conta\":{\r\n   \t    \t\t\"Agencia\":3977,\r\n   \t    \t\t\"Conta\":11712,\r\n   \t    \t\t\"DAC\":6,\r\n   \t    \t\t\"Segmento\":\"4\"\r\n   \t    \t},\r\n   \t    \t\"CpfCnpj\":0,\r\n   \t    \t\"Pessoa\":\"PF\"\r\n   \t    },\r\n   \t    \"Telefone\":{\r\n   \t    \t\"DDI\":55,\r\n   \t    \t\"DDD\":11,\r\n   \t    \t\"Telefone\":999998047\r\n   \t    },\r\n   \t    \"Sigla\":\"HC8\",\r\n   \t    \"Aplicacao\":\"parametrizador-eletronico\",\r\n   \t    \"Data\": \"2010-09-01T13:17:00.000+0000\",\r\n   \t    \"TraceAtivo\":true,\r\n   \t    \"Usuario\":\"\",\r\n   \t    \"Inventario\":\"\",\r\n   \t    \"Parametro\":\"\",\r\n   \t    \"Feature\":\"\"\r\n    }\r\n}"},"url":{"raw":"https://{{url_bre}}:443/DecisionService/rest/bre_hc8canaryrelease/1.0/parametrizacao","protocol":"https","host":["{{url_bre}}"],"port":"443","path":["DecisionService","rest","bre_hc8canaryrelease","1.0","parametrizacao"]}},"response":[]},{"name":"piloto=false, se Data=2010 (virtualizado)","event":[{"listen":"test","script":{"exec":["var json = JSON.parse(responseBody);\r","\r","pm.test(\"ListaFilaDerivacao.CDN = 1900\", function () {\r","    pm.expect(json.saida.ListaFilaDerivacao[0].CDN).to.eql(\"1900\");\r","});\r","\r","pm.test(\"ListaFilaDerivacao.RoutingPoint = 3073\", function () {\r","    pm.expect(json.saida.ListaFilaDerivacao[0].RoutingPoint).to.eql(\"3073\");\r","});\r",""],"type":"text/javascript","id":"2dcf117e-887a-4195-b40f-540eabcab052"}}],"id":"3d06dec1-50fa-42d3-a8ca-414b73339d17","protocolProfileBehavior":{"disableBodyPruning":true},"request":{"auth":{"type":"noauth"},"method":"POST","header":[{"key":"Content-Type","value":"application/json","type":"text"},{"key":"Accept","value":"application/json","type":"text"},{"key":"Authorization","value":"Bearer {{hc8_bearer_bre_rsa}}","type":"text"},{"key":"x-itau-apikey","value":"{{hc8_client_id_bre_rsa}}","type":"text"},{"key":"x-itau-flowID","value":"{{$guid}}","type":"text"},{"key":"x-itau-correlationID","value":"{{$guid}}","type":"text"}],"body":{"mode":"raw","raw":"{\r\n   \"entrada\": {\r\n   \t    \"Cliente\":{\r\n   \t    \t\"Conta\":{\r\n   \t    \t\t\"Agencia\":3977,\r\n   \t    \t\t\"Conta\":11712,\r\n   \t    \t\t\"DAC\":6,\r\n   \t    \t\t\"Segmento\":\"4\"\r\n   \t    \t},\r\n   \t    \t\"CpfCnpj\":0,\r\n   \t    \t\"Pessoa\":\"PF\"\r\n   \t    },\r\n   \t    \"Telefone\":{\r\n   \t    \t\"DDI\":55,\r\n   \t    \t\"DDD\":11,\r\n   \t    \t\"Telefone\":999998047\r\n   \t    },\r\n   \t    \"Sigla\":\"HC8\",\r\n   \t    \"Aplicacao\":\"parametrizador-eletronico\",\r\n   \t    \"Data\": \"2010-09-01T13:17:00.000+0000\",\r\n   \t    \"TraceAtivo\":true,\r\n   \t    \"Usuario\":\"\",\r\n   \t    \"Inventario\":\"\",\r\n   \t    \"Parametro\":\"\",\r\n   \t    \"Feature\":\"\"\r\n    }\r\n}"},"url":{"raw":"https://{{url_api_gateway}}/bre_hc8canaryrelease/1.0/parametrizacao","protocol":"https","host":["{{url_api_gateway}}"],"path":["bre_hc8canaryrelease","1.0","parametrizacao"]}},"response":[]},{"name":"piloto=true, se agencia=3977","event":[{"listen":"test","script":{"exec":["var json = JSON.parse(responseBody);\r","\r","pm.test(\"ListaFilaDerivacao.CDN = 1900\", function () {\r","    pm.expect(json.saida.ListaFilaDerivacao[0].CDN).to.eql(\"1900\");\r","});\r","\r","pm.test(\"ListaFilaDerivacao.RoutingPoint = 3073\", function () {\r","    pm.expect(json.saida.ListaFilaDerivacao[0].RoutingPoint).to.eql(\"3073\");\r","});\r",""],"type":"text/javascript","id":"9a823120-3b58-4b53-b5b8-4d0509f14cff"}}],"id":"9827ed37-9a81-4907-98ad-5cbbcf70d752","protocolProfileBehavior":{"disableBodyPruning":true},"request":{"auth":{"type":"noauth"},"method":"POST","header":[{"key":"Content-Type","name":"Content-Type","type":"text","value":"application/json"},{"key":"Accept","type":"text","value":"application/json"},{"key":"Authorization","type":"text","value":"Bearer {{client_bearer_bre}}"}],"body":{"mode":"raw","raw":"{\r\n   \"entrada\": {\r\n   \t    \"Cliente\":{\r\n   \t    \t\"Conta\":{\r\n   \t    \t\t\"Agencia\":3976,\r\n   \t    \t\t\"Conta\":11712,\r\n   \t    \t\t\"DAC\":6,\r\n   \t    \t\t\"Segmento\":\"4\"\r\n   \t    \t},\r\n   \t    \t\"CpfCnpj\":0,\r\n   \t    \t\"Pessoa\":\"PF\"\r\n   \t    },\r\n   \t    \"Telefone\":{\r\n   \t    \t\"DDI\":55,\r\n   \t    \t\"DDD\":111,\r\n   \t    \t\"Telefone\":9919998047\r\n   \t    },\r\n   \t    \"Sigla\":\"HC8\",\r\n   \t    \"Aplicacao\":\"parametrizador-eletronico\",\r\n   \t    \"TraceAtivo\":true,\r\n   \t    \"Usuario\":\"\",\r\n   \t    \"Inventario\":\"\",\r\n   \t    \"Parametro\":\"\",\r\n   \t    \"Feature\":\"\"\r\n    }\r\n}"},"url":{"raw":"https://{{url_bre}}:443/DecisionService/rest/bre_hc8canaryrelease/1.0/parametrizacao","protocol":"https","host":["{{url_bre}}"],"port":"443","path":["DecisionService","rest","bre_hc8canaryrelease","1.0","parametrizacao"]}},"response":[]},{"name":"piloto=true, se agencia=3977 (virtualizado)","event":[{"listen":"test","script":{"exec":["var json = JSON.parse(responseBody);\r","\r","pm.test(\"ListaFilaDerivacao.CDN = 1900\", function () {\r","    pm.expect(json.saida.ListaFilaDerivacao[0].CDN).to.eql(\"1900\");\r","});\r","\r","pm.test(\"ListaFilaDerivacao.RoutingPoint = 3073\", function () {\r","    pm.expect(json.saida.ListaFilaDerivacao[0].RoutingPoint).to.eql(\"3073\");\r","});\r",""],"type":"text/javascript","id":"adb3d5a5-519a-4efd-b266-80dcffffb0d1"}}],"id":"26692841-b3bc-4e88-b425-47380b753e23","protocolProfileBehavior":{"disableBodyPruning":true},"request":{"auth":{"type":"noauth"},"method":"POST","header":[{"key":"Content-Type","type":"text","value":"application/json"},{"key":"Accept","type":"text","value":"application/json"},{"key":"Authorization","type":"text","value":"Bearer {{hc8_bearer_bre_rsa}}"},{"key":"x-itau-apikey","type":"text","value":"{{hc8_client_id_bre_rsa}}"},{"key":"x-itau-flowID","type":"text","value":"{{$guid}}"},{"key":"x-itau-correlationID","type":"text","value":"{{$guid}}"}],"body":{"mode":"raw","raw":"{\r\n   \"entrada\": {\r\n   \t    \"Cliente\":{\r\n   \t    \t\"Conta\":{\r\n   \t    \t\t\"Agencia\":3977,\r\n   \t    \t\t\"Conta\":11712,\r\n   \t    \t\t\"DAC\":6,\r\n   \t    \t\t\"Segmento\":\"4\"\r\n   \t    \t},\r\n   \t    \t\"CpfCnpj\":0,\r\n   \t    \t\"Pessoa\":\"PF\"\r\n   \t    },\r\n   \t    \"Telefone\":{\r\n   \t    \t\"DDI\":0,\r\n   \t    \t\"DDD\":0,\r\n   \t    \t\"Telefone\":0\r\n   \t    },\r\n   \t    \"Sigla\":\"HC8\",\r\n   \t    \"Aplicacao\":\"parametrizador-eletronico\",\r\n   \t    \"Data\": \"2021-09-24T13:17:00.000+0000\",\r\n   \t    \"TraceAtivo\":true,\r\n   \t    \"Usuario\":\"\",\r\n   \t    \"Inventario\":\"\",\r\n   \t    \"Parametro\":\"\",\r\n   \t    \"Feature\":\"\"\r\n    }\r\n}"},"url":{"raw":"https://{{url_api_gateway}}/bre_hc8canaryrelease/1.0/parametrizacao","protocol":"https","host":["{{url_api_gateway}}"],"path":["bre_hc8canaryrelease","1.0","parametrizacao"]}},"response":[]},{"name":"TraceAtivo=true","event":[{"listen":"test","script":{"exec":["var json = JSON.parse(responseBody);\r","\r","pm.test(\"ListaFilaDerivacao.CDN = 1900\", function () {\r","    pm.expect(json.saida.ListaFilaDerivacao[0].CDN).to.eql(\"1900\");\r","});\r","\r","pm.test(\"ListaFilaDerivacao.RoutingPoint = 3073\", function () {\r","    pm.expect(json.saida.ListaFilaDerivacao[0].RoutingPoint).to.eql(\"3073\");\r","});\r",""],"type":"text/javascript","id":"6c446fcb-b05d-4f1e-8d1a-eaf6cf928262"}}],"id":"89f6ae00-1abc-4f13-8883-275751c03b5e","protocolProfileBehavior":{"disableBodyPruning":true},"request":{"auth":{"type":"noauth"},"method":"POST","header":[{"key":"Content-Type","name":"Content-Type","type":"text","value":"application/json"},{"key":"Accept","type":"text","value":"application/json"},{"key":"Authorization","type":"text","value":"Bearer {{client_bearer_bre}}"}],"body":{"mode":"raw","raw":"{\r\n   \"entrada\": {\r\n   \t    \"Cliente\":{\r\n   \t    \t\"Conta\":{\r\n   \t    \t\t\"Agencia\":0,\r\n   \t    \t\t\"Conta\":0,\r\n   \t    \t\t\"DAC\":0,\r\n   \t    \t\t\"Segmento\":\"\"\r\n   \t    \t},\r\n   \t    \t\"CpfCnpj\":0,\r\n   \t    \t\"Pessoa\":\"PF\"\r\n   \t    },\r\n   \t    \"Telefone\":{\r\n   \t    \t\"DDI\":{{ddi}},\r\n   \t    \t\"DDD\":{{ddd}},\r\n   \t    \t\"Telefone\":{{telefone}}\r\n   \t    },\r\n   \t    \"Sigla\":\"HC8\",\r\n   \t    \"Aplicacao\":\"parametrizador-eletronico\",\r\n   \t    \"TraceAtivo\":false,\r\n   \t    \"Usuario\":\"\",\r\n   \t    \"Inventario\":\"\",\r\n   \t    \"Parametro\":\"\",\r\n   \t    \"Feature\":\"\"\r\n\r\n    }\r\n}"},"url":{"raw":"https://{{url_bre}}:443/DecisionService/rest/bre_hc8canaryrelease/1.0/parametrizacao","protocol":"https","host":["{{url_bre}}"],"port":"443","path":["DecisionService","rest","bre_hc8canaryrelease","1.0","parametrizacao"]}},"response":[]},{"name":"Feature=bre-seguros-mbi","event":[{"listen":"test","script":{"exec":["var json = JSON.parse(responseBody);\r","\r","pm.test(\"ListaFilaDerivacao.CDN = 1900\", function () {\r","    pm.expect(json.saida.ListaFilaDerivacao[0].CDN).to.eql(\"1900\");\r","});\r","\r","pm.test(\"ListaFilaDerivacao.RoutingPoint = 3073\", function () {\r","    pm.expect(json.saida.ListaFilaDerivacao[0].RoutingPoint).to.eql(\"3073\");\r","});\r",""],"type":"text/javascript","id":"1504d056-8cc6-4eee-8b49-414e32180a58"}}],"id":"bd556cbd-c7c0-4dc7-be67-c5817fc8d237","protocolProfileBehavior":{"disableBodyPruning":true},"request":{"auth":{"type":"noauth"},"method":"POST","header":[{"key":"Content-Type","name":"Content-Type","type":"text","value":"application/json"},{"key":"Accept","type":"text","value":"application/json"},{"key":"Authorization","type":"text","value":"Bearer {{client_bearer_bre}}"}],"body":{"mode":"raw","raw":"{\r\n   \"entrada\": {\r\n   \t    \"Cliente\":{\r\n   \t    \t\"Conta\":{\r\n   \t    \t\t\"Agencia\":0,\r\n   \t    \t\t\"Conta\":0,\r\n   \t    \t\t\"DAC\":0,\r\n   \t    \t\t\"Segmento\":\"\"\r\n   \t    \t},\r\n   \t    \t\"CpfCnpj\":0,\r\n   \t    \t\"Pessoa\":\"PF\"\r\n   \t    },\r\n   \t    \"Telefone\":{\r\n   \t    \t\"DDI\":{{ddi}},\r\n   \t    \t\"DDD\":{{ddd}},\r\n   \t    \t\"Telefone\":{{telefone}}\r\n   \t    },\r\n   \t    \"Sigla\":\"HC8\",\r\n   \t    \"Aplicacao\":\"parametrizador-eletronico\",\r\n   \t    \"TraceAtivo\":true,\r\n   \t    \"Usuario\":\"\",\r\n   \t    \"Inventario\":\"\",\r\n   \t    \"Parametro\":\"\",\r\n   \t    \"Feature\":\"bre-seguros-mbi\"\r\n\r\n    }\r\n}"},"url":{"raw":"https://{{url_bre}}:443/DecisionService/rest/bre_hc8canaryrelease/1.0/parametrizacao","protocol":"https","host":["{{url_bre}}"],"port":"443","path":["DecisionService","rest","bre_hc8canaryrelease","1.0","parametrizacao"]}},"response":[]}],"id":"a48a9d75-fd0c-4b49-98d5-7104153265da"},{"name":"parametrizador-historico","item":[{"name":"listar parametros e features","event":[{"listen":"test","script":{"exec":["var json = JSON.parse(responseBody);\r","\r","pm.test(\"ListaFilaDerivacao.CDN = 1900\", function () {\r","    pm.expect(json.saida.ListaFilaDerivacao[0].CDN).to.eql(\"1900\");\r","});\r","\r","pm.test(\"ListaFilaDerivacao.RoutingPoint = 3073\", function () {\r","    pm.expect(json.saida.ListaFilaDerivacao[0].RoutingPoint).to.eql(\"3073\");\r","});\r",""],"type":"text/javascript","id":"fe28ffe0-68f6-4696-a006-d1ec97200061"}}],"id":"95a4a6a2-3ad0-4d98-8d0d-864758a15d34","protocolProfileBehavior":{"disableBodyPruning":true},"request":{"auth":{"type":"noauth"},"method":"POST","header":[{"key":"Content-Type","name":"Content-Type","type":"text","value":"application/json"},{"key":"Accept","type":"text","value":"application/json"},{"key":"Authorization","type":"text","value":"Bearer {{client_bearer_bre}}"}],"body":{"mode":"raw","raw":"{\r\n   \"entrada\": {\r\n   \t     \"Cliente\": {\r\n            \"Conta\": {\r\n                \"Agencia\": 0,\r\n                \"Conta\": 0,\r\n                \"DAC\": 0,\r\n                \"Segmento\": \"\"\r\n            },\r\n            \"CpfCnpj\": 0,\r\n            \"Pessoa\": \"\"\r\n        },\r\n        \"Telefone\":{\r\n   \t    \t\"DDI\":55,\r\n   \t    \t\"DDD\":11,\r\n   \t    \t\"Telefone\":999998047\r\n   \t    },\r\n   \t    \"Sigla\":\"HC8\",\r\n   \t    \"Aplicacao\":\"parametrizador-historico\",\r\n   \t    \"Usuario\":\"\",\r\n   \t    \"Inventario\":\"\",\r\n   \t    \"Parametro\":\"\",\r\n   \t    \"Feature\":\"data-lake-historico-producer\",\r\n   \t    \"ListaVariavel\":[{\r\n   \t    \t\"nome\":\"CDN\",\r\n   \t    \t\"valor\":\"1111\"\r\n   \t    }],\r\n   \t    \"Data\": \"2021-10-07T13:17:00.000+0000\",\r\n   \t    \"TraceAtivo\":false\r\n    }\r\n}"},"url":{"raw":"https://{{url_bre}}:443/DecisionService/rest/bre_hc8canaryrelease/1.0/parametrizacao","protocol":"https","host":["{{url_bre}}"],"port":"443","path":["DecisionService","rest","bre_hc8canaryrelease","1.0","parametrizacao"]}},"response":[]},{"name":"VITOR","event":[{"listen":"test","script":{"exec":["var json = JSON.parse(responseBody);\r","\r","pm.test(\"ListaFilaDerivacao.CDN = 1900\", function () {\r","    pm.expect(json.saida.ListaFilaDerivacao[0].CDN).to.eql(\"1900\");\r","});\r","\r","pm.test(\"ListaFilaDerivacao.RoutingPoint = 3073\", function () {\r","    pm.expect(json.saida.ListaFilaDerivacao[0].RoutingPoint).to.eql(\"3073\");\r","});\r",""],"type":"text/javascript","id":"cf180d36-2c6f-4fde-82e6-56d3f935b6d0"}}],"id":"868ac056-6136-41ed-b95a-ac477ab9b68c","protocolProfileBehavior":{"disableBodyPruning":true},"request":{"auth":{"type":"noauth"},"method":"POST","header":[{"key":"Content-Type","name":"Content-Type","type":"text","value":"application/json"},{"key":"Accept","type":"text","value":"application/json"},{"key":"Authorization","type":"text","value":"Bearer {{client_bearer_bre}}"}],"body":{"mode":"raw","raw":"{\r\n   \"entrada\": {\r\n   \t     \"Cliente\": {\r\n            \"Conta\": {\r\n                \"Agencia\": 0,\r\n                \"Conta\": 0,\r\n                \"DAC\": 0,\r\n                \"Segmento\": \"\"\r\n            },\r\n            \"CpfCnpj\": 0,\r\n            \"Pessoa\": \"\"\r\n        },\r\n        \"Telefone\":{\r\n   \t    \t\"DDI\":55,\r\n   \t    \t\"DDD\":11,\r\n   \t    \t\"Telefone\":999998047\r\n   \t    },\r\n   \t    \"Sigla\":\"HC8\",\r\n   \t    \"Aplicacao\":\"parametrizador-historico\",\r\n   \t    \"Usuario\":\"\",\r\n   \t    \"Inventario\":\"\",\r\n   \t    \"Parametro\":\"\",\r\n   \t    \"Feature\":\"data-lake-historico-producer\",\r\n   \t    \"ListaVariavel\":[{\r\n   \t    \t\"nome\":\"CDN\",\r\n   \t    \t\"valor\":\"1111\"\r\n   \t    }],\r\n   \t    \"Data\": \"2021-10-07T13:17:00.000+0000\",\r\n   \t    \"TraceAtivo\":false\r\n    }\r\n}"},"url":{"raw":"https://{{url_bre}}:443/DecisionService/rest/bre_hc8canaryrelease/1.0/parametrizacao","protocol":"https","host":["{{url_bre}}"],"port":"443","path":["DecisionService","rest","bre_hc8canaryrelease","1.0","parametrizacao"]}},"response":[]}],"id":"b9b5d8f2-5534-41ca-b445-dfe6b413c054"}],"id":"0be85c57-2d3b-4fbc-960e-90bfb5c70977"},{"name":"DU1","item":[{"name":"ura-cartoes","item":[{"name":"Piloto por Estado","item":[{"name":"Piloto N (São Paulo)","event":[{"listen":"test","script":{"exec":["var json = JSON.parse(responseBody);\r","\r","pm.test(\"ListaFilaDerivacao.CDN = 1900\", function () {\r","    pm.expect(json.saida.ListaFilaDerivacao[0].CDN).to.eql(\"1900\");\r","});\r","\r","pm.test(\"ListaFilaDerivacao.RoutingPoint = 3073\", function () {\r","    pm.expect(json.saida.ListaFilaDerivacao[0].RoutingPoint).to.eql(\"3073\");\r","});\r",""],"type":"text/javascript","id":"38403dfd-1e58-4b8f-883f-ae4b80c4f4c5"}}],"id":"e99dc109-f0e7-4d71-a819-f1389a73ea4d","protocolProfileBehavior":{"disableBodyPruning":true},"request":{"auth":{"type":"noauth"},"method":"POST","header":[{"key":"Content-Type","name":"Content-Type","type":"text","value":"application/json"},{"key":"Accept","type":"text","value":"application/json"},{"key":"Authorization","type":"text","value":"Bearer {{client_bearer_bre}}"}],"body":{"mode":"raw","raw":"{\r\n   \"entrada\": {\r\n   \t    \"Sigla\":\"DU1\",\r\n   \t    \"Aplicacao\":\"ura-seguros\",\r\n   \t    \"Usuario\":\"\",\r\n   \t    \"Inventario\":\"\",\r\n   \t    \"Parametro\":\"\", \r\n           \"ListaVariavel\":[{\r\n   \t    \t\"nome\": \"UF\",\r\n   \t    \t\"valor\":\"SP\"\r\n   \t    }],\r\n   \t    \"Feature\":\"\"\r\n    }\r\n}"},"url":{"raw":"https://{{url_bre}}:443/DecisionService/rest/bre_hc8canaryrelease/1.0/parametrizacao","protocol":"https","host":["{{url_bre}}"],"port":"443","path":["DecisionService","rest","bre_hc8canaryrelease","1.0","parametrizacao"]}},"response":[]},{"name":"Piloto S (Rio de Janeiro)","event":[{"listen":"test","script":{"exec":["var json = JSON.parse(responseBody);\r","\r","pm.test(\"ListaFilaDerivacao.CDN = 1900\", function () {\r","    pm.expect(json.saida.ListaFilaDerivacao[0].CDN).to.eql(\"1900\");\r","});\r","\r","pm.test(\"ListaFilaDerivacao.RoutingPoint = 3073\", function () {\r","    pm.expect(json.saida.ListaFilaDerivacao[0].RoutingPoint).to.eql(\"3073\");\r","});\r",""],"type":"text/javascript","id":"d0334da8-f827-44b9-812e-1fabc794e9c3"}}],"id":"8f19f6dc-18dc-49ef-a5ae-87cd16dc63f0","protocolProfileBehavior":{"disableBodyPruning":true},"request":{"auth":{"type":"noauth"},"method":"POST","header":[{"key":"Content-Type","name":"Content-Type","type":"text","value":"application/json"},{"key":"Accept","type":"text","value":"application/json"},{"key":"Authorization","type":"text","value":"Bearer {{client_bearer_bre}}"}],"body":{"mode":"raw","raw":"{\r\n   \"entrada\": {\r\n   \t    \"Sigla\":\"DU1\",\r\n   \t    \"Aplicacao\":\"ura-cartoes\",\r\n   \t    \"Usuario\":\"\",\r\n   \t    \"Inventario\":\"\",\r\n   \t    \"Parametro\":\"\",\r\n   \t    \"Feature\":\"\",\r\n           \"ListaVariavel\":[{\r\n   \t    \t\"nome\": \"UF\",\r\n   \t    \t\"valor\":\"RJ\"\r\n   \t    }],\r\n   \t    \"TraceAtivo\":true\r\n    }\r\n}"},"url":{"raw":"https://{{url_bre}}:443/DecisionService/rest/bre_hc8canaryrelease/1.0/parametrizacao","protocol":"https","host":["{{url_bre}}"],"port":"443","path":["DecisionService","rest","bre_hc8canaryrelease","1.0","parametrizacao"]}},"response":[]}],"id":"0d26f648-2ac3-4ef1-b697-b35d5e5d367a"},{"name":"Piloto por Telefone","item":[{"name":"Piloto S (DDD 21)","event":[{"listen":"test","script":{"exec":["var json = JSON.parse(responseBody);\r","\r","pm.test(\"ListaFilaDerivacao.CDN = 1900\", function () {\r","    pm.expect(json.saida.ListaFilaDerivacao[0].CDN).to.eql(\"1900\");\r","});\r","\r","pm.test(\"ListaFilaDerivacao.RoutingPoint = 3073\", function () {\r","    pm.expect(json.saida.ListaFilaDerivacao[0].RoutingPoint).to.eql(\"3073\");\r","});\r",""],"type":"text/javascript","id":"d82f69ea-6dca-4d1e-ad60-20c4e5bbdb1f"}}],"id":"428f1ea9-bbda-4c9a-be56-9eff16d557a7","protocolProfileBehavior":{"disableBodyPruning":true},"request":{"auth":{"type":"noauth"},"method":"POST","header":[{"key":"Content-Type","name":"Content-Type","type":"text","value":"application/json"},{"key":"Accept","type":"text","value":"application/json"},{"key":"Authorization","type":"text","value":"Bearer {{client_bearer_bre}}"}],"body":{"mode":"raw","raw":"{\r\n   \"entrada\": {\r\n\r\n   \t    \"Sigla\":\"DU1\",\r\n   \t    \"Aplicacao\":\"ura-cartoes\",\r\n           \"Telefone\":{\r\n   \t    \t\"DDI\":55,\r\n   \t    \t\"DDD\":21\r\n   \t    },\r\n   \t    \"Usuario\":\"\",\r\n   \t    \"Inventario\":\"\",\r\n   \t    \"Parametro\":\"\",\r\n   \t    \"Feature\":\"\",\r\n   \t    \"TraceAtivo\":true\r\n    }\r\n}"},"url":{"raw":"https://{{url_bre}}:443/DecisionService/rest/bre_hc8canaryrelease/1.0/parametrizacao","protocol":"https","host":["{{url_bre}}"],"port":"443","path":["DecisionService","rest","bre_hc8canaryrelease","1.0","parametrizacao"]}},"response":[]},{"name":"Piloto N (DDD 11)","event":[{"listen":"test","script":{"exec":["var json = JSON.parse(responseBody);\r","\r","pm.test(\"ListaFilaDerivacao.CDN = 1900\", function () {\r","    pm.expect(json.saida.ListaFilaDerivacao[0].CDN).to.eql(\"1900\");\r","});\r","\r","pm.test(\"ListaFilaDerivacao.RoutingPoint = 3073\", function () {\r","    pm.expect(json.saida.ListaFilaDerivacao[0].RoutingPoint).to.eql(\"3073\");\r","});\r",""],"type":"text/javascript","id":"c1ef9715-e020-4970-aa64-75c9503ed8b3"}}],"id":"96b9eaee-1e6e-4f53-9b64-a1590635f203","protocolProfileBehavior":{"disableBodyPruning":true},"request":{"auth":{"type":"noauth"},"method":"POST","header":[{"key":"Content-Type","name":"Content-Type","type":"text","value":"application/json"},{"key":"Accept","type":"text","value":"application/json"},{"key":"Authorization","type":"text","value":"Bearer {{client_bearer_bre}}"}],"body":{"mode":"raw","raw":"{\r\n   \"entrada\": {\r\n\r\n   \t    \"Sigla\":\"DU1\",\r\n   \t    \"Aplicacao\":\"ura-cartoes\",\r\n           \"Telefone\":{\r\n   \t    \t\"DDI\":55,\r\n   \t    \t\"DDD\":11,\r\n   \t    \t\"Telefone\":22222222\r\n   \t    },\r\n   \t    \"Usuario\":\"\",\r\n   \t    \"Inventario\":\"\",\r\n   \t    \"Parametro\":\"\",\r\n   \t    \"Feature\":\"\",\r\n   \t    \"TraceAtivo\":true\r\n    }\r\n}"},"url":{"raw":"https://{{url_bre}}:443/DecisionService/rest/bre_hc8canaryrelease/1.0/parametrizacao","protocol":"https","host":["{{url_bre}}"],"port":"443","path":["DecisionService","rest","bre_hc8canaryrelease","1.0","parametrizacao"]}},"response":[]},{"name":"Piloto S (11 99999-8047","event":[{"listen":"test","script":{"exec":["var json = JSON.parse(responseBody);\r","\r","pm.test(\"ListaFilaDerivacao.CDN = 1900\", function () {\r","    pm.expect(json.saida.ListaFilaDerivacao[0].CDN).to.eql(\"1900\");\r","});\r","\r","pm.test(\"ListaFilaDerivacao.RoutingPoint = 3073\", function () {\r","    pm.expect(json.saida.ListaFilaDerivacao[0].RoutingPoint).to.eql(\"3073\");\r","});\r",""],"type":"text/javascript","id":"facf79bc-6272-45e2-b3e5-70194f892826"}}],"id":"f832172c-38dc-4d6c-b935-573a8d9d6a91","protocolProfileBehavior":{"disableBodyPruning":true},"request":{"auth":{"type":"noauth"},"method":"POST","header":[{"key":"Content-Type","name":"Content-Type","type":"text","value":"application/json"},{"key":"Accept","type":"text","value":"application/json"},{"key":"Authorization","type":"text","value":"Bearer {{client_bearer_bre}}"}],"body":{"mode":"raw","raw":"{\r\n   \"entrada\": {\r\n\r\n   \t    \"Sigla\":\"DU1\",\r\n   \t    \"Aplicacao\":\"ura-cartoes\",\r\n           \"Telefone\":{\r\n   \t    \t\"DDI\":55,\r\n   \t    \t\"DDD\":11,\r\n   \t    \t\"Telefone\":999998047\r\n   \t    },\r\n   \t    \"Usuario\":\"\",\r\n   \t    \"Inventario\":\"\",\r\n   \t    \"Parametro\":\"\",\r\n   \t    \"Feature\":\"\",\r\n   \t    \"TraceAtivo\":true\r\n    }\r\n}"},"url":{"raw":"https://{{url_bre}}:443/DecisionService/rest/bre_hc8canaryrelease/1.0/parametrizacao","protocol":"https","host":["{{url_bre}}"],"port":"443","path":["DecisionService","rest","bre_hc8canaryrelease","1.0","parametrizacao"]}},"response":[]}],"id":"5b053ebf-5f39-451d-a437-410042bf6d1e"},{"name":"Piloto por CDN","item":[{"name":"Piloto S (CDN 5678)","event":[{"listen":"test","script":{"exec":["var json = JSON.parse(responseBody);\r","\r","pm.test(\"ListaFilaDerivacao.CDN = 1900\", function () {\r","    pm.expect(json.saida.ListaFilaDerivacao[0].CDN).to.eql(\"1900\");\r","});\r","\r","pm.test(\"ListaFilaDerivacao.RoutingPoint = 3073\", function () {\r","    pm.expect(json.saida.ListaFilaDerivacao[0].RoutingPoint).to.eql(\"3073\");\r","});\r",""],"type":"text/javascript","id":"a6f19159-cf2d-4575-917c-ed67ca8bc1aa"}}],"id":"5321d522-d0d0-4374-bb78-daf5c71dd4e8","protocolProfileBehavior":{"disableBodyPruning":true},"request":{"auth":{"type":"noauth"},"method":"POST","header":[{"key":"Content-Type","name":"Content-Type","type":"text","value":"application/json"},{"key":"Accept","type":"text","value":"application/json"},{"key":"Authorization","type":"text","value":"Bearer {{client_bearer_bre}}"}],"body":{"mode":"raw","raw":"{\r\n   \"entrada\": {\r\n   \t    \"Sigla\":\"DU1\",\r\n   \t    \"Aplicacao\":\"ura-cartoes\",\r\n   \t    \"Usuario\":\"\",\r\n   \t    \"Inventario\":\"\",\r\n   \t    \"Parametro\":\"\",\r\n   \t    \"Feature\":\"\", \r\n           \"ListaVariavel\":[{\r\n   \t    \t\"nome\": \"CDN\",\r\n   \t    \t\"valor\":\"5678\"\r\n   \t    }]\r\n    }\r\n}"},"url":{"raw":"https://{{url_bre}}:443/DecisionService/rest/bre_hc8canaryrelease/1.0/parametrizacao","protocol":"https","host":["{{url_bre}}"],"port":"443","path":["DecisionService","rest","bre_hc8canaryrelease","1.0","parametrizacao"]}},"response":[]},{"name":"Piloto N (CDN 1234)","event":[{"listen":"test","script":{"exec":["var json = JSON.parse(responseBody);\r","\r","pm.test(\"ListaFilaDerivacao.CDN = 1900\", function () {\r","    pm.expect(json.saida.ListaFilaDerivacao[0].CDN).to.eql(\"1900\");\r","});\r","\r","pm.test(\"ListaFilaDerivacao.RoutingPoint = 3073\", function () {\r","    pm.expect(json.saida.ListaFilaDerivacao[0].RoutingPoint).to.eql(\"3073\");\r","});\r",""],"type":"text/javascript","id":"d3f28949-ddef-4a46-89a9-190ebe029af4"}}],"id":"0b8bb47a-39c3-4e42-bc78-c52b61c4fedb","protocolProfileBehavior":{"disableBodyPruning":true},"request":{"auth":{"type":"noauth"},"method":"POST","header":[{"key":"Content-Type","name":"Content-Type","type":"text","value":"application/json"},{"key":"Accept","type":"text","value":"application/json"},{"key":"Authorization","type":"text","value":"Bearer {{client_bearer_bre}}"}],"body":{"mode":"raw","raw":"{\r\n   \"entrada\": {\r\n   \t    \"Sigla\":\"DU1\",\r\n   \t    \"Aplicacao\":\"ura-cartoes\",\r\n   \t    \"Usuario\":\"\",\r\n   \t    \"Inventario\":\"\",\r\n   \t    \"Parametro\":\"\",\r\n   \t    \"Feature\":\"\", \r\n           \"ListaVariavel\":[{\r\n   \t    \t\"nome\": \"CDN\",\r\n   \t    \t\"valor\":\"5678\"\r\n   \t    }]\r\n    }\r\n}"},"url":{"raw":"https://{{url_bre}}:443/DecisionService/rest/bre_hc8canaryrelease/1.0/parametrizacao","protocol":"https","host":["{{url_bre}}"],"port":"443","path":["DecisionService","rest","bre_hc8canaryrelease","1.0","parametrizacao"]}},"response":[]}],"id":"fdfd798c-2d3b-40ea-976c-2f1823a6edc6"},{"name":"feature toggle","item":[{"name":"ALL","event":[{"listen":"test","script":{"exec":["var json = JSON.parse(responseBody);\r","\r","pm.test(\"ListaFilaDerivacao.CDN = 1900\", function () {\r","    pm.expect(json.saida.ListaFilaDerivacao[0].CDN).to.eql(\"1900\");\r","});\r","\r","pm.test(\"ListaFilaDerivacao.RoutingPoint = 3073\", function () {\r","    pm.expect(json.saida.ListaFilaDerivacao[0].RoutingPoint).to.eql(\"3073\");\r","});\r",""],"type":"text/javascript","id":"693aa397-f0ce-4786-968e-8d3a7595fd3a"}}],"id":"01e8120d-19b5-4739-992b-83c841677064","protocolProfileBehavior":{"disableBodyPruning":true},"request":{"auth":{"type":"noauth"},"method":"POST","header":[{"key":"Content-Type","name":"Content-Type","type":"text","value":"application/json"},{"key":"Accept","type":"text","value":"application/json"},{"key":"Authorization","type":"text","value":"Bearer {{client_bearer_bre}}"}],"body":{"mode":"raw","raw":"{\r\n   \"entrada\": {\r\n   \t    \"Sigla\":\"DU1\",\r\n   \t    \"Aplicacao\":\"ura-cartoes\",\r\n   \t    \"Usuario\":\"\",\r\n   \t    \"Inventario\":\"\",\r\n   \t    \"Parametro\":\"\",\r\n   \t    \"Feature\":\"\"\r\n    }\r\n}"},"url":{"raw":"https://{{url_bre}}:443/DecisionService/rest/bre_hc8canaryrelease/1.0/parametrizacao","protocol":"https","host":["{{url_bre}}"],"port":"443","path":["DecisionService","rest","bre_hc8canaryrelease","1.0","parametrizacao"]}},"response":[]},{"name":"valor-fatura","event":[{"listen":"test","script":{"exec":["var json = JSON.parse(responseBody);\r","\r","pm.test(\"ListaFilaDerivacao.CDN = 1900\", function () {\r","    pm.expect(json.saida.ListaFilaDerivacao[0].CDN).to.eql(\"1900\");\r","});\r","\r","pm.test(\"ListaFilaDerivacao.RoutingPoint = 3073\", function () {\r","    pm.expect(json.saida.ListaFilaDerivacao[0].RoutingPoint).to.eql(\"3073\");\r","});\r",""],"type":"text/javascript","id":"47704681-1569-48b1-94eb-fbe1479e1b4c"}}],"id":"f597009b-06e9-4080-88d3-0e3ed31b8aec","protocolProfileBehavior":{"disableBodyPruning":true},"request":{"auth":{"type":"noauth"},"method":"POST","header":[{"key":"Content-Type","name":"Content-Type","type":"text","value":"application/json"},{"key":"Accept","type":"text","value":"application/json"},{"key":"Authorization","type":"text","value":"Bearer {{client_bearer_bre}}"}],"body":{"mode":"raw","raw":"{\r\n   \"entrada\": {\r\n   \t    \"Sigla\":\"DU1\",\r\n   \t    \"Aplicacao\":\"ura-cartoes\",\r\n   \t    \"Usuario\":\"\",\r\n   \t    \"Inventario\":\"\",\r\n   \t    \"Parametro\":\"\",\r\n   \t    \"Feature\":\"valor-fatura\"\r\n    }\r\n}"},"url":{"raw":"https://{{url_bre}}:443/DecisionService/rest/bre_hc8canaryrelease/1.0/parametrizacao","protocol":"https","host":["{{url_bre}}"],"port":"443","path":["DecisionService","rest","bre_hc8canaryrelease","1.0","parametrizacao"]}},"response":[]}],"id":"6eceeb48-33f6-4e50-9cbc-27fab76c4776"},{"name":"Parâmetros","item":[{"name":"ALL","event":[{"listen":"test","script":{"exec":["var json = JSON.parse(responseBody);\r","\r","pm.test(\"ListaFilaDerivacao.CDN = 1900\", function () {\r","    pm.expect(json.saida.ListaFilaDerivacao[0].CDN).to.eql(\"1900\");\r","});\r","\r","pm.test(\"ListaFilaDerivacao.RoutingPoint = 3073\", function () {\r","    pm.expect(json.saida.ListaFilaDerivacao[0].RoutingPoint).to.eql(\"3073\");\r","});\r",""],"type":"text/javascript","id":"b1e322c7-7e17-44a6-9008-60fa5ede870d"}}],"id":"94560d06-cc45-4c4d-9c4b-00444765529f","protocolProfileBehavior":{"disableBodyPruning":true},"request":{"auth":{"type":"noauth"},"method":"POST","header":[{"key":"Content-Type","name":"Content-Type","type":"text","value":"application/json"},{"key":"Accept","type":"text","value":"application/json"},{"key":"Authorization","type":"text","value":"Bearer {{client_bearer_bre}}"}],"body":{"mode":"raw","raw":"{\r\n   \"entrada\": {\r\n   \t    \"Sigla\":\"DU1\",\r\n   \t    \"Aplicacao\":\"ura-cartoes\",\r\n   \t    \"Usuario\":\"\",\r\n   \t    \"Inventario\":\"\",\r\n   \t    \"Parametro\":\"\",\r\n   \t    \"Feature\":\"\"\r\n    }\r\n}"},"url":{"raw":"https://{{url_bre}}:443/DecisionService/rest/bre_hc8canaryrelease/1.0/parametrizacao","protocol":"https","host":["{{url_bre}}"],"port":"443","path":["DecisionService","rest","bre_hc8canaryrelease","1.0","parametrizacao"]}},"response":[]},{"name":"api-versao-cliente","event":[{"listen":"test","script":{"exec":["var json = JSON.parse(responseBody);\r","\r","pm.test(\"ListaFilaDerivacao.CDN = 1900\", function () {\r","    pm.expect(json.saida.ListaFilaDerivacao[0].CDN).to.eql(\"1900\");\r","});\r","\r","pm.test(\"ListaFilaDerivacao.RoutingPoint = 3073\", function () {\r","    pm.expect(json.saida.ListaFilaDerivacao[0].RoutingPoint).to.eql(\"3073\");\r","});\r",""],"type":"text/javascript","id":"f3d7157b-d136-4e31-bfd8-3c793ee12adf"}}],"id":"55a69e85-fbab-4669-8cb1-5f585ba3a85e","protocolProfileBehavior":{"disableBodyPruning":true},"request":{"auth":{"type":"noauth"},"method":"POST","header":[{"key":"Content-Type","name":"Content-Type","type":"text","value":"application/json"},{"key":"Accept","type":"text","value":"application/json"},{"key":"Authorization","type":"text","value":"Bearer {{client_bearer_bre}}"}],"body":{"mode":"raw","raw":"{\r\n   \"entrada\": {\r\n   \t    \"Sigla\":\"DU1\",\r\n   \t    \"Aplicacao\":\"ura-cartoes\",\r\n   \t    \"Usuario\":\"\",\r\n   \t    \"Inventario\":\"\",\r\n   \t    \"Parametro\":\"api-versao-cliente\",\r\n   \t    \"Feature\":\"\"\r\n    }\r\n}"},"url":{"raw":"https://{{url_bre}}:443/DecisionService/rest/bre_hc8canaryrelease/1.0/parametrizacao","protocol":"https","host":["{{url_bre}}"],"port":"443","path":["DecisionService","rest","bre_hc8canaryrelease","1.0","parametrizacao"]}},"response":[]}],"id":"7b1c2699-b47c-4a3a-8628-d78cb1694956"},{"name":"CDN=1234","event":[{"listen":"test","script":{"exec":["var json = JSON.parse(responseBody);\r","\r","pm.test(\"ListaFilaDerivacao.CDN = 1900\", function () {\r","    pm.expect(json.saida.ListaFilaDerivacao[0].CDN).to.eql(\"1900\");\r","});\r","\r","pm.test(\"ListaFilaDerivacao.RoutingPoint = 3073\", function () {\r","    pm.expect(json.saida.ListaFilaDerivacao[0].RoutingPoint).to.eql(\"3073\");\r","});\r",""],"type":"text/javascript","id":"1b03456d-27c6-4523-a52d-db8bd594cd6f"}}],"id":"265de883-a772-49c2-a918-b020915c68a4","protocolProfileBehavior":{"disableBodyPruning":true},"request":{"auth":{"type":"noauth"},"method":"POST","header":[{"key":"Content-Type","name":"Content-Type","type":"text","value":"application/json"},{"key":"Accept","type":"text","value":"application/json"},{"key":"Authorization","type":"text","value":"Bearer {{client_bearer_bre}}"}],"body":{"mode":"raw","raw":"{\r\n   \"entrada\": {\r\n   \t    \"Cliente\":{\r\n   \t    \t\"Conta\":{\r\n   \t    \t\t\"Agencia\":3765,\r\n   \t    \t\t\"Conta\":0,\r\n   \t    \t\t\"DAC\":0,\r\n   \t    \t\t\"Segmento\":\"\"\r\n   \t    \t},\r\n   \t    \t\"CpfCnpj\":0,\r\n   \t    \t\"Pessoa\":\"PF\"\r\n   \t    },\r\n   \t    \"Telefone\":{\r\n   \t    \t\"DDI\":55,\r\n   \t    \t\"DDD\":11,\r\n   \t    \t\"Telefone\":999998047\r\n   \t    },\r\n   \t    \"ListaVariavel\":[{\r\n   \t    \t\"nome\": \"CDN\",\r\n   \t    \t\"valor\":\"1234\"\r\n   \t    }],\r\n   \t    \"Sigla\":\"DU1\",\r\n   \t    \"Aplicacao\":\"ura-seguros\",\r\n   \t    \"Usuario\":\"\",\r\n   \t    \"Inventario\":\"\",\r\n   \t    \"Parametro\":\"\",\r\n   \t    \"Feature\":\"\"\r\n    }\r\n}"},"url":{"raw":"https://{{url_bre}}:443/DecisionService/rest/bre_hc8canaryrelease/1.0/parametrizacao","protocol":"https","host":["{{url_bre}}"],"port":"443","path":["DecisionService","rest","bre_hc8canaryrelease","1.0","parametrizacao"]}},"response":[]}],"id":"bcf36149-ebee-4a26-af49-ceb85edfebbd"},{"name":"ura-cartoes Copy","item":[{"name":"Estado","item":[{"name":"Piloto N (São Paulo)","event":[{"listen":"test","script":{"exec":["var json = JSON.parse(responseBody);\r","\r","pm.test(\"ListaFilaDerivacao.CDN = 1900\", function () {\r","    pm.expect(json.saida.ListaFilaDerivacao[0].CDN).to.eql(\"1900\");\r","});\r","\r","pm.test(\"ListaFilaDerivacao.RoutingPoint = 3073\", function () {\r","    pm.expect(json.saida.ListaFilaDerivacao[0].RoutingPoint).to.eql(\"3073\");\r","});\r",""],"type":"text/javascript","id":"1b6760ef-fd70-45b5-92e3-19952216849f"}}],"id":"a239d948-f327-422c-bc51-34657e5156d4","protocolProfileBehavior":{"disableBodyPruning":true},"request":{"auth":{"type":"noauth"},"method":"POST","header":[{"key":"Content-Type","name":"Content-Type","type":"text","value":"application/json"},{"key":"Accept","type":"text","value":"application/json"},{"key":"Authorization","type":"text","value":"Bearer {{client_bearer_bre}}"}],"body":{"mode":"raw","raw":"{\r\n   \"entrada\": {\r\n   \t    \"Sigla\":\"DU1\",\r\n   \t    \"Aplicacao\":\"ura-seguros\",\r\n   \t    \"Usuario\":\"\",\r\n   \t    \"Inventario\":\"\",\r\n   \t    \"Parametro\":\"\", \r\n           \"ListaVariavel\":[{\r\n   \t    \t\"nome\": \"UF\",\r\n   \t    \t\"valor\":\"SP\"\r\n   \t    }],\r\n   \t    \"Feature\":\"\"\r\n    }\r\n}"},"url":{"raw":"https://{{url_bre}}:443/DecisionService/rest/bre_hc8canaryrelease/1.0/parametrizacao","protocol":"https","host":["{{url_bre}}"],"port":"443","path":["DecisionService","rest","bre_hc8canaryrelease","1.0","parametrizacao"]}},"response":[]},{"name":"Piloto S (Rio de Janeiro)","event":[{"listen":"test","script":{"exec":["var json = JSON.parse(responseBody);\r","\r","pm.test(\"ListaFilaDerivacao.CDN = 1900\", function () {\r","    pm.expect(json.saida.ListaFilaDerivacao[0].CDN).to.eql(\"1900\");\r","});\r","\r","pm.test(\"ListaFilaDerivacao.RoutingPoint = 3073\", function () {\r","    pm.expect(json.saida.ListaFilaDerivacao[0].RoutingPoint).to.eql(\"3073\");\r","});\r",""],"type":"text/javascript","id":"7d59e46d-ffa3-4309-8e14-6ab584a31f42"}}],"id":"67d98f02-73a9-44ae-b86f-807ed1f3784f","protocolProfileBehavior":{"disableBodyPruning":true},"request":{"auth":{"type":"noauth"},"method":"POST","header":[{"key":"Content-Type","name":"Content-Type","type":"text","value":"application/json"},{"key":"Accept","type":"text","value":"application/json"},{"key":"Authorization","type":"text","value":"Bearer {{client_bearer_bre}}"}],"body":{"mode":"raw","raw":"{\r\n   \"entrada\": {\r\n   \t    \"Sigla\":\"DU1\",\r\n   \t    \"Aplicacao\":\"ura-cartoes\",\r\n   \t    \"Usuario\":\"\",\r\n   \t    \"Inventario\":\"\",\r\n   \t    \"Parametro\":\"\",\r\n   \t    \"Feature\":\"\",\r\n           \"ListaVariavel\":[{\r\n   \t    \t\"nome\": \"UF\",\r\n   \t    \t\"valor\":\"RJ\"\r\n   \t    }],\r\n   \t    \"TraceAtivo\":true\r\n    }\r\n}"},"url":{"raw":"https://{{url_bre}}:443/DecisionService/rest/bre_hc8canaryrelease/1.0/parametrizacao","protocol":"https","host":["{{url_bre}}"],"port":"443","path":["DecisionService","rest","bre_hc8canaryrelease","1.0","parametrizacao"]}},"response":[]}],"id":"c36274da-d4a5-4fa3-a1f7-076f7554e577"},{"name":"Telefone","item":[{"name":"Piloto S (DDD 21)","event":[{"listen":"test","script":{"exec":["var json = JSON.parse(responseBody);\r","\r","pm.test(\"ListaFilaDerivacao.CDN = 1900\", function () {\r","    pm.expect(json.saida.ListaFilaDerivacao[0].CDN).to.eql(\"1900\");\r","});\r","\r","pm.test(\"ListaFilaDerivacao.RoutingPoint = 3073\", function () {\r","    pm.expect(json.saida.ListaFilaDerivacao[0].RoutingPoint).to.eql(\"3073\");\r","});\r",""],"type":"text/javascript","id":"cf005eac-0278-40d1-8890-0a0ed6813986"}}],"id":"8314aaa8-d1e6-4556-9674-61fd115ad368","protocolProfileBehavior":{"disableBodyPruning":true},"request":{"auth":{"type":"noauth"},"method":"POST","header":[{"key":"Content-Type","name":"Content-Type","type":"text","value":"application/json"},{"key":"Accept","type":"text","value":"application/json"},{"key":"Authorization","type":"text","value":"Bearer {{client_bearer_bre}}"}],"body":{"mode":"raw","raw":"{\r\n   \"entrada\": {\r\n\r\n   \t    \"Sigla\":\"DU1\",\r\n   \t    \"Aplicacao\":\"ura-cartoes\",\r\n           \"Telefone\":{\r\n   \t    \t\"DDI\":55,\r\n   \t    \t\"DDD\":21\r\n   \t    },\r\n   \t    \"Usuario\":\"\",\r\n   \t    \"Inventario\":\"\",\r\n   \t    \"Parametro\":\"\",\r\n   \t    \"Feature\":\"\",\r\n   \t    \"TraceAtivo\":true\r\n    }\r\n}"},"url":{"raw":"https://{{url_bre}}:443/DecisionService/rest/bre_hc8canaryrelease/1.0/parametrizacao","protocol":"https","host":["{{url_bre}}"],"port":"443","path":["DecisionService","rest","bre_hc8canaryrelease","1.0","parametrizacao"]}},"response":[]},{"name":"Piloto N (DDD 11)","event":[{"listen":"test","script":{"exec":["var json = JSON.parse(responseBody);\r","\r","pm.test(\"ListaFilaDerivacao.CDN = 1900\", function () {\r","    pm.expect(json.saida.ListaFilaDerivacao[0].CDN).to.eql(\"1900\");\r","});\r","\r","pm.test(\"ListaFilaDerivacao.RoutingPoint = 3073\", function () {\r","    pm.expect(json.saida.ListaFilaDerivacao[0].RoutingPoint).to.eql(\"3073\");\r","});\r",""],"type":"text/javascript","id":"c80d4a1c-a2e4-46d1-a2c3-5b35284fe366"}}],"id":"9f51bf67-7e33-482a-a23b-8a8c1b176599","protocolProfileBehavior":{"disableBodyPruning":true},"request":{"auth":{"type":"noauth"},"method":"POST","header":[{"key":"Content-Type","name":"Content-Type","type":"text","value":"application/json"},{"key":"Accept","type":"text","value":"application/json"},{"key":"Authorization","type":"text","value":"Bearer {{client_bearer_bre}}"}],"body":{"mode":"raw","raw":"{\r\n   \"entrada\": {\r\n\r\n   \t    \"Sigla\":\"DU1\",\r\n   \t    \"Aplicacao\":\"ura-cartoes\",\r\n           \"Telefone\":{\r\n   \t    \t\"DDI\":55,\r\n   \t    \t\"DDD\":11,\r\n   \t    \t\"Telefone\":22222222\r\n   \t    },\r\n   \t    \"Usuario\":\"\",\r\n   \t    \"Inventario\":\"\",\r\n   \t    \"Parametro\":\"\",\r\n   \t    \"Feature\":\"\",\r\n   \t    \"TraceAtivo\":true\r\n    }\r\n}"},"url":{"raw":"https://{{url_bre}}:443/DecisionService/rest/bre_hc8canaryrelease/1.0/parametrizacao","protocol":"https","host":["{{url_bre}}"],"port":"443","path":["DecisionService","rest","bre_hc8canaryrelease","1.0","parametrizacao"]}},"response":[]},{"name":"Piloto S (11 99999-8047","event":[{"listen":"test","script":{"exec":["var json = JSON.parse(responseBody);\r","\r","pm.test(\"ListaFilaDerivacao.CDN = 1900\", function () {\r","    pm.expect(json.saida.ListaFilaDerivacao[0].CDN).to.eql(\"1900\");\r","});\r","\r","pm.test(\"ListaFilaDerivacao.RoutingPoint = 3073\", function () {\r","    pm.expect(json.saida.ListaFilaDerivacao[0].RoutingPoint).to.eql(\"3073\");\r","});\r",""],"type":"text/javascript","id":"3be37834-707d-4740-8f22-0542cda65b93"}}],"id":"71f5ffbf-6d3d-4e27-bcb5-6c2c07566862","protocolProfileBehavior":{"disableBodyPruning":true},"request":{"auth":{"type":"noauth"},"method":"POST","header":[{"key":"Content-Type","name":"Content-Type","type":"text","value":"application/json"},{"key":"Accept","type":"text","value":"application/json"},{"key":"Authorization","type":"text","value":"Bearer {{client_bearer_bre}}"}],"body":{"mode":"raw","raw":"{\r\n   \"entrada\": {\r\n\r\n   \t    \"Sigla\":\"DU1\",\r\n   \t    \"Aplicacao\":\"ura-cartoes\",\r\n           \"Telefone\":{\r\n   \t    \t\"DDI\":55,\r\n   \t    \t\"DDD\":11,\r\n   \t    \t\"Telefone\":999998047\r\n   \t    },\r\n   \t    \"Usuario\":\"\",\r\n   \t    \"Inventario\":\"\",\r\n   \t    \"Parametro\":\"\",\r\n   \t    \"Feature\":\"\",\r\n   \t    \"TraceAtivo\":true\r\n    }\r\n}"},"url":{"raw":"https://{{url_bre}}:443/DecisionService/rest/bre_hc8canaryrelease/1.0/parametrizacao","protocol":"https","host":["{{url_bre}}"],"port":"443","path":["DecisionService","rest","bre_hc8canaryrelease","1.0","parametrizacao"]}},"response":[]}],"id":"9a4c0b48-1077-45ad-981a-8197f762f981"},{"name":"CDN=1234","event":[{"listen":"test","script":{"exec":["var json = JSON.parse(responseBody);\r","\r","pm.test(\"ListaFilaDerivacao.CDN = 1900\", function () {\r","    pm.expect(json.saida.ListaFilaDerivacao[0].CDN).to.eql(\"1900\");\r","});\r","\r","pm.test(\"ListaFilaDerivacao.RoutingPoint = 3073\", function () {\r","    pm.expect(json.saida.ListaFilaDerivacao[0].RoutingPoint).to.eql(\"3073\");\r","});\r",""],"type":"text/javascript","id":"3445c65c-a604-4fb5-9705-72887ba2dbb1"}}],"id":"bc7f831a-c03f-466d-9b5d-e04a74f66bb8","protocolProfileBehavior":{"disableBodyPruning":true},"request":{"auth":{"type":"noauth"},"method":"POST","header":[{"key":"Content-Type","name":"Content-Type","type":"text","value":"application/json"},{"key":"Accept","type":"text","value":"application/json"},{"key":"Authorization","type":"text","value":"Bearer {{client_bearer_bre}}"}],"body":{"mode":"raw","raw":"{\r\n   \"entrada\": {\r\n   \t    \"Cliente\":{\r\n   \t    \t\"Conta\":{\r\n   \t    \t\t\"Agencia\":3765,\r\n   \t    \t\t\"Conta\":0,\r\n   \t    \t\t\"DAC\":0,\r\n   \t    \t\t\"Segmento\":\"\"\r\n   \t    \t},\r\n   \t    \t\"CpfCnpj\":0,\r\n   \t    \t\"Pessoa\":\"PF\"\r\n   \t    },\r\n   \t    \"Telefone\":{\r\n   \t    \t\"DDI\":55,\r\n   \t    \t\"DDD\":11,\r\n   \t    \t\"Telefone\":999998047\r\n   \t    },\r\n   \t    \"ListaVariavel\":[{\r\n   \t    \t\"nome\": \"CDN\",\r\n   \t    \t\"valor\":\"1234\"\r\n   \t    }],\r\n   \t    \"Sigla\":\"DU1\",\r\n   \t    \"Aplicacao\":\"ura-seguros\",\r\n   \t    \"Usuario\":\"\",\r\n   \t    \"Inventario\":\"\",\r\n   \t    \"Parametro\":\"\",\r\n   \t    \"Feature\":\"\"\r\n    }\r\n}"},"url":{"raw":"https://{{url_bre}}:443/DecisionService/rest/bre_hc8canaryrelease/1.0/parametrizacao","protocol":"https","host":["{{url_bre}}"],"port":"443","path":["DecisionService","rest","bre_hc8canaryrelease","1.0","parametrizacao"]}},"response":[]}],"id":"10097eb3-ec4c-42fa-bbbf-78edd06979d8"},{"name":"ura-dealer","item":[{"name":"piloto=true, se CDN=1234","event":[{"listen":"test","script":{"exec":["var json = JSON.parse(responseBody);\r","\r","pm.test(\"ListaFilaDerivacao.CDN = 1900\", function () {\r","    pm.expect(json.saida.ListaFilaDerivacao[0].CDN).to.eql(\"1900\");\r","});\r","\r","pm.test(\"ListaFilaDerivacao.RoutingPoint = 3073\", function () {\r","    pm.expect(json.saida.ListaFilaDerivacao[0].RoutingPoint).to.eql(\"3073\");\r","});\r",""],"type":"text/javascript","id":"8f3cc524-bd74-41fb-816c-78563ad99e33"}}],"id":"86138f09-3dc9-441d-91cc-b7ee5a0c8484","protocolProfileBehavior":{"disableBodyPruning":true},"request":{"auth":{"type":"noauth"},"method":"POST","header":[{"key":"Content-Type","name":"Content-Type","type":"text","value":"application/json"},{"key":"Accept","type":"text","value":"application/json"},{"key":"Authorization","type":"text","value":"Bearer {{client_bearer_bre}}"}],"body":{"mode":"raw","raw":"{\r\n   \"entrada\": {\r\n   \t    \"Telefone\":{\r\n   \t    \t\"DDI\":55,\r\n   \t    \t\"DDD\":11,\r\n   \t    \t\"Telefone\":22222222\r\n   \t    },\r\n   \t    \"ListaVariavel\":[{\r\n   \t    \t\"nome\":\"CDN\",\r\n   \t    \t\"valor\":\"1234\"\r\n   \t    }],\r\n   \t    \"Sigla\":\"DU1\",\r\n   \t    \"Aplicacao\":\"ura-dealer\",\r\n   \t    \"TraceAtivo\":true,\r\n   \t    \"Usuario\":\"\",\r\n   \t    \"Inventario\":\"\",\r\n   \t    \"Parametro\":\"\",\r\n   \t    \"Feature\":\"\"\r\n    }\r\n}"},"url":{"raw":"https://{{url_bre}}:443/DecisionService/rest/bre_hc8canaryrelease/1.0/parametrizacao","protocol":"https","host":["{{url_bre}}"],"port":"443","path":["DecisionService","rest","bre_hc8canaryrelease","1.0","parametrizacao"]}},"response":[]},{"name":"piloto=false, se CDN=0003","event":[{"listen":"test","script":{"exec":["var json = JSON.parse(responseBody);\r","\r","pm.test(\"ListaFilaDerivacao.CDN = 1900\", function () {\r","    pm.expect(json.saida.ListaFilaDerivacao[0].CDN).to.eql(\"1900\");\r","});\r","\r","pm.test(\"ListaFilaDerivacao.RoutingPoint = 3073\", function () {\r","    pm.expect(json.saida.ListaFilaDerivacao[0].RoutingPoint).to.eql(\"3073\");\r","});\r",""],"type":"text/javascript","id":"e49615d1-e5fa-41eb-97a7-5c47f51ea780"}}],"id":"b9e684a6-c0c5-4243-b23a-1cd1b409ace4","protocolProfileBehavior":{"disableBodyPruning":true},"request":{"auth":{"type":"noauth"},"method":"POST","header":[{"key":"Content-Type","name":"Content-Type","type":"text","value":"application/json"},{"key":"Accept","type":"text","value":"application/json"},{"key":"Authorization","type":"text","value":"Bearer {{client_bearer_bre}}"}],"body":{"mode":"raw","raw":"{\r\n   \"entrada\": {\r\n   \t    \"Telefone\":{\r\n   \t    \t\"DDI\":55,\r\n   \t    \t\"DDD\":11,\r\n   \t    \t\"Telefone\":22222222\r\n   \t    },\r\n   \t    \"ListaVariavel\":[{\r\n   \t    \t\"nome\":\"CDN\",\r\n   \t    \t\"valor\":\"0003\"\r\n   \t    }],\r\n   \t    \"Sigla\":\"DU1\",\r\n   \t    \"Aplicacao\":\"ura-dealer\",\r\n   \t    \"TraceAtivo\":true,\r\n   \t    \"Usuario\":\"\",\r\n   \t    \"Inventario\":\"\",\r\n   \t    \"Parametro\":\"\",\r\n   \t    \"Feature\":\"\"\r\n    }\r\n}"},"url":{"raw":"https://{{url_bre}}:443/DecisionService/rest/bre_hc8canaryrelease/1.0/parametrizacao","protocol":"https","host":["{{url_bre}}"],"port":"443","path":["DecisionService","rest","bre_hc8canaryrelease","1.0","parametrizacao"]}},"response":[]},{"name":"piloto=true, se URA=TLMK1234","event":[{"listen":"test","script":{"exec":["var json = JSON.parse(responseBody);\r","\r","pm.test(\"ListaFilaDerivacao.CDN = 1900\", function () {\r","    pm.expect(json.saida.ListaFilaDerivacao[0].CDN).to.eql(\"1900\");\r","});\r","\r","pm.test(\"ListaFilaDerivacao.RoutingPoint = 3073\", function () {\r","    pm.expect(json.saida.ListaFilaDerivacao[0].RoutingPoint).to.eql(\"3073\");\r","});\r",""],"type":"text/javascript","id":"413a8d34-5a5c-4a65-8b19-15929f6a56b7"}}],"id":"329e62ff-68d6-45b1-85e8-d9e035f27c44","protocolProfileBehavior":{"disableBodyPruning":true},"request":{"auth":{"type":"noauth"},"method":"POST","header":[{"key":"Content-Type","name":"Content-Type","type":"text","value":"application/json"},{"key":"Accept","type":"text","value":"application/json"},{"key":"Authorization","type":"text","value":"Bearer {{client_bearer_bre}}"}],"body":{"mode":"raw","raw":"{\r\n   \"entrada\": {\r\n   \t    \"Telefone\":{\r\n   \t    \t\"DDI\":55,\r\n   \t    \t\"DDD\":11,\r\n   \t    \t\"Telefone\":1999998047\r\n   \t    },\r\n   \t    \"Variavel\":{\r\n   \t    \t\"nome\":\"CDN\",\r\n   \t    \t\"valor\":\"1\"\r\n   \t    },\r\n   \t    \"Sigla\":\"DU1\",\r\n   \t    \"Aplicacao\":\"ura-dealer\",\r\n   \t    \"TraceAtivo\":true,\r\n   \t    \"Usuario\":\"\",\r\n   \t    \"Inventario\":\"TLK000020001234\",\r\n   \t    \"Parametro\":\"\",\r\n   \t    \"Feature\":\"\"\r\n    }\r\n}"},"url":{"raw":"https://{{url_bre}}:443/DecisionService/rest/bre_hc8canaryrelease/1.0/parametrizacao","protocol":"https","host":["{{url_bre}}"],"port":"443","path":["DecisionService","rest","bre_hc8canaryrelease","1.0","parametrizacao"]}},"response":[]},{"name":"piloto=false, se URA=TLMK5678","event":[{"listen":"test","script":{"exec":["var json = JSON.parse(responseBody);\r","\r","pm.test(\"ListaFilaDerivacao.CDN = 1900\", function () {\r","    pm.expect(json.saida.ListaFilaDerivacao[0].CDN).to.eql(\"1900\");\r","});\r","\r","pm.test(\"ListaFilaDerivacao.RoutingPoint = 3073\", function () {\r","    pm.expect(json.saida.ListaFilaDerivacao[0].RoutingPoint).to.eql(\"3073\");\r","});\r",""],"type":"text/javascript","id":"9783eb6c-4330-46c2-8ca1-6eba93aa8a89"}}],"id":"a4ef8df0-f90e-4eeb-9fc9-bfaaf7c9a34d","protocolProfileBehavior":{"disableBodyPruning":true},"request":{"auth":{"type":"noauth"},"method":"POST","header":[{"key":"Content-Type","name":"Content-Type","type":"text","value":"application/json"},{"key":"Accept","type":"text","value":"application/json"},{"key":"Authorization","type":"text","value":"Bearer {{client_bearer_bre}}"}],"body":{"mode":"raw","raw":"{\r\n   \"entrada\": {\r\n   \t    \"Telefone\":{\r\n   \t    \t\"DDI\":55,\r\n   \t    \t\"DDD\":11,\r\n   \t    \t\"Telefone\":1999998047\r\n   \t    },\r\n   \t    \"Variavel\":{\r\n   \t    \t\"nome\":\"CDN\",\r\n   \t    \t\"valor\":\"1\"\r\n   \t    },\r\n   \t    \"Sigla\":\"DU1\",\r\n   \t    \"Aplicacao\":\"ura-dealer\",\r\n   \t    \"TraceAtivo\":true,\r\n   \t    \"Usuario\":\"\",\r\n   \t    \"Inventario\":\"TLK000020005678\",\r\n   \t    \"Parametro\":\"\",\r\n   \t    \"Feature\":\"\"\r\n    }\r\n}"},"url":{"raw":"https://{{url_bre}}:443/DecisionService/rest/bre_hc8canaryrelease/1.0/parametrizacao","protocol":"https","host":["{{url_bre}}"],"port":"443","path":["DecisionService","rest","bre_hc8canaryrelease","1.0","parametrizacao"]}},"response":[]},{"name":"piloto=true, se DDD=31","event":[{"listen":"test","script":{"exec":["var json = JSON.parse(responseBody);\r","\r","pm.test(\"ListaFilaDerivacao.CDN = 1900\", function () {\r","    pm.expect(json.saida.ListaFilaDerivacao[0].CDN).to.eql(\"1900\");\r","});\r","\r","pm.test(\"ListaFilaDerivacao.RoutingPoint = 3073\", function () {\r","    pm.expect(json.saida.ListaFilaDerivacao[0].RoutingPoint).to.eql(\"3073\");\r","});\r",""],"type":"text/javascript","id":"03b46c01-f39d-404a-b8e4-471c007dd58e"}}],"id":"6ea64d68-5d72-45ce-bce5-e66588e27705","protocolProfileBehavior":{"disableBodyPruning":true},"request":{"auth":{"type":"noauth"},"method":"POST","header":[{"key":"Content-Type","name":"Content-Type","type":"text","value":"application/json"},{"key":"Accept","type":"text","value":"application/json"},{"key":"Authorization","type":"text","value":"Bearer {{client_bearer_bre}}"}],"body":{"mode":"raw","raw":"{\r\n   \"entrada\": {\r\n   \t    \"Telefone\":{\r\n   \t    \t\"DDI\":55,\r\n   \t    \t\"DDD\":31,\r\n   \t    \t\"Telefone\":999998047\r\n   \t    },\r\n   \t    \"Sigla\":\"DU1\",\r\n   \t    \"Aplicacao\":\"ura-dealer\",\r\n   \t    \"TraceAtivo\":true,\r\n   \t    \"Usuario\":\"\",\r\n   \t    \"Inventario\":\"\",\r\n   \t    \"Parametro\":\"\",\r\n   \t    \"Feature\":\"\"\r\n    }\r\n}"},"url":{"raw":"https://{{url_bre}}:443/DecisionService/rest/bre_hc8canaryrelease/1.0/parametrizacao","protocol":"https","host":["{{url_bre}}"],"port":"443","path":["DecisionService","rest","bre_hc8canaryrelease","1.0","parametrizacao"]}},"response":[]},{"name":"piloto=false, se DDD=11","event":[{"listen":"test","script":{"exec":["var json = JSON.parse(responseBody);\r","\r","pm.test(\"ListaFilaDerivacao.CDN = 1900\", function () {\r","    pm.expect(json.saida.ListaFilaDerivacao[0].CDN).to.eql(\"1900\");\r","});\r","\r","pm.test(\"ListaFilaDerivacao.RoutingPoint = 3073\", function () {\r","    pm.expect(json.saida.ListaFilaDerivacao[0].RoutingPoint).to.eql(\"3073\");\r","});\r",""],"type":"text/javascript","id":"a10138df-c62e-4c23-b159-a23df202c84d"}}],"id":"139f0dea-873d-48c4-9ff8-89b41c8c9202","protocolProfileBehavior":{"disableBodyPruning":true},"request":{"auth":{"type":"noauth"},"method":"POST","header":[{"key":"Content-Type","name":"Content-Type","type":"text","value":"application/json"},{"key":"Accept","type":"text","value":"application/json"},{"key":"Authorization","type":"text","value":"Bearer {{client_bearer_bre}}"}],"body":{"mode":"raw","raw":"{\r\n   \"entrada\": {\r\n   \t    \"Telefone\":{\r\n   \t    \t\"DDI\":55,\r\n   \t    \t\"DDD\":11,\r\n   \t    \t\"Telefone\":12345678\r\n   \t    },\r\n   \t    \"Sigla\":\"DU1\",\r\n   \t    \"Aplicacao\":\"ura-dealer\",\r\n   \t    \"TraceAtivo\":true,\r\n   \t    \"Usuario\":\"\",\r\n   \t    \"Inventario\":\"\",\r\n   \t    \"Parametro\":\"\",\r\n   \t    \"Feature\":\"\"\r\n    }\r\n}"},"url":{"raw":"https://{{url_bre}}:443/DecisionService/rest/bre_hc8canaryrelease/1.0/parametrizacao","protocol":"https","host":["{{url_bre}}"],"port":"443","path":["DecisionService","rest","bre_hc8canaryrelease","1.0","parametrizacao"]}},"response":[]},{"name":"feature = Udial ou HC8?","event":[{"listen":"test","script":{"exec":["var json = JSON.parse(responseBody);\r","\r","pm.test(\"ListaFilaDerivacao.CDN = 1900\", function () {\r","    pm.expect(json.saida.ListaFilaDerivacao[0].CDN).to.eql(\"1900\");\r","});\r","\r","pm.test(\"ListaFilaDerivacao.RoutingPoint = 3073\", function () {\r","    pm.expect(json.saida.ListaFilaDerivacao[0].RoutingPoint).to.eql(\"3073\");\r","});\r",""],"type":"text/javascript","id":"300e498e-7c48-4dc6-9dff-e2a595538e52"}}],"id":"35f5c3cc-c150-4b58-a297-6b62bf5af76a","protocolProfileBehavior":{"disableBodyPruning":true},"request":{"auth":{"type":"noauth"},"method":"POST","header":[{"key":"Content-Type","name":"Content-Type","type":"text","value":"application/json"},{"key":"Accept","type":"text","value":"application/json"},{"key":"Authorization","type":"text","value":"Bearer {{client_bearer_bre}}"}],"body":{"mode":"raw","raw":"{\r\n   \"entrada\": {\r\n   \t    \"Telefone\":{\r\n   \t    \t\"DDI\":55,\r\n   \t    \t\"DDD\":11,\r\n   \t    \t\"Telefone\":999998047\r\n   \t    },\r\n   \t    \"Variavel\":{\r\n   \t    \t\"nome\":\"CDN\",\r\n   \t    \t\"valor\":\"1234\"\r\n   \t    },\r\n   \t    \"Sigla\":\"DU1\",\r\n   \t    \"Aplicacao\":\"ura-dealer\",\r\n   \t    \"TraceAtivo\":true,\r\n   \t    \"Usuario\":\"\",\r\n   \t    \"Inventario\":\"\",\r\n   \t    \"Parametro\":\"\",\r\n   \t    \"Feature\":\"api-hc8\"\r\n    }\r\n}"},"url":{"raw":"https://{{url_bre}}:443/DecisionService/rest/bre_hc8canaryrelease/1.0/parametrizacao","protocol":"https","host":["{{url_bre}}"],"port":"443","path":["DecisionService","rest","bre_hc8canaryrelease","1.0","parametrizacao"]}},"response":[]},{"name":"parâmetro = url-api-hc8","event":[{"listen":"test","script":{"exec":["var json = JSON.parse(responseBody);\r","\r","pm.test(\"ListaFilaDerivacao.CDN = 1900\", function () {\r","    pm.expect(json.saida.ListaFilaDerivacao[0].CDN).to.eql(\"1900\");\r","});\r","\r","pm.test(\"ListaFilaDerivacao.RoutingPoint = 3073\", function () {\r","    pm.expect(json.saida.ListaFilaDerivacao[0].RoutingPoint).to.eql(\"3073\");\r","});\r",""],"type":"text/javascript","id":"25d53d39-df53-4ff5-a544-b5ff07686681"}}],"id":"87d2a903-eb1a-425b-8e93-fb0132adddc4","protocolProfileBehavior":{"disableBodyPruning":true},"request":{"auth":{"type":"noauth"},"method":"POST","header":[{"key":"Content-Type","name":"Content-Type","type":"text","value":"application/json"},{"key":"Accept","type":"text","value":"application/json"},{"key":"Authorization","type":"text","value":"Bearer {{client_bearer_bre}}"}],"body":{"mode":"raw","raw":"{\r\n   \"entrada\": {\r\n   \t    \"Telefone\":{\r\n   \t    \t\"DDI\":55,\r\n   \t    \t\"DDD\":11,\r\n   \t    \t\"Telefone\":999998047\r\n   \t    },\r\n   \t    \"Variavel\":{\r\n   \t    \t\"nome\":\"CDN\",\r\n   \t    \t\"valor\":\"1234\"\r\n   \t    },\r\n   \t    \"Sigla\":\"DU1\",\r\n   \t    \"Aplicacao\":\"ura-dealer\",\r\n   \t    \"TraceAtivo\":false,\r\n   \t    \"Usuario\":\"\",\r\n   \t    \"Inventario\":\"\",\r\n   \t    \"Parametro\":\"\",\r\n   \t    \"Feature\":\"\"\r\n    }\r\n}"},"url":{"raw":"https://{{url_bre}}:443/DecisionService/rest/bre_hc8canaryrelease/1.0/parametrizacao","protocol":"https","host":["{{url_bre}}"],"port":"443","path":["DecisionService","rest","bre_hc8canaryrelease","1.0","parametrizacao"]}},"response":[]},{"name":"parâmetro = FilaBolsao","event":[{"listen":"test","script":{"exec":["var json = JSON.parse(responseBody);\r","\r","pm.test(\"ListaFilaDerivacao.CDN = 1900\", function () {\r","    pm.expect(json.saida.ListaFilaDerivacao[0].CDN).to.eql(\"1900\");\r","});\r","\r","pm.test(\"ListaFilaDerivacao.RoutingPoint = 3073\", function () {\r","    pm.expect(json.saida.ListaFilaDerivacao[0].RoutingPoint).to.eql(\"3073\");\r","});\r",""],"type":"text/javascript","id":"13a2d4c0-d67d-4904-9135-ef48daa2bcd4"}}],"id":"bfe5b9e4-6bd5-4fc5-ae24-b1ae0142c629","protocolProfileBehavior":{"disableBodyPruning":true},"request":{"auth":{"type":"noauth"},"method":"POST","header":[{"key":"Content-Type","name":"Content-Type","type":"text","value":"application/json"},{"key":"Accept","type":"text","value":"application/json"},{"key":"Authorization","type":"text","value":"Bearer {{client_bearer_bre}}"}],"body":{"mode":"raw","raw":"{\r\n   \"entrada\": {\r\n   \t    \"Telefone\":{\r\n   \t    \t\"DDI\":55,\r\n   \t    \t\"DDD\":11,\r\n   \t    \t\"Telefone\":999998047\r\n   \t    },\r\n   \t    \"Variavel\":{\r\n   \t    \t\"nome\":\"CDN\",\r\n   \t    \t\"valor\":\"1234\"\r\n   \t    },\r\n   \t    \"Sigla\":\"DU1\",\r\n   \t    \"Aplicacao\":\"ura-dealer\",\r\n   \t    \"TraceAtivo\":false,\r\n   \t    \"Usuario\":\"\",\r\n   \t    \"Inventario\":\"\",\r\n   \t    \"Parametro\":\"FilaBolsao\",\r\n   \t    \"Feature\":\"\"\r\n    }\r\n}"},"url":{"raw":"https://{{url_bre}}:443/DecisionService/rest/bre_hc8canaryrelease/1.0/parametrizacao","protocol":"https","host":["{{url_bre}}"],"port":"443","path":["DecisionService","rest","bre_hc8canaryrelease","1.0","parametrizacao"]}},"response":[]},{"name":"piloto=false, se Data=2010","event":[{"listen":"test","script":{"exec":["var json = JSON.parse(responseBody);\r","\r","pm.test(\"ListaFilaDerivacao.CDN = 1900\", function () {\r","    pm.expect(json.saida.ListaFilaDerivacao[0].CDN).to.eql(\"1900\");\r","});\r","\r","pm.test(\"ListaFilaDerivacao.RoutingPoint = 3073\", function () {\r","    pm.expect(json.saida.ListaFilaDerivacao[0].RoutingPoint).to.eql(\"3073\");\r","});\r",""],"type":"text/javascript","id":"c0b9c5a7-9933-433d-bb76-731460289b86"}}],"id":"86aa95c5-4b39-4a5b-b1d8-aa4c163a5f2e","protocolProfileBehavior":{"disableBodyPruning":true},"request":{"auth":{"type":"noauth"},"method":"POST","header":[{"key":"Content-Type","name":"Content-Type","type":"text","value":"application/json"},{"key":"Accept","type":"text","value":"application/json"},{"key":"Authorization","type":"text","value":"Bearer {{client_bearer_bre}}"}],"body":{"mode":"raw","raw":"{\r\n   \"entrada\": {\r\n   \t    \"Telefone\":{\r\n   \t    \t\"DDI\":55,\r\n   \t    \t\"DDD\":11,\r\n   \t    \t\"Telefone\":22222222\r\n   \t    },\r\n   \t    \"ListaVariavel\":[{\r\n   \t    \t\"nome\":\"CDN\",\r\n   \t    \t\"valor\":\"1234\"\r\n   \t    }],\r\n   \t    \"Sigla\":\"DU1\",\r\n   \t    \"Aplicacao\":\"ura-dealer\",\r\n   \t    \"Data\": \"2010-09-01T13:17:00.000+0000\",\r\n   \t    \"TraceAtivo\":false,\r\n   \t    \"Usuario\":\"\",\r\n   \t    \"Inventario\":\"\",\r\n   \t    \"Parametro\":\"\",\r\n   \t    \"xFeature\":\"CargaOnline\"\r\n    }\r\n}"},"url":{"raw":"https://{{url_bre}}:443/DecisionService/rest/bre_hc8canaryrelease/1.0/parametrizacao","protocol":"https","host":["{{url_bre}}"],"port":"443","path":["DecisionService","rest","bre_hc8canaryrelease","1.0","parametrizacao"]}},"response":[]}],"id":"8d4503c7-ff99-4a94-a79f-ec2d0356a110"}],"id":"0090e28c-8b4b-4f65-b7e6-7036da610258"},{"name":"XX","item":[{"name":"chat-mobile","item":[{"name":"LOGIN BRE","event":[{"listen":"test","script":{"exec":["var jsonData = JSON.parse(responseBody);\r","\r","\r","pm.test(\"Status code is 200\", function () {\r","    pm.response.to.have.status(200);});\r","\r","pm.environment.set(\"client_bearer_bre\", jsonData.access_token);"],"type":"text/javascript","id":"b497db4e-d1a4-40e2-98da-d70915a97f8c"}},{"listen":"prerequest","script":{"exec":[""],"type":"text/javascript","id":"a43de917-90ae-4fcf-8399-6cabee8aa1e8"}}],"id":"fe508b1a-8df0-4790-966d-2a7ae5cc1f0e","protocolProfileBehavior":{"disableBodyPruning":true},"request":{"method":"POST","header":[{"key":"Content-Type","name":"Content-Type","type":"text","value":"application/x-www-form-urlencoded"},{"key":"Accept","type":"text","value":"application/json"}],"body":{"mode":"urlencoded","urlencoded":[{"key":"grant_type","value":"client_credentials","type":"text"},{"key":"client_id","value":"{{client_id_bre}}","type":"text"},{"key":"client_secret","value":"{{client_secret_bre}}","type":"text"}]},"url":{"raw":"https://{{url_sts}}/api/oauth/token","protocol":"https","host":["{{url_sts}}"],"path":["api","oauth","token"]},"description":"Chamada para STS\n"},"response":[]},{"name":"boleto SIM (telefone)","event":[{"listen":"test","script":{"exec":["var json = JSON.parse(responseBody);\r","\r","pm.test(\"ListaFilaDerivacao.CDN = 1900\", function () {\r","    pm.expect(json.saida.ListaFilaDerivacao[0].CDN).to.eql(\"1900\");\r","});\r","\r","pm.test(\"ListaFilaDerivacao.RoutingPoint = 3073\", function () {\r","    pm.expect(json.saida.ListaFilaDerivacao[0].RoutingPoint).to.eql(\"3073\");\r","});\r",""],"type":"text/javascript","id":"baeaee40-6db4-4f1f-a444-1e75c961019a"}}],"id":"d154b000-06b5-40db-949c-6ac3a12f34fc","protocolProfileBehavior":{"disableBodyPruning":true},"request":{"auth":{"type":"noauth"},"method":"POST","header":[{"key":"Content-Type","name":"Content-Type","type":"text","value":"application/json"},{"key":"Accept","type":"text","value":"application/json"},{"key":"Authorization","type":"text","value":"Bearer {{client_bearer_bre}}"}],"body":{"mode":"raw","raw":"{\r\n   \"entrada\": {\r\n        \"Telefone\":{\r\n   \t    \t\"DDI\":55,\r\n   \t    \t\"DDD\":11,\r\n   \t    \t\"Telefone\":999998047\r\n   \t    },\r\n   \t    \"Sigla\":\"XX\",\r\n   \t    \"Aplicacao\":\"chat-mobile\",\r\n   \t    \"Usuario\":\"\",\r\n   \t    \"Inventario\":\"\",\r\n   \t    \"Parametro\":\"\",\r\n   \t    \"Feature\":\"pagamento-boleto\"\r\n    }\r\n}"},"url":{"raw":"https://{{url_bre}}:443/DecisionService/rest/bre_hc8canaryrelease/1.0/parametrizacao","protocol":"https","host":["{{url_bre}}"],"port":"443","path":["DecisionService","rest","bre_hc8canaryrelease","1.0","parametrizacao"]}},"response":[]},{"name":"boleto NAO (telefone)","event":[{"listen":"test","script":{"exec":["var json = JSON.parse(responseBody);\r","\r","pm.test(\"ListaFilaDerivacao.CDN = 1900\", function () {\r","    pm.expect(json.saida.ListaFilaDerivacao[0].CDN).to.eql(\"1900\");\r","});\r","\r","pm.test(\"ListaFilaDerivacao.RoutingPoint = 3073\", function () {\r","    pm.expect(json.saida.ListaFilaDerivacao[0].RoutingPoint).to.eql(\"3073\");\r","});\r",""],"type":"text/javascript","id":"fa4899a1-a0f2-4f26-8b80-5c9a407c85de"}}],"id":"6ab439f6-8f66-4341-9893-1db62b190801","protocolProfileBehavior":{"disableBodyPruning":true},"request":{"auth":{"type":"noauth"},"method":"POST","header":[{"key":"Content-Type","name":"Content-Type","type":"text","value":"application/json"},{"key":"Accept","type":"text","value":"application/json"},{"key":"Authorization","type":"text","value":"Bearer {{client_bearer_bre}}"}],"body":{"mode":"raw","raw":"{\r\n   \"entrada\": {\r\n        \"Telefone\":{\r\n   \t    \t\"DDI\":55,\r\n   \t    \t\"DDD\":11,\r\n   \t    \t\"Telefone\":22222222\r\n   \t    },\r\n   \t    \"Sigla\":\"XX\",\r\n   \t    \"Aplicacao\":\"chat-mobile\",\r\n   \t    \"Usuario\":\"\",\r\n   \t    \"Inventario\":\"\",\r\n   \t    \"Parametro\":\"\",\r\n   \t    \"Feature\":\"pagamento-boleto\"\r\n    }\r\n}"},"url":{"raw":"https://{{url_bre}}:443/DecisionService/rest/bre_hc8canaryrelease/1.0/parametrizacao","protocol":"https","host":["{{url_bre}}"],"port":"443","path":["DecisionService","rest","bre_hc8canaryrelease","1.0","parametrizacao"]}},"response":[]},{"name":"PIX SIM (agencia)","event":[{"listen":"test","script":{"exec":["var json = JSON.parse(responseBody);\r","\r","pm.test(\"ListaFilaDerivacao.CDN = 1900\", function () {\r","    pm.expect(json.saida.ListaFilaDerivacao[0].CDN).to.eql(\"1900\");\r","});\r","\r","pm.test(\"ListaFilaDerivacao.RoutingPoint = 3073\", function () {\r","    pm.expect(json.saida.ListaFilaDerivacao[0].RoutingPoint).to.eql(\"3073\");\r","});\r",""],"type":"text/javascript","id":"02f9017f-f5d2-44aa-9e72-a20ff02a829e"}}],"id":"4315cdaa-32a2-4260-a343-47e5daf4f058","protocolProfileBehavior":{"disableBodyPruning":true},"request":{"auth":{"type":"noauth"},"method":"POST","header":[{"key":"Content-Type","name":"Content-Type","type":"text","value":"application/json"},{"key":"Accept","type":"text","value":"application/json"},{"key":"Authorization","type":"text","value":"Bearer {{client_bearer_bre}}"}],"body":{"mode":"raw","raw":"{\r\n   \"entrada\": {\r\n   \t     \"Cliente\": {\r\n            \"Conta\": {\r\n                \"Agencia\": 3977,\r\n                \"Conta\": 5201,\r\n                \"DAC\": 2,\r\n                \"Segmento\": \"\"\r\n            },\r\n            \"CpfCnpj\": 0,\r\n            \"Pessoa\": \"\"\r\n        },\r\n   \t    \"Sigla\":\"XX\",\r\n   \t    \"Aplicacao\":\"chat-mobile\",\r\n   \t    \"Usuario\":\"\",\r\n   \t    \"Inventario\":\"\",\r\n   \t    \"Parametro\":\"\",\r\n   \t    \"Feature\":\"transferencia-pix\",\r\n   \t    \"ListaVariavel\":[]\r\n    }\r\n}"},"url":{"raw":"https://{{url_bre}}:443/DecisionService/rest/bre_hc8canaryrelease/1.0/parametrizacao","protocol":"https","host":["{{url_bre}}"],"port":"443","path":["DecisionService","rest","bre_hc8canaryrelease","1.0","parametrizacao"]}},"response":[]},{"name":"PIX NAO (agencia)","event":[{"listen":"test","script":{"exec":["var json = JSON.parse(responseBody);\r","\r","pm.test(\"ListaFilaDerivacao.CDN = 1900\", function () {\r","    pm.expect(json.saida.ListaFilaDerivacao[0].CDN).to.eql(\"1900\");\r","});\r","\r","pm.test(\"ListaFilaDerivacao.RoutingPoint = 3073\", function () {\r","    pm.expect(json.saida.ListaFilaDerivacao[0].RoutingPoint).to.eql(\"3073\");\r","});\r",""],"type":"text/javascript","id":"369ea565-6046-4dc2-a853-2016c084bb24"}}],"id":"ebc5e540-cede-491d-bd7d-0a326b83faa3","protocolProfileBehavior":{"disableBodyPruning":true},"request":{"auth":{"type":"noauth"},"method":"POST","header":[{"key":"Content-Type","name":"Content-Type","type":"text","value":"application/json"},{"key":"Accept","type":"text","value":"application/json"},{"key":"Authorization","type":"text","value":"Bearer {{client_bearer_bre}}"}],"body":{"mode":"raw","raw":"{\r\n   \"entrada\": {\r\n   \t     \"Cliente\": {\r\n            \"Conta\": {\r\n                \"Agencia\": 1500,\r\n                \"Conta\": 5201,\r\n                \"DAC\": 2,\r\n                \"Segmento\": \"\"\r\n            },\r\n            \"CpfCnpj\": 0,\r\n            \"Pessoa\": \"\"\r\n        },\r\n   \t    \"Sigla\":\"XX\",\r\n   \t    \"Aplicacao\":\"chat-mobile\",\r\n   \t    \"Usuario\":\"\",\r\n   \t    \"Inventario\":\"\",\r\n   \t    \"Parametro\":\"\",\r\n   \t    \"Feature\":\"transferencia-pix\",\r\n   \t    \"ListaVariavel\":[]\r\n    }\r\n}"},"url":{"raw":"https://{{url_bre}}:443/DecisionService/rest/bre_hc8canaryrelease/1.0/parametrizacao","protocol":"https","host":["{{url_bre}}"],"port":"443","path":["DecisionService","rest","bre_hc8canaryrelease","1.0","parametrizacao"]}},"response":[]},{"name":"$950 (DDD)","event":[{"listen":"test","script":{"exec":["var json = JSON.parse(responseBody);\r","\r","pm.test(\"ListaFilaDerivacao.CDN = 1900\", function () {\r","    pm.expect(json.saida.ListaFilaDerivacao[0].CDN).to.eql(\"1900\");\r","});\r","\r","pm.test(\"ListaFilaDerivacao.RoutingPoint = 3073\", function () {\r","    pm.expect(json.saida.ListaFilaDerivacao[0].RoutingPoint).to.eql(\"3073\");\r","});\r",""],"type":"text/javascript","id":"a2835986-a737-4ce4-8d63-a772e2c55ced"}}],"id":"dad01493-a359-435c-b184-8bb96d02ffb9","protocolProfileBehavior":{"disableBodyPruning":true},"request":{"auth":{"type":"noauth"},"method":"POST","header":[{"key":"Content-Type","name":"Content-Type","type":"text","value":"application/json"},{"key":"Accept","type":"text","value":"application/json"},{"key":"Authorization","type":"text","value":"Bearer {{client_bearer_bre}}"}],"body":{"mode":"raw","raw":"{\r\n   \"entrada\": {\r\n   \t     \"Cliente\": {\r\n            \"Conta\": {\r\n                \"Agencia\": 0,\r\n                \"Conta\": 0,\r\n                \"DAC\": 0,\r\n                \"Segmento\": \"\"\r\n            },\r\n            \"CpfCnpj\": 0,\r\n            \"Pessoa\": \"\"\r\n        },\r\n        \"Telefone\":{\r\n   \t    \t\"DDI\":55,\r\n   \t    \t\"DDD\":11,\r\n   \t    \t\"Telefone\":0\r\n   \t    },\r\n   \t    \"Sigla\":\"XX\",\r\n   \t    \"Aplicacao\":\"chat-mobile\",\r\n   \t    \"Usuario\":\"\",\r\n   \t    \"Inventario\":\"\",\r\n   \t    \"Parametro\":\"compra-dolar-valor-maximo\",\r\n   \t    \"Feature\":\"\",\r\n   \t    \"ListaVariavel\":[]\r\n    }\r\n}"},"url":{"raw":"https://{{url_bre}}:443/DecisionService/rest/bre_hc8canaryrelease/1.0/parametrizacao","protocol":"https","host":["{{url_bre}}"],"port":"443","path":["DecisionService","rest","bre_hc8canaryrelease","1.0","parametrizacao"]}},"response":[]},{"name":"$3000 (DDD)","event":[{"listen":"test","script":{"exec":["var json = JSON.parse(responseBody);\r","\r","pm.test(\"ListaFilaDerivacao.CDN = 1900\", function () {\r","    pm.expect(json.saida.ListaFilaDerivacao[0].CDN).to.eql(\"1900\");\r","});\r","\r","pm.test(\"ListaFilaDerivacao.RoutingPoint = 3073\", function () {\r","    pm.expect(json.saida.ListaFilaDerivacao[0].RoutingPoint).to.eql(\"3073\");\r","});\r",""],"type":"text/javascript","id":"975b1123-03c4-4043-8470-2f77bc436945"}}],"id":"1e9461a2-33ce-42c7-8a32-79ce96f319d4","protocolProfileBehavior":{"disableBodyPruning":true},"request":{"auth":{"type":"noauth"},"method":"POST","header":[{"key":"Content-Type","name":"Content-Type","type":"text","value":"application/json"},{"key":"Accept","type":"text","value":"application/json"},{"key":"Authorization","type":"text","value":"Bearer {{client_bearer_bre}}"}],"body":{"mode":"raw","raw":"{\r\n   \"entrada\": {\r\n   \t     \"Cliente\": {\r\n            \"Conta\": {\r\n                \"Agencia\": 0,\r\n                \"Conta\": 0,\r\n                \"DAC\": 0,\r\n                \"Segmento\": \"\"\r\n            },\r\n            \"CpfCnpj\": 0,\r\n            \"Pessoa\": \"\"\r\n        },\r\n        \"Telefone\":{\r\n   \t    \t\"DDI\":55,\r\n   \t    \t\"DDD\":31,\r\n   \t    \t\"Telefone\":0\r\n   \t    },\r\n   \t    \"Sigla\":\"XX\",\r\n   \t    \"Aplicacao\":\"chat-mobile\",\r\n   \t    \"Usuario\":\"\",\r\n   \t    \"Inventario\":\"\",\r\n   \t    \"Parametro\":\"compra-dolar-valor-maximo\",\r\n   \t    \"Feature\":\"\"\r\n    }\r\n}"},"url":{"raw":"https://{{url_bre}}:443/DecisionService/rest/bre_hc8canaryrelease/1.0/parametrizacao","protocol":"https","host":["{{url_bre}}"],"port":"443","path":["DecisionService","rest","bre_hc8canaryrelease","1.0","parametrizacao"]}},"response":[]},{"name":"Listar parametros e features","event":[{"listen":"test","script":{"exec":["var json = JSON.parse(responseBody);\r","\r","pm.test(\"ListaFilaDerivacao.CDN = 1900\", function () {\r","    pm.expect(json.saida.ListaFilaDerivacao[0].CDN).to.eql(\"1900\");\r","});\r","\r","pm.test(\"ListaFilaDerivacao.RoutingPoint = 3073\", function () {\r","    pm.expect(json.saida.ListaFilaDerivacao[0].RoutingPoint).to.eql(\"3073\");\r","});\r",""],"type":"text/javascript","id":"97b7ed86-beea-43f1-bbb5-d5c6b31eb586"}}],"id":"04511b75-55d9-483d-a55e-e80c96ee4f2d","protocolProfileBehavior":{"disableBodyPruning":true},"request":{"auth":{"type":"noauth"},"method":"POST","header":[{"key":"Content-Type","name":"Content-Type","type":"text","value":"application/json"},{"key":"Accept","type":"text","value":"application/json"},{"key":"Authorization","type":"text","value":"Bearer {{client_bearer_bre}}"}],"body":{"mode":"raw","raw":"{\r\n   \"entrada\": {\r\n         \"Cliente\": {\r\n            \"Conta\": {\r\n                \"Agencia\": 0,\r\n                \"Conta\": 0,\r\n                \"DAC\": 0,\r\n                \"Segmento\": \"\"\r\n            },\r\n            \"CpfCnpj\": 0,\r\n            \"Pessoa\": \"\"\r\n        },\r\n        \"Telefone\":{\r\n   \t    \t\"DDI\":0,\r\n   \t    \t\"DDD\":0,\r\n   \t    \t\"Telefone\":0\r\n   \t    },\r\n   \t    \"Sigla\":\"XX\",\r\n   \t    \"Aplicacao\":\"chat-mobile\",\r\n   \t    \"Usuario\":\"\",\r\n   \t    \"Inventario\":\"\",\r\n   \t    \"Parametro\":\"\",\r\n   \t    \"Feature\":\"\",\r\n        \"ListaVariavel\":[{\r\n   \t    \t\"nome\":\"UF\",\r\n   \t    \t\"valor\":\"SP\"\r\n   \t    }]\r\n    }\r\n}"},"url":{"raw":"https://{{url_bre}}:443/DecisionService/rest/bre_hc8canaryrelease/1.0/parametrizacao","protocol":"https","host":["{{url_bre}}"],"port":"443","path":["DecisionService","rest","bre_hc8canaryrelease","1.0","parametrizacao"]}},"response":[]},{"name":"piloto SIM (estado)","event":[{"listen":"test","script":{"exec":["var json = JSON.parse(responseBody);\r","\r","pm.test(\"ListaFilaDerivacao.CDN = 1900\", function () {\r","    pm.expect(json.saida.ListaFilaDerivacao[0].CDN).to.eql(\"1900\");\r","});\r","\r","pm.test(\"ListaFilaDerivacao.RoutingPoint = 3073\", function () {\r","    pm.expect(json.saida.ListaFilaDerivacao[0].RoutingPoint).to.eql(\"3073\");\r","});\r",""],"type":"text/javascript","id":"1dc9f27c-cbb5-4737-ba98-a8b5e98367b1"}}],"id":"27ddb53f-47fe-4fff-ad98-e87b1daeb06a","protocolProfileBehavior":{"disableBodyPruning":true},"request":{"auth":{"type":"noauth"},"method":"POST","header":[{"key":"Content-Type","name":"Content-Type","type":"text","value":"application/json"},{"key":"Accept","type":"text","value":"application/json"},{"key":"Authorization","type":"text","value":"Bearer {{client_bearer_bre}}"}],"body":{"mode":"raw","raw":"{\r\n   \"entrada\": {\r\n   \t    \"Sigla\":\"XX\",\r\n   \t    \"Aplicacao\":\"chat-mobile\",\r\n   \t    \"Usuario\":\"\",\r\n   \t    \"Inventario\":\"\",\r\n   \t    \"Parametro\":\"\",\r\n   \t    \"Feature\":\"\",\r\n   \t    \"ListaVariavel\":[{\r\n   \t    \t\"nome\":\"UF\",\r\n   \t    \t\"valor\":\"MG\"\r\n   \t    }]\r\n    }\r\n}"},"url":{"raw":"https://{{url_bre}}:443/DecisionService/rest/bre_hc8canaryrelease/1.0/parametrizacao","protocol":"https","host":["{{url_bre}}"],"port":"443","path":["DecisionService","rest","bre_hc8canaryrelease","1.0","parametrizacao"]}},"response":[]},{"name":"piloto NAO (estado)","event":[{"listen":"test","script":{"exec":["var json = JSON.parse(responseBody);\r","\r","pm.test(\"ListaFilaDerivacao.CDN = 1900\", function () {\r","    pm.expect(json.saida.ListaFilaDerivacao[0].CDN).to.eql(\"1900\");\r","});\r","\r","pm.test(\"ListaFilaDerivacao.RoutingPoint = 3073\", function () {\r","    pm.expect(json.saida.ListaFilaDerivacao[0].RoutingPoint).to.eql(\"3073\");\r","});\r",""],"type":"text/javascript","id":"072fa899-5013-4e60-80a5-f5f3f6e21ea3"}}],"id":"164aa8b0-65fe-4c20-b6e1-f78d932a7372","protocolProfileBehavior":{"disableBodyPruning":true},"request":{"auth":{"type":"noauth"},"method":"POST","header":[{"key":"Content-Type","name":"Content-Type","type":"text","value":"application/json"},{"key":"Accept","type":"text","value":"application/json"},{"key":"Authorization","type":"text","value":"Bearer {{client_bearer_bre}}"}],"body":{"mode":"raw","raw":"{\r\n   \"entrada\": {\r\n   \t    \"Sigla\":\"XX\",\r\n   \t    \"Aplicacao\":\"chat-mobile\",\r\n   \t    \"Usuario\":\"\",\r\n   \t    \"Inventario\":\"\",\r\n   \t    \"Parametro\":\"\",\r\n   \t    \"Feature\":\"\",\r\n   \t    \"ListaVariavel\":[{\r\n   \t    \t\"nome\":\"UF\",\r\n   \t    \t\"valor\":\"SP\"\r\n   \t    }]\r\n    }\r\n}"},"url":{"raw":"https://{{url_bre}}:443/DecisionService/rest/bre_hc8canaryrelease/1.0/parametrizacao","protocol":"https","host":["{{url_bre}}"],"port":"443","path":["DecisionService","rest","bre_hc8canaryrelease","1.0","parametrizacao"]}},"response":[]},{"name":"boleto SIM Copy 4","event":[{"listen":"test","script":{"exec":["var json = JSON.parse(responseBody);\r","\r","pm.test(\"ListaFilaDerivacao.CDN = 1900\", function () {\r","    pm.expect(json.saida.ListaFilaDerivacao[0].CDN).to.eql(\"1900\");\r","});\r","\r","pm.test(\"ListaFilaDerivacao.RoutingPoint = 3073\", function () {\r","    pm.expect(json.saida.ListaFilaDerivacao[0].RoutingPoint).to.eql(\"3073\");\r","});\r",""],"type":"text/javascript","id":"55aadb4c-6e07-44a9-970d-d6a4d3715606"}}],"id":"8617e875-e001-46dd-b826-232748a2ac8d","protocolProfileBehavior":{"disableBodyPruning":true},"request":{"auth":{"type":"noauth"},"method":"POST","header":[{"key":"Content-Type","name":"Content-Type","type":"text","value":"application/json"},{"key":"Accept","type":"text","value":"application/json"},{"key":"Authorization","type":"text","value":"Bearer {{client_bearer_bre}}"}],"body":{"mode":"raw","raw":"{\r\n   \"entrada\": {\r\n   \t     \"Cliente\": {\r\n            \"Conta\": {\r\n                \"Agencia\": 0,\r\n                \"Conta\": 0,\r\n                \"DAC\": 0,\r\n                \"Segmento\": \"\"\r\n            },\r\n            \"CpfCnpj\": 0,\r\n            \"Pessoa\": \"\"\r\n        },\r\n        \"Telefone\":{\r\n   \t    \t\"DDI\":55,\r\n   \t    \t\"DDD\":11,\r\n   \t    \t\"Telefone\":999998047\r\n   \t    },\r\n   \t    \"Sigla\":\"XX\",\r\n   \t    \"Aplicacao\":\"chat-mobile\",\r\n   \t    \"Usuario\":\"\",\r\n   \t    \"Inventario\":\"\",\r\n   \t    \"Parametro\":\"\",\r\n   \t    \"Feature\":\"\",\r\n   \t   \"ListaVariavel\":[{\r\n   \t    \t\"nome\":\"UF\",\r\n   \t    \t\"valor\":\"SP\"\r\n   \t    },{\r\n   \t    \t\"nome\":\"saldo-conta-corrente\",\r\n   \t    \t\"valor\":5000\r\n   \t    }],\r\n   \t    \"Data\": \"2021-10-07T13:17:00.000+0000\",\r\n   \t    \"TraceAtivo\":false\r\n    }\r\n}"},"url":{"raw":"https://{{url_bre}}:443/DecisionService/rest/bre_hc8canaryrelease/1.0/parametrizacao","protocol":"https","host":["{{url_bre}}"],"port":"443","path":["DecisionService","rest","bre_hc8canaryrelease","1.0","parametrizacao"]}},"response":[]}],"id":"c78bfde0-fab6-4778-8c49-a5821f6adcac"}],"id":"a21d6623-2ed1-46eb-8536-12014d573a76"}]}