{"info":{"_postman_id":"ec792aca-fb68-4c1c-8e28-a5f687c26c85","name":"BRE-Credito-Imobiliario","schema":"https://schema.getpostman.com/json/collection/v2.1.0/collection.json"},"item":[{"name":"Listar","event":[{"listen":"test","script":{"id":"de696861-c6fb-470a-9282-6bf18bf60578","exec":["var json = JSON.parse(responseBody);\r","\r","pm.test(\"ListaFilaDerivacao.CDN = 1900\", function () {\r","    pm.expect(json.saida.ListaFilaDerivacao[0].CDN).to.eql(\"1900\");\r","});\r","\r","pm.test(\"ListaFilaDerivacao.RoutingPoint = 3073\", function () {\r","    pm.expect(json.saida.ListaFilaDerivacao[0].RoutingPoint).to.eql(\"3073\");\r","});\r",""],"type":"text/javascript"}}],"id":"0ae150d4-3a01-44a5-af3e-1f7df7d2b0fd","protocolProfileBehavior":{"disableBodyPruning":true},"request":{"auth":{"type":"noauth"},"method":"POST","header":[{"key":"Content-Type","name":"Content-Type","type":"text","value":"application/json"},{"key":"Accept","type":"text","value":"application/json"},{"key":"Authorization","type":"text","value":"Bearer {{client_bearer_bre}}"}],"body":{"mode":"raw","raw":"{\n    \"entrada\": {\n        \"Org\": \"\",\n        \"Admin\": \"\",\n        \"CDN\": \"\",\n        \"URA\": {\n            \"Ip\": \"\",\n            \"Porta\": \"\",\n            \"Feriado\": \"\"\n        },\n        \"Menu\": {\n            \"Arvore\": \"\",\n            \"Visivel\": \"\",\n            \"Digitacao\": \"\"\n        },\n       \"TipoPessoa\": \"\",\n        \"Data\":\"\",\n        \"Hora\":\"\",\n        \"DiaSemana\":\"\",\n        \"Historico\":{\n        \t\"ListaVoiceBanner\":[{\n        \t\t\"Frase\":\"5\",\n        \t\t\"Cut\":\"\",\n        \t\t\"Opcao\":\"\",\n        \t\t\"Servico\":\"\",\n        \t\t\"Data\":\"2021-09-15T11:00:00.000-0300\"\n        \t},{\n        \t\t\"Frase\":\"4\",\n        \t\t\"Cut\":\"\",\n        \t\t\"Opcao\":\"\",\n        \t\t\"Servico\":\"\",\n        \t\t\"Data\":\"2021-09-12T13:17:00.000-0300\"\n        \t}]\n        }\n        \n    }\n}"},"url":{"raw":"https://{{url_bre}}:443/DecisionService/rest/bre_creditoimobiliario/1.0/saida_credito_imobiliario","protocol":"https","host":["{{url_bre}}"],"port":"443","path":["DecisionService","rest","bre_creditoimobiliario","1.0","saida_credito_imobiliario"]}},"response":[]}]}