{"info":{"_postman_id":"fa41762c-84ab-4b89-a40e-54d988f362a4","name":"Venda Tudo","schema":"https://schema.getpostman.com/json/collection/v2.1.0/collection.json"},"item":[{"name":"ConsultarMotivosResposta","item":[{"name":"CRT01C","id":"b84f37ea-72a7-46f1-a007-7c16c500b447","protocolProfileBehavior":{"disableBodyPruning":true},"request":{"method":"POST","header":[{"key":"Content-Type","value":" text/xml; charset=utf-8","type":"text"}],"body":{"mode":"raw","raw":"<?xml version=\"1.0\" encoding=\"utf-8\"?>\r\n<soap:Envelope xmlns:xsi=\"http://www.w3.org/2001/XMLSchema-instance\" xmlns:xsd=\"http://www.w3.org/2001/XMLSchema\" xmlns:soap=\"http://schemas.xmlsoap.org/soap/envelope/\">\r\n  <soap:Body>\r\n    <ConsultarMotivosResposta xmlns=\"http://tempuri.org/\">\r\n      <_xmlDocParametros><ROOT xmlns=\"\">\r\n            <CLIENTE>\r\n              <CTREGID></CTREGID>\r\n            </CLIENTE>\r\n            <CAMPANHA>\r\n              <CTACAO>L7</CTACAO>\r\n              <CTCAMPANHA>ATENDIMENTO</CTCAMPANHA>\r\n              <CTEMP>FN</CTEMP>\r\n              <CTCANAL>CF</CTCANAL>\r\n            </CAMPANHA>\r\n            <OFERTAS>\r\n              <OFERTA>\r\n                <CTCPFOF>00005201005225</CTCPFOF>\r\n                <CTCANALELE>091</CTCANALELE>\r\n                <CTPRDWAR>CRT</CTPRDWAR>\r\n                <CTSBPWAR>01C</CTSBPWAR>\r\n                <CTTPBANOF>004</CTTPBANOF>\r\n                <CTCODBANOF>341</CTCODBANOF>\r\n                <CTAGOF></CTAGOF>\r\n                <CTCCOF></CTCCOF>\r\n                <CTDACOF></CTDACOF>\r\n                <CTSTATUSWAR>S</CTSTATUSWAR>\r\n              </OFERTA>\r\n            </OFERTAS>\r\n          </ROOT>\r\n          </_xmlDocParametros>\r\n    </ConsultarMotivosResposta>\r\n  </soap:Body>\r\n</soap:Envelope>","options":{"raw":{"language":"xml"}}},"url":{"raw":"https://vendatudo.itau/CTVTD_WS/CTVTD_WS.asmx?op=ConsultarMotivosResposta","protocol":"https","host":["vendatudo","itau"],"path":["CTVTD_WS","CTVTD_WS.asmx"],"query":[{"key":"op","value":"ConsultarMotivosResposta"}]}},"response":[]},{"name":"CCRAPR","id":"22d47eee-9113-419c-8910-f38fdc8e3ede","protocolProfileBehavior":{"disableBodyPruning":true},"request":{"method":"POST","header":[{"key":"Content-Type","value":" text/xml; charset=utf-8","type":"text"}],"body":{"mode":"raw","raw":"<?xml version=\"1.0\" encoding=\"utf-8\"?>\r\n<soap:Envelope xmlns:xsi=\"http://www.w3.org/2001/XMLSchema-instance\" xmlns:xsd=\"http://www.w3.org/2001/XMLSchema\" xmlns:soap=\"http://schemas.xmlsoap.org/soap/envelope/\">\r\n  <soap:Body>\r\n    <ConsultarMotivosResposta xmlns=\"http://tempuri.org/\">\r\n      <_xmlDocParametros><ROOT xmlns=\"\">\r\n            <CLIENTE>\r\n              <CTREGID></CTREGID>\r\n            </CLIENTE>\r\n            <CAMPANHA>\r\n              <CTACAO>L7</CTACAO>\r\n              <CTCAMPANHA>ATENDIMENTO</CTCAMPANHA>\r\n              <CTEMP>FN</CTEMP>\r\n              <CTCANAL>CF</CTCANAL>\r\n            </CAMPANHA>\r\n            <OFERTAS>\r\n              <OFERTA>\r\n                <CTCPFOF>00005201005225</CTCPFOF>\r\n                <CTCANALELE>091</CTCANALELE>\r\n                <CTPRDWAR>CCR</CTPRDWAR>\r\n                <CTSBPWAR>APR</CTSBPWAR>\r\n                <CTTPBANOF>004</CTTPBANOF>\r\n                <CTCODBANOF>341</CTCODBANOF>\r\n                <CTAGOF></CTAGOF>\r\n                <CTCCOF></CTCCOF>\r\n                <CTDACOF></CTDACOF>\r\n                <CTSTATUSWAR>S</CTSTATUSWAR>\r\n              </OFERTA>\r\n            </OFERTAS>\r\n          </ROOT>\r\n          </_xmlDocParametros>\r\n    </ConsultarMotivosResposta>\r\n  </soap:Body>\r\n</soap:Envelope>","options":{"raw":{"language":"xml"}}},"url":{"raw":"https://vendatudo.itau/CTVTD_WS/CTVTD_WS.asmx?op=ConsultarMotivosResposta","protocol":"https","host":["vendatudo","itau"],"path":["CTVTD_WS","CTVTD_WS.asmx"],"query":[{"key":"op","value":"ConsultarMotivosResposta"}]}},"response":[]},{"name":"CCR034","id":"90526f3d-fd28-49ac-a4ea-fdea7dc10646","protocolProfileBehavior":{"disableBodyPruning":true},"request":{"method":"POST","header":[{"key":"Content-Type","value":" text/xml; charset=utf-8","type":"text"}],"body":{"mode":"raw","raw":"<?xml version=\"1.0\" encoding=\"utf-8\"?>\r\n<soap:Envelope xmlns:xsi=\"http://www.w3.org/2001/XMLSchema-instance\" xmlns:xsd=\"http://www.w3.org/2001/XMLSchema\" xmlns:soap=\"http://schemas.xmlsoap.org/soap/envelope/\">\r\n  <soap:Body>\r\n    <ConsultarMotivosResposta xmlns=\"http://tempuri.org/\">\r\n      <_xmlDocParametros><ROOT xmlns=\"\">\r\n            <CLIENTE>\r\n              <CTREGID></CTREGID>\r\n            </CLIENTE>\r\n            <CAMPANHA>\r\n              <CTACAO>L7</CTACAO>\r\n              <CTCAMPANHA>ATENDIMENTO</CTCAMPANHA>\r\n              <CTEMP>FN</CTEMP>\r\n              <CTCANAL>CF</CTCANAL>\r\n            </CAMPANHA>\r\n            <OFERTAS>\r\n              <OFERTA>\r\n                <CTCPFOF>00005201005225</CTCPFOF>\r\n                <CTCANALELE>091</CTCANALELE>\r\n                <CTPRDWAR>CCR</CTPRDWAR>\r\n                <CTSBPWAR>B34</CTSBPWAR>\r\n                <CTTPBANOF>004</CTTPBANOF>\r\n                <CTCODBANOF>341</CTCODBANOF>\r\n                <CTAGOF></CTAGOF>\r\n                <CTCCOF></CTCCOF>\r\n                <CTDACOF></CTDACOF>\r\n                <CTSTATUSWAR>S</CTSTATUSWAR>\r\n              </OFERTA>\r\n            </OFERTAS>\r\n          </ROOT>\r\n          </_xmlDocParametros>\r\n    </ConsultarMotivosResposta>\r\n  </soap:Body>\r\n</soap:Envelope>","options":{"raw":{"language":"xml"}}},"url":{"raw":"https://vendatudo.itau/CTVTD_WS/CTVTD_WS.asmx?op=ConsultarMotivosResposta","protocol":"https","host":["vendatudo","itau"],"path":["CTVTD_WS","CTVTD_WS.asmx"],"query":[{"key":"op","value":"ConsultarMotivosResposta"}]}},"response":[]},{"name":"CRTMPJ","id":"2fbe9b31-5649-4678-ab59-44e847536c55","protocolProfileBehavior":{"disableBodyPruning":true},"request":{"method":"POST","header":[{"key":"Content-Type","value":" text/xml; charset=utf-8","type":"text"}],"body":{"mode":"raw","raw":"<?xml version=\"1.0\" encoding=\"utf-8\"?>\r\n<soap:Envelope xmlns:xsi=\"http://www.w3.org/2001/XMLSchema-instance\" xmlns:xsd=\"http://www.w3.org/2001/XMLSchema\" xmlns:soap=\"http://schemas.xmlsoap.org/soap/envelope/\">\r\n  <soap:Body>\r\n    <ConsultarMotivosResposta xmlns=\"http://tempuri.org/\">\r\n      <_xmlDocParametros><ROOT xmlns=\"\">\r\n            <CLIENTE>\r\n              <CTREGID></CTREGID>\r\n            </CLIENTE>\r\n            <CAMPANHA>\r\n              <CTACAO>L7</CTACAO>\r\n              <CTCAMPANHA>ATENDIMENTO</CTCAMPANHA>\r\n              <CTEMP>FN</CTEMP>\r\n              <CTCANAL>CF</CTCANAL>\r\n            </CAMPANHA>\r\n            <OFERTAS>\r\n              <OFERTA>\r\n                <CTCPFOF>00005201005225</CTCPFOF>\r\n                <CTCANALELE>091</CTCANALELE>\r\n                <CTPRDWAR>CCR</CTPRDWAR>\r\n                <CTSBPWAR>B34</CTSBPWAR>\r\n                <CTTPBANOF>004</CTTPBANOF>\r\n                <CTCODBANOF>341</CTCODBANOF>\r\n                <CTAGOF></CTAGOF>\r\n                <CTCCOF></CTCCOF>\r\n                <CTDACOF></CTDACOF>\r\n                <CTSTATUSWAR>S</CTSTATUSWAR>\r\n              </OFERTA>\r\n            </OFERTAS>\r\n          </ROOT>\r\n          </_xmlDocParametros>\r\n    </ConsultarMotivosResposta>\r\n  </soap:Body>\r\n</soap:Envelope>","options":{"raw":{"language":"xml"}}},"url":{"raw":"https://vendatudo.itau/CTVTD_WS/CTVTD_WS.asmx?op=ConsultarMotivosResposta","protocol":"https","host":["vendatudo","itau"],"path":["CTVTD_WS","CTVTD_WS.asmx"],"query":[{"key":"op","value":"ConsultarMotivosResposta"}]}},"response":[]},{"name":"CRTTJ1","id":"f7183e74-d0a3-448c-b45f-a647853181f4","protocolProfileBehavior":{"disableBodyPruning":true},"request":{"method":"POST","header":[{"key":"Content-Type","value":" text/xml; charset=utf-8","type":"text"}],"body":{"mode":"raw","raw":"<?xml version=\"1.0\" encoding=\"utf-8\"?>\r\n<soap:Envelope xmlns:xsi=\"http://www.w3.org/2001/XMLSchema-instance\" xmlns:xsd=\"http://www.w3.org/2001/XMLSchema\" xmlns:soap=\"http://schemas.xmlsoap.org/soap/envelope/\">\r\n  <soap:Body>\r\n    <ConsultarMotivosResposta xmlns=\"http://tempuri.org/\">\r\n      <_xmlDocParametros><ROOT xmlns=\"\">\r\n            <CLIENTE>\r\n              <CTREGID></CTREGID>\r\n            </CLIENTE>\r\n            <CAMPANHA>\r\n              <CTACAO>L7</CTACAO>\r\n              <CTCAMPANHA>ATENDIMENTO</CTCAMPANHA>\r\n              <CTEMP>FN</CTEMP>\r\n              <CTCANAL>CF</CTCANAL>\r\n            </CAMPANHA>\r\n            <OFERTAS>\r\n              <OFERTA>\r\n                <CTCPFOF>00005201005225</CTCPFOF>\r\n                <CTCANALELE>091</CTCANALELE>\r\n                <CTPRDWAR>CCR</CTPRDWAR>\r\n                <CTSBPWAR>TJ1</CTSBPWAR>\r\n                <CTTPBANOF>004</CTTPBANOF>\r\n                <CTCODBANOF>341</CTCODBANOF>\r\n                <CTAGOF></CTAGOF>\r\n                <CTCCOF></CTCCOF>\r\n                <CTDACOF></CTDACOF>\r\n                <CTSTATUSWAR>S</CTSTATUSWAR>\r\n              </OFERTA>\r\n            </OFERTAS>\r\n          </ROOT>\r\n          </_xmlDocParametros>\r\n    </ConsultarMotivosResposta>\r\n  </soap:Body>\r\n</soap:Envelope>","options":{"raw":{"language":"xml"}}},"url":{"raw":"https://vendatudo.itau/CTVTD_WS/CTVTD_WS.asmx?op=ConsultarMotivosResposta","protocol":"https","host":["vendatudo","itau"],"path":["CTVTD_WS","CTVTD_WS.asmx"],"query":[{"key":"op","value":"ConsultarMotivosResposta"}]}},"response":[]}],"id":"00361493-f763-4b2e-bb6b-00ef85d9f727"}]}